article_id,topic,word_count,sentiment_score,source_credibility,num_exclamations,has_author,capital_word_ratio,share_count,label
1,,336.0,0.428,2.78,1.0,1.0,0.289,207.0,Fake
2,Technology,318.0,0.918,3.18,6.0,0.0,0.133,332.0,Fake
3,Sports,454.0,0.491,5.31,1.0,1.0,0.073,,Real
4,Politics,297.0,-0.515,,5.0,1.0,0.23,6231.0,Fake
5,Sports,417.0,0.597,,3.0,0.0,0.199,3627.0,Fake
6,Technology,392.0,,5.32,2.0,0.0,0.458,306.0,Fake
7,Health,244.0,0.991,4.61,2.0,0.0,0.247,1133.0,Fake
8,Politics,701.0,0.367,6.84,0.0,1.0,0.129,1743.0,Real
9,Science,422.0,-0.076,8.08,1.0,1.0,0.041,304.0,Real
10,Politics,605.0,-0.316,6.55,3.0,1.0,0.098,144.0,Real
11,Sports,111.0,0.254,4.55,10.0,1.0,0.302,4052.0,Fake
12,Entertainment,562.0,0.033,8.01,1.0,1.0,0.146,322.0,Real
13,Health,691.0,,,0.0,0.0,0.028,,Real
14,,356.0,0.216,3.36,6.0,1.0,0.227,661.0,Fake
15,Economy,257.0,0.21,0.82,9.0,0.0,0.252,12.0,Fake
16,Health,165.0,0.262,3.15,3.0,0.0,0.396,4116.0,Fake
17,Science,617.0,-0.116,6.98,1.0,0.0,0.146,1051.0,Real
18,Technology,571.0,0.023,6.24,9.0,0.0,0.391,1109.0,Fake
19,,518.0,0.112,9.02,0.0,1.0,0.031,2087.0,Real
20,Sports,204.0,-0.18,1.98,7.0,1.0,0.149,642.0,Fake
21,Politics,356.0,-0.676,4.8,,1.0,0.45,693.0,Fake
22,Technology,382.0,-0.022,1.78,5.0,1.0,0.275,,Fake
23,Health,,-0.342,2.75,6.0,0.0,0.193,1984.0,Fake
24,Sports,177.0,-0.527,3.3,2.0,1.0,0.19,1343.0,Fake
25,Sports,,0.363,6.81,,1.0,0.003,67.0,Real
26,Politics,360.0,-0.344,4.83,0.0,1.0,0.08,850.0,Real
27,Entertainment,442.0,0.344,7.05,0.0,1.0,0.161,330.0,Real
28,Politics,416.0,-0.551,2.59,4.0,1.0,0.397,991.0,Fake
29,,108.0,-0.769,,3.0,0.0,0.29,9951.0,Fake
30,Politics,427.0,0.381,,1.0,1.0,0.0,444.0,Real
31,Politics,610.0,0.212,4.06,0.0,0.0,0.093,,Real
32,Politics,580.0,0.332,8.03,0.0,1.0,0.104,227.0,Real
33,Technology,377.0,-0.831,3.76,5.0,0.0,0.417,1344.0,Fake
34,Politics,269.0,0.173,3.72,0.0,,0.161,1408.0,Fake
35,Politics,603.0,0.371,5.14,1.0,1.0,0.052,1263.0,Real
36,Politics,363.0,0.768,4.37,4.0,0.0,0.237,,Fake
37,Economy,656.0,0.035,5.93,0.0,1.0,0.047,190.0,Real
38,Technology,115.0,-0.662,4.15,2.0,0.0,0.367,433.0,Fake
39,Politics,371.0,0.352,6.34,0.0,1.0,0.04,1346.0,Real
40,Economy,598.0,-0.272,6.71,0.0,,0.134,1181.0,Real
41,Technology,636.0,0.136,6.9,,1.0,0.017,1611.0,Real
42,Politics,594.0,0.072,7.01,1.0,0.0,0.072,304.0,Real
43,Technology,288.0,-0.65,4.03,6.0,1.0,0.25,959.0,Fake
44,Entertainment,465.0,-0.361,,2.0,1.0,,1071.0,Real
45,Sports,489.0,-0.216,4.41,0.0,1.0,0.1,133.0,Real
46,Sports,391.0,0.185,6.67,0.0,0.0,,631.0,Real
47,Health,180.0,-0.469,4.45,4.0,0.0,0.067,2117.0,Fake
48,Science,575.0,-0.081,5.62,0.0,1.0,0.104,165.0,Real
49,Technology,591.0,0.401,9.96,0.0,1.0,0.106,365.0,Real
50,Health,157.0,0.676,4.64,7.0,0.0,0.301,56.0,Fake
51,Technology,,0.309,8.13,0.0,1.0,0.026,366.0,Real
52,Health,477.0,0.069,6.16,4.0,0.0,0.24,291.0,Fake
53,Politics,340.0,0.67,3.17,5.0,0.0,0.311,4269.0,Fake
54,Economy,,-0.056,7.74,2.0,1.0,0.161,91.0,Real
55,Economy,396.0,0.969,0.44,8.0,0.0,0.308,419.0,Fake
56,Sports,459.0,0.709,4.72,3.0,1.0,0.226,1018.0,Fake
57,Health,505.0,0.174,4.2,1.0,1.0,0.19,522.0,Fake
58,Entertainment,605.0,-0.373,5.67,2.0,0.0,0.014,,Real
59,Economy,646.0,-0.042,5.69,0.0,,0.074,2132.0,Real
60,Politics,690.0,0.127,6.85,0.0,1.0,0.041,380.0,Real
61,Health,50.0,-0.549,3.62,6.0,0.0,,1333.0,Fake
62,Entertainment,748.0,0.327,6.43,1.0,1.0,0.0,1112.0,Real
63,Science,735.0,0.179,5.71,0.0,,0.071,135.0,Real
64,Entertainment,222.0,0.927,4.42,4.0,0.0,0.349,2571.0,Fake
65,Entertainment,98.0,0.88,3.43,4.0,1.0,0.197,199.0,Fake
66,Politics,902.0,-0.434,9.07,1.0,1.0,0.0,535.0,Real
67,Health,223.0,0.524,,6.0,0.0,0.281,1928.0,Fake
68,Politics,569.0,0.005,7.22,2.0,0.0,0.169,23.0,Real
69,,543.0,0.355,7.74,0.0,1.0,0.0,369.0,Real
70,Entertainment,518.0,-0.038,7.77,1.0,1.0,0.0,1575.0,Real
71,,198.0,0.834,0.22,7.0,0.0,,1352.0,Fake
72,Politics,542.0,,6.83,1.0,0.0,0.102,473.0,Real
73,Health,,-0.38,6.75,0.0,1.0,0.2,476.0,Real
74,Politics,83.0,-0.662,3.8,3.0,0.0,0.192,536.0,Fake
75,Economy,734.0,-0.248,7.02,0.0,1.0,0.041,298.0,Real
76,Entertainment,543.0,-0.095,,0.0,1.0,0.08,13.0,Real
77,Sports,401.0,0.894,2.63,,0.0,0.211,862.0,Fake
78,Economy,347.0,-0.242,4.66,2.0,1.0,0.27,10490.0,Fake
79,Politics,,0.071,8.12,,1.0,0.073,,Real
80,,232.0,-0.332,3.67,7.0,1.0,0.252,2344.0,Fake
81,Technology,705.0,-0.228,4.38,4.0,1.0,0.255,,Fake
82,,692.0,0.392,,1.0,0.0,0.062,49.0,Real
83,Entertainment,322.0,-0.962,4.94,4.0,0.0,0.215,4072.0,Fake
84,Sports,346.0,-0.386,5.14,3.0,1.0,0.324,2083.0,Fake
85,Politics,,-0.255,9.07,1.0,1.0,0.012,227.0,Real
86,Politics,598.0,-0.466,7.66,2.0,1.0,0.088,698.0,Real
87,Entertainment,,-0.89,6.68,8.0,0.0,0.402,1611.0,Fake
88,Politics,264.0,-0.608,3.74,5.0,0.0,0.245,1316.0,Fake
89,Sports,498.0,-0.247,9.27,1.0,1.0,0.14,672.0,Real
90,Technology,398.0,-0.544,3.38,5.0,0.0,0.321,338.0,Fake
91,Entertainment,633.0,-0.386,,2.0,1.0,0.103,463.0,Real
92,Health,549.0,0.178,7.42,2.0,0.0,0.116,627.0,Real
93,Politics,334.0,-0.289,2.7,8.0,0.0,0.306,3785.0,Fake
94,,339.0,-0.441,4.36,2.0,1.0,0.355,805.0,Fake
95,Politics,324.0,-0.478,4.05,6.0,1.0,0.198,5491.0,Fake
96,Politics,208.0,0.684,,10.0,1.0,0.09,923.0,Fake
97,Technology,187.0,0.654,4.69,5.0,0.0,0.368,,Fake
98,Health,213.0,-0.01,1.4,10.0,0.0,0.153,907.0,Fake
99,Entertainment,179.0,-0.795,2.28,3.0,1.0,0.309,789.0,Fake
100,Entertainment,635.0,-0.321,5.42,2.0,1.0,0.083,42.0,Real
101,Sports,435.0,0.398,9.01,1.0,1.0,,1091.0,Real
102,Sports,521.0,,8.14,4.0,1.0,0.11,320.0,Real
103,Technology,,0.536,3.92,5.0,1.0,0.069,557.0,Fake
104,Health,353.0,0.115,2.97,4.0,0.0,,53.0,Fake
105,Science,716.0,-0.217,9.27,0.0,1.0,0.139,862.0,Real
106,Politics,277.0,-0.231,4.99,1.0,0.0,0.317,329.0,Fake
107,Health,,0.794,4.85,7.0,1.0,0.361,1329.0,Fake
108,Politics,197.0,0.442,5.46,0.0,1.0,0.209,,Real
109,Technology,354.0,0.946,0.8,4.0,0.0,,1405.0,Fake
110,Sports,530.0,0.241,10.0,1.0,0.0,0.155,1242.0,Real
111,Technology,594.0,0.492,7.38,0.0,1.0,0.041,411.0,Real
112,Health,381.0,0.012,2.54,7.0,0.0,0.323,438.0,Fake
113,Health,529.0,0.327,,2.0,0.0,0.071,244.0,Real
114,,462.0,-0.322,7.31,1.0,0.0,0.058,,Real
115,Entertainment,762.0,0.332,7.57,1.0,1.0,0.065,293.0,Real
116,Sports,330.0,0.631,2.5,8.0,0.0,0.331,5032.0,Fake
117,Entertainment,430.0,,2.79,8.0,0.0,0.219,322.0,Fake
118,Economy,528.0,-0.184,8.99,0.0,1.0,0.124,470.0,Real
119,Politics,425.0,,7.27,1.0,1.0,0.087,1389.0,Real
120,,413.0,0.497,5.69,3.0,1.0,0.096,908.0,Real
121,Sports,283.0,0.504,2.26,5.0,0.0,0.024,7157.0,Fake
122,Entertainment,149.0,-0.248,5.44,4.0,1.0,,772.0,Fake
123,Technology,642.0,-0.471,6.49,0.0,1.0,0.062,693.0,Real
124,Sports,813.0,-0.476,5.99,0.0,1.0,0.097,544.0,Real
125,Sports,540.0,-0.119,6.41,,0.0,0.161,,Real
126,Technology,406.0,-0.507,6.99,6.0,1.0,0.346,1978.0,Fake
127,Entertainment,537.0,-0.466,7.56,0.0,1.0,0.111,,Real
128,Politics,400.0,-0.441,3.36,8.0,1.0,0.184,,Fake
129,Entertainment,735.0,0.079,9.13,1.0,0.0,0.089,390.0,Real
130,Health,438.0,-0.962,1.18,5.0,0.0,0.274,,Fake
131,Entertainment,211.0,-0.403,3.85,4.0,0.0,0.264,1100.0,Fake
132,Entertainment,574.0,-0.301,6.99,0.0,1.0,0.041,255.0,Real
133,Entertainment,627.0,0.476,6.68,0.0,1.0,0.072,1011.0,Real
134,Entertainment,330.0,0.617,3.47,6.0,0.0,,235.0,Fake
135,Politics,729.0,-0.427,8.2,1.0,1.0,0.103,394.0,Real
136,Politics,300.0,0.04,2.95,7.0,0.0,0.257,376.0,Fake
137,Health,389.0,-0.445,9.11,0.0,1.0,0.011,369.0,Real
138,Science,439.0,0.419,7.67,1.0,1.0,0.093,,Real
139,Entertainment,564.0,0.417,7.12,3.0,1.0,0.159,136.0,Real
140,Politics,,-0.869,0.0,4.0,0.0,0.394,27.0,Fake
141,Entertainment,553.0,-0.085,6.71,2.0,1.0,0.089,579.0,Real
142,Sports,393.0,-0.316,4.03,2.0,1.0,0.244,322.0,Fake
143,Economy,666.0,0.41,6.2,0.0,1.0,0.085,179.0,Real
144,Politics,283.0,0.065,4.3,2.0,0.0,,,Fake
145,Economy,280.0,-0.667,4.14,4.0,0.0,0.203,173.0,Fake
146,Politics,244.0,-0.324,4.83,5.0,0.0,0.214,368.0,Fake
147,,461.0,0.313,8.21,0.0,1.0,0.015,189.0,Real
148,Entertainment,549.0,0.472,,0.0,1.0,0.024,2189.0,Real
149,,339.0,-0.524,4.99,4.0,1.0,0.242,51.0,Fake
150,Sports,556.0,-0.052,4.91,,1.0,0.17,2165.0,Real
151,Politics,665.0,0.378,5.78,0.0,1.0,0.129,1590.0,Real
152,Politics,558.0,0.788,5.45,4.0,0.0,0.238,319.0,Fake
153,Sports,401.0,-0.108,,1.0,1.0,0.072,,Real
154,Science,512.0,-0.469,0.61,5.0,0.0,0.133,,Fake
155,Sports,531.0,-0.112,7.32,1.0,1.0,0.156,646.0,Real
156,Sports,415.0,-0.046,9.65,1.0,1.0,0.0,341.0,Real
157,Economy,399.0,-0.899,4.4,6.0,0.0,0.258,152.0,Fake
158,Health,448.0,0.462,3.4,4.0,0.0,0.27,1916.0,Fake
159,Health,199.0,0.736,,7.0,0.0,0.347,1489.0,Fake
160,Entertainment,529.0,0.823,4.64,6.0,0.0,0.324,866.0,Fake
161,Entertainment,526.0,-0.489,8.66,0.0,1.0,0.076,684.0,Real
162,Entertainment,588.0,0.003,7.26,,1.0,0.161,560.0,Real
163,Entertainment,79.0,0.902,4.77,5.0,1.0,0.146,1958.0,Fake
164,Entertainment,677.0,,8.26,0.0,0.0,0.173,856.0,Real
165,Politics,469.0,-0.966,3.33,1.0,0.0,0.296,207.0,Fake
166,Politics,729.0,,6.99,0.0,1.0,0.044,494.0,Real
167,Technology,392.0,-0.161,,1.0,1.0,0.117,1128.0,Real
168,Economy,165.0,0.656,4.57,2.0,1.0,0.183,264.0,Fake
169,Entertainment,718.0,0.417,5.99,2.0,1.0,0.054,1141.0,Real
170,Politics,727.0,0.296,8.34,0.0,1.0,0.083,59.0,Real
171,Politics,492.0,0.222,5.98,0.0,1.0,0.15,152.0,Real
172,Technology,441.0,0.442,7.01,0.0,1.0,0.0,1044.0,Real
173,Technology,548.0,-0.062,6.34,0.0,0.0,0.094,105.0,Real
174,Entertainment,653.0,0.04,7.16,0.0,1.0,0.074,379.0,Real
175,Politics,510.0,0.017,3.7,1.0,0.0,0.401,,Fake
176,Health,228.0,-0.82,3.46,3.0,0.0,0.246,1668.0,Fake
177,Entertainment,,0.155,6.53,0.0,0.0,0.057,169.0,Real
178,Politics,606.0,-0.449,2.48,4.0,0.0,0.189,1208.0,Fake
179,Politics,510.0,-0.419,6.52,0.0,1.0,0.04,74.0,Real
180,Health,222.0,-0.288,2.61,5.0,0.0,0.341,351.0,Fake
181,Health,,-0.855,3.9,3.0,0.0,0.12,1913.0,Fake
182,Economy,,0.568,0.51,3.0,1.0,0.329,460.0,Fake
183,Politics,803.0,-0.133,6.53,1.0,1.0,0.095,273.0,Real
184,Health,442.0,0.084,6.93,1.0,0.0,0.126,1066.0,Real
185,Sports,182.0,,5.92,1.0,1.0,0.095,665.0,Real
186,Politics,583.0,-0.407,7.6,1.0,1.0,0.059,1186.0,Real
187,,266.0,-0.302,2.79,2.0,0.0,0.085,4479.0,Fake
188,Politics,288.0,0.973,2.33,2.0,1.0,0.316,752.0,Fake
189,Economy,332.0,-0.293,2.35,6.0,,0.259,2234.0,Fake
190,Politics,289.0,0.852,2.69,4.0,1.0,0.393,3336.0,Fake
191,Politics,709.0,0.033,8.8,0.0,1.0,0.125,163.0,Real
192,Entertainment,284.0,0.348,,2.0,1.0,0.247,1184.0,Fake
193,Sports,430.0,0.857,,3.0,0.0,0.249,260.0,Fake
194,Health,442.0,0.642,2.2,6.0,0.0,0.25,,Fake
195,Technology,185.0,0.26,2.82,4.0,0.0,0.289,2948.0,Fake
196,Sports,424.0,-0.197,,0.0,1.0,,30.0,Real
197,Technology,401.0,0.383,3.99,1.0,0.0,0.156,2263.0,Fake
198,Technology,602.0,0.183,6.55,1.0,1.0,0.109,,Real
199,Health,578.0,-0.817,2.13,5.0,0.0,0.275,1755.0,Fake
200,Health,638.0,-0.207,9.31,1.0,0.0,0.024,410.0,Real
201,Health,726.0,0.321,7.24,2.0,1.0,0.03,673.0,Real
202,Technology,598.0,0.46,7.97,0.0,1.0,0.109,963.0,Real
203,Sports,446.0,-0.298,5.42,5.0,1.0,0.274,1791.0,Fake
204,Entertainment,522.0,-0.143,6.36,0.0,1.0,0.056,380.0,Real
205,Entertainment,198.0,0.289,,0.0,0.0,0.318,2499.0,Fake
206,Economy,316.0,-0.201,0.14,9.0,0.0,0.347,3197.0,Fake
207,Economy,459.0,-0.406,6.5,1.0,1.0,0.023,1555.0,Real
208,Economy,634.0,-0.008,8.05,1.0,1.0,0.096,730.0,Real
209,Politics,256.0,0.547,0.33,4.0,0.0,0.411,1.0,Fake
210,Health,184.0,-0.375,,6.0,0.0,0.281,368.0,Fake
211,Technology,315.0,0.888,4.8,,1.0,0.245,759.0,Fake
212,Technology,840.0,-0.455,6.79,0.0,1.0,0.143,736.0,Real
213,Entertainment,392.0,0.429,3.82,5.0,0.0,0.246,372.0,Fake
214,Science,487.0,0.21,7.07,1.0,1.0,0.0,641.0,Real
215,Politics,436.0,-0.836,4.27,4.0,0.0,0.237,333.0,Fake
216,Health,400.0,0.575,2.72,4.0,1.0,,3102.0,Fake
217,,316.0,0.365,1.76,5.0,1.0,0.201,4434.0,Fake
218,Health,409.0,-0.115,3.29,4.0,1.0,0.419,947.0,Fake
219,,392.0,-0.125,4.67,6.0,1.0,0.296,647.0,Fake
220,Economy,463.0,-0.359,3.12,4.0,0.0,0.376,1031.0,Fake
221,Politics,463.0,0.066,5.28,,1.0,0.055,599.0,Real
222,Politics,532.0,-0.434,5.54,2.0,0.0,0.231,399.0,Fake
223,Politics,491.0,,6.04,0.0,1.0,0.129,1476.0,Real
224,,546.0,-0.247,6.81,1.0,1.0,0.197,658.0,Real
225,Politics,621.0,-0.016,,,1.0,0.025,832.0,Real
226,Health,,-0.372,4.38,4.0,1.0,,207.0,Fake
227,Economy,317.0,-0.053,0.82,5.0,1.0,0.198,150.0,Fake
228,Health,271.0,-0.027,,2.0,0.0,0.147,59.0,Real
229,Politics,229.0,0.371,6.27,6.0,0.0,0.291,920.0,Fake
230,Health,154.0,-0.424,3.78,5.0,0.0,0.151,1583.0,Fake
231,Politics,810.0,-0.024,7.34,2.0,1.0,0.033,957.0,Real
232,Technology,434.0,-0.146,9.56,1.0,0.0,0.018,405.0,Real
233,Technology,,0.25,0.96,3.0,1.0,0.419,,Fake
234,Health,,0.53,1.74,,0.0,0.095,147.0,Fake
235,Sports,422.0,-0.752,2.27,3.0,1.0,0.271,4210.0,Fake
236,Economy,189.0,0.485,2.02,5.0,0.0,0.088,,Fake
237,Technology,647.0,0.441,8.8,0.0,0.0,0.055,166.0,Real
238,Health,597.0,-0.268,7.22,0.0,1.0,0.186,2238.0,Real
239,Economy,397.0,-0.772,0.41,5.0,0.0,0.23,2567.0,Fake
240,Economy,702.0,-0.198,4.8,1.0,0.0,0.033,477.0,Real
241,Sports,551.0,0.169,6.99,1.0,,0.102,4106.0,Real
242,Entertainment,528.0,,8.43,0.0,1.0,0.084,56.0,Real
243,Technology,59.0,-0.351,1.52,2.0,1.0,0.38,22.0,Fake
244,Science,,-0.111,1.18,7.0,0.0,0.465,96.0,Fake
245,Health,407.0,0.256,6.37,0.0,1.0,0.024,1330.0,Real
246,Health,361.0,0.433,7.69,,1.0,0.099,1.0,Real
247,Politics,359.0,0.738,3.07,3.0,0.0,0.205,1116.0,Fake
248,Health,564.0,0.093,7.27,0.0,0.0,0.191,542.0,Real
249,Technology,215.0,0.26,4.19,3.0,0.0,0.252,3360.0,Fake
250,Politics,318.0,-0.466,6.27,1.0,0.0,0.171,0.0,Fake
251,Health,191.0,0.127,1.44,5.0,0.0,0.273,522.0,Fake
252,Health,395.0,-0.21,3.39,2.0,0.0,0.252,3027.0,Fake
253,Science,293.0,-0.193,2.67,5.0,,0.328,1556.0,Fake
254,Science,494.0,0.181,2.17,4.0,0.0,0.349,249.0,Fake
255,Politics,484.0,-0.336,5.88,0.0,1.0,0.125,1016.0,Real
256,Health,652.0,-0.115,9.26,0.0,1.0,0.078,797.0,Real
257,Sports,150.0,-0.9,4.4,7.0,1.0,0.344,183.0,Fake
258,Entertainment,441.0,0.237,2.98,6.0,1.0,0.199,310.0,Fake
259,Entertainment,152.0,-0.154,2.93,1.0,1.0,0.211,262.0,Fake
260,Economy,644.0,0.275,7.21,0.0,1.0,0.092,1339.0,Real
261,Health,404.0,-0.806,4.45,2.0,,0.354,868.0,Fake
262,Entertainment,456.0,-0.415,7.63,1.0,0.0,0.103,289.0,Real
263,Entertainment,,-0.192,3.47,3.0,1.0,0.259,1979.0,Fake
264,Politics,231.0,0.694,3.68,4.0,0.0,0.23,1356.0,Fake
265,Entertainment,479.0,0.626,2.88,5.0,0.0,0.376,0.0,Fake
266,Politics,475.0,,4.56,4.0,0.0,0.202,53.0,Fake
267,Politics,368.0,0.489,4.76,1.0,1.0,0.1,801.0,Real
268,Politics,,-0.246,5.94,1.0,0.0,0.165,712.0,Real
269,Politics,258.0,-0.663,1.43,9.0,0.0,,75.0,Fake
270,Science,50.0,0.162,2.66,4.0,1.0,,3379.0,Fake
271,Economy,289.0,-0.569,4.13,1.0,0.0,0.194,938.0,Fake
272,Health,225.0,0.593,4.56,3.0,1.0,0.182,364.0,Fake
273,Science,501.0,-0.181,8.52,,1.0,0.032,1780.0,Real
274,Politics,391.0,0.267,4.65,0.0,1.0,0.115,485.0,Real
275,Politics,346.0,-0.197,,3.0,,,1691.0,Fake
276,Technology,825.0,0.083,9.64,,1.0,0.067,587.0,Real
277,Politics,682.0,0.246,7.67,1.0,1.0,0.093,1111.0,Real
278,Health,538.0,-0.303,6.33,0.0,1.0,0.093,1008.0,Real
279,Technology,320.0,-0.482,2.51,3.0,0.0,0.214,923.0,Fake
280,Sports,392.0,-0.313,5.11,1.0,1.0,0.327,817.0,Fake
281,Sports,751.0,-0.022,,0.0,1.0,,172.0,Real
282,Science,126.0,-0.101,4.75,3.0,1.0,0.166,5712.0,Fake
283,Technology,372.0,-0.046,7.32,0.0,1.0,0.069,1677.0,Real
284,Sports,638.0,0.212,6.55,1.0,1.0,0.0,167.0,Real
285,Entertainment,254.0,0.999,2.25,2.0,0.0,0.221,62.0,Fake
286,Sports,416.0,-0.072,8.41,1.0,1.0,0.096,128.0,Real
287,Health,663.0,-0.419,8.81,0.0,1.0,0.132,2009.0,Real
288,Technology,330.0,0.216,3.66,5.0,1.0,0.277,1784.0,Fake
289,Sports,324.0,-0.475,,3.0,1.0,0.241,780.0,Fake
290,,488.0,0.018,7.35,1.0,,0.023,,Real
291,Economy,387.0,-0.071,5.09,6.0,1.0,0.238,,Fake
292,Technology,396.0,-0.15,2.75,2.0,0.0,,1835.0,Fake
293,Health,538.0,,7.24,2.0,1.0,0.192,702.0,Real
294,Politics,,0.665,0.9,1.0,0.0,0.079,2530.0,Fake
295,Health,769.0,-0.445,8.26,1.0,0.0,0.127,106.0,Real
296,Entertainment,367.0,-0.246,2.15,4.0,1.0,0.23,2331.0,Fake
297,,413.0,,7.14,2.0,1.0,0.1,403.0,Real
298,Entertainment,217.0,-0.792,3.83,5.0,1.0,0.369,419.0,Fake
299,Health,186.0,0.61,4.33,4.0,0.0,0.108,1007.0,Fake
300,Sports,447.0,0.882,0.7,3.0,0.0,0.187,471.0,Fake
301,Health,392.0,0.224,0.67,7.0,0.0,0.149,660.0,Fake
302,Science,356.0,0.533,6.42,3.0,0.0,0.167,,Fake
303,Health,,0.79,2.09,5.0,0.0,0.372,764.0,Fake
304,Economy,671.0,0.167,7.15,2.0,1.0,0.062,70.0,Real
305,Health,366.0,,5.76,4.0,1.0,0.149,185.0,Fake
306,Politics,219.0,-0.075,4.39,5.0,1.0,0.069,681.0,Fake
307,Science,311.0,0.292,3.21,6.0,0.0,0.285,1052.0,Fake
308,Health,540.0,0.116,8.6,1.0,,0.11,332.0,Real
309,Entertainment,202.0,,,1.0,0.0,0.399,1850.0,Fake
310,Politics,,0.896,3.92,4.0,1.0,0.328,1420.0,Fake
311,Science,242.0,0.467,5.72,,0.0,0.314,850.0,Fake
312,Politics,630.0,0.23,7.15,1.0,1.0,0.036,812.0,Real
313,Economy,451.0,0.013,7.19,1.0,1.0,0.092,313.0,Real
314,Politics,635.0,-0.288,6.64,2.0,1.0,0.032,1640.0,Real
315,Health,495.0,0.072,7.79,0.0,,0.061,1533.0,Real
316,Technology,633.0,-0.071,5.27,1.0,1.0,0.032,709.0,Real
317,Entertainment,437.0,0.527,4.01,2.0,0.0,0.321,1475.0,Fake
318,Entertainment,,0.753,2.19,5.0,1.0,0.303,493.0,Fake
319,Health,392.0,0.735,2.77,,0.0,0.254,,Fake
320,Politics,617.0,,7.28,,1.0,0.066,315.0,Real
321,,470.0,0.636,3.42,3.0,0.0,0.225,3308.0,Fake
322,Politics,762.0,-0.219,6.87,0.0,1.0,0.023,2310.0,Real
323,Sports,400.0,-0.85,3.76,5.0,,0.143,180.0,Fake
324,Politics,334.0,,5.02,6.0,,0.232,258.0,Fake
325,Sports,,0.598,5.58,4.0,1.0,0.144,1250.0,Fake
326,Health,,0.424,6.13,2.0,1.0,0.112,1414.0,Real
327,Politics,276.0,-0.193,4.19,4.0,0.0,0.242,638.0,Fake
328,Technology,329.0,-0.866,6.55,1.0,1.0,0.307,1116.0,Fake
329,Entertainment,244.0,0.312,2.2,3.0,0.0,0.269,1747.0,Fake
330,Sports,320.0,-0.694,,7.0,1.0,0.194,2203.0,Fake
331,Technology,618.0,-0.32,5.06,1.0,1.0,0.194,1696.0,Real
332,Health,247.0,0.048,4.71,3.0,0.0,0.275,575.0,Fake
333,Health,294.0,0.129,2.9,5.0,1.0,0.185,,Fake
334,Science,828.0,0.006,6.63,0.0,0.0,0.122,115.0,Real
335,Sports,536.0,0.439,7.29,1.0,1.0,0.134,756.0,Real
336,Health,757.0,0.118,6.83,1.0,1.0,0.097,322.0,Real
337,Entertainment,284.0,0.332,,4.0,1.0,0.276,2506.0,Fake
338,Health,306.0,0.281,5.42,4.0,1.0,0.191,6685.0,Fake
339,Sports,300.0,0.809,,6.0,0.0,0.286,191.0,Fake
340,Health,425.0,0.173,6.86,0.0,0.0,0.08,1303.0,Real
341,Health,493.0,-0.984,,3.0,1.0,0.362,29.0,Fake
342,Entertainment,261.0,0.664,3.18,5.0,0.0,0.104,3285.0,Fake
343,Politics,352.0,-0.286,5.04,3.0,0.0,,493.0,Fake
344,Entertainment,327.0,0.854,3.44,3.0,0.0,0.328,61.0,Fake
345,Entertainment,249.0,,3.46,5.0,0.0,,1296.0,Fake
346,Science,551.0,,6.7,0.0,0.0,,83.0,Real
347,Entertainment,591.0,0.478,6.43,0.0,,0.211,645.0,Real
348,Entertainment,849.0,0.121,9.3,0.0,1.0,0.044,34.0,Real
349,Technology,468.0,0.829,3.42,4.0,0.0,0.195,423.0,Fake
350,Entertainment,583.0,-0.332,8.62,0.0,1.0,0.05,1655.0,Real
351,Science,570.0,-0.103,6.17,1.0,0.0,0.106,364.0,Real
352,Politics,151.0,0.955,0.32,3.0,1.0,0.293,999.0,Fake
353,Economy,246.0,-0.846,2.32,4.0,0.0,0.318,780.0,Fake
354,,293.0,0.553,3.27,4.0,0.0,0.256,357.0,Fake
355,Politics,926.0,0.383,9.59,1.0,1.0,0.165,612.0,Real
356,Politics,,,3.18,2.0,1.0,0.335,2349.0,Fake
357,Technology,288.0,-0.161,0.0,5.0,0.0,0.149,1517.0,Fake
358,Technology,214.0,0.124,4.32,4.0,1.0,0.199,656.0,Fake
359,Technology,570.0,-0.289,,2.0,1.0,0.036,263.0,Real
360,Technology,106.0,-0.442,2.94,2.0,0.0,0.244,382.0,Fake
361,,452.0,-0.036,8.25,0.0,1.0,0.065,274.0,Real
362,Science,511.0,0.037,5.79,1.0,0.0,0.074,324.0,Real
363,Health,498.0,0.199,6.59,1.0,1.0,0.128,1207.0,Real
364,,261.0,-0.472,,8.0,1.0,0.085,1139.0,Fake
365,Politics,361.0,-0.988,3.46,4.0,0.0,0.299,428.0,Fake
366,Entertainment,459.0,0.241,,1.0,1.0,,1371.0,Real
367,Health,581.0,0.297,9.22,0.0,,0.065,972.0,Real
368,Technology,429.0,0.894,1.98,7.0,1.0,,1116.0,Fake
369,Science,255.0,,4.19,3.0,1.0,0.162,1017.0,Fake
370,Technology,143.0,-0.516,3.27,4.0,0.0,0.372,477.0,Fake
371,Technology,294.0,0.54,3.21,4.0,0.0,0.195,144.0,Fake
372,Health,374.0,,3.13,3.0,1.0,0.162,1708.0,Fake
373,Entertainment,528.0,-0.195,10.0,0.0,0.0,0.168,407.0,Real
374,Entertainment,688.0,-0.454,7.92,0.0,0.0,0.114,162.0,Real
375,Health,620.0,-0.095,8.14,2.0,1.0,0.1,80.0,Real
376,Health,,0.291,6.67,3.0,1.0,0.0,538.0,Real
377,Entertainment,418.0,0.49,2.51,6.0,1.0,0.249,2600.0,Fake
378,Entertainment,881.0,0.065,7.49,0.0,1.0,0.068,889.0,Real
379,Sports,649.0,0.44,9.6,0.0,0.0,,263.0,Real
380,Science,655.0,0.416,5.67,0.0,1.0,0.056,119.0,Real
381,Health,417.0,-0.818,5.18,5.0,1.0,0.213,1111.0,Fake
382,Health,77.0,-0.901,4.8,3.0,0.0,0.414,,Fake
383,,333.0,0.825,,2.0,1.0,0.334,,Fake
384,Technology,555.0,-0.051,6.67,1.0,1.0,0.08,140.0,Real
385,Health,,0.018,6.67,0.0,1.0,0.008,2273.0,Real
386,Technology,353.0,-0.7,2.23,3.0,0.0,0.2,2390.0,Fake
387,Technology,597.0,0.199,6.87,1.0,1.0,0.11,4360.0,Real
388,Politics,297.0,-0.752,2.57,5.0,1.0,0.259,395.0,Fake
389,Sports,663.0,0.49,6.25,2.0,1.0,0.041,802.0,Real
390,Sports,235.0,0.53,2.34,,0.0,0.323,1423.0,Fake
391,Politics,458.0,0.478,7.13,2.0,1.0,0.0,90.0,Real
392,Technology,392.0,0.579,1.69,6.0,1.0,0.327,697.0,Fake
393,Entertainment,613.0,0.437,6.41,0.0,1.0,0.046,838.0,Real
394,Politics,717.0,0.015,8.73,1.0,1.0,0.133,447.0,Real
395,Politics,215.0,-0.415,1.14,3.0,0.0,0.275,304.0,Fake
396,Entertainment,469.0,0.173,6.9,0.0,1.0,0.108,270.0,Real
397,Politics,278.0,0.828,,2.0,0.0,0.303,989.0,Fake
398,Politics,605.0,-0.097,5.64,0.0,1.0,,,Real
399,Politics,403.0,0.653,2.42,3.0,0.0,0.193,419.0,Fake
400,Technology,453.0,0.497,7.69,1.0,1.0,0.033,83.0,Real
401,Science,442.0,0.245,4.75,5.0,1.0,0.129,288.0,Fake
402,Technology,724.0,-0.094,9.48,0.0,0.0,0.114,70.0,Real
403,Sports,213.0,0.293,2.2,4.0,1.0,,1233.0,Fake
404,Sports,132.0,-0.419,7.84,0.0,1.0,0.096,451.0,Real
405,Technology,759.0,0.403,,0.0,,0.015,1339.0,Real
406,Politics,325.0,0.019,,5.0,1.0,0.305,2371.0,Fake
407,Politics,574.0,0.28,7.33,2.0,1.0,0.073,793.0,Real
408,Entertainment,421.0,0.559,4.6,4.0,0.0,0.269,406.0,Fake
409,Sports,399.0,-0.965,5.55,7.0,0.0,0.343,1146.0,Fake
410,Health,752.0,0.013,7.88,,1.0,0.0,1704.0,Real
411,Technology,701.0,-0.87,1.18,7.0,1.0,0.175,1262.0,Fake
412,Technology,398.0,-0.283,3.73,2.0,0.0,0.233,1319.0,Fake
413,Health,433.0,-0.343,8.79,1.0,,0.147,289.0,Real
414,Sports,638.0,0.11,7.06,0.0,1.0,0.191,244.0,Real
415,Health,409.0,,6.3,2.0,1.0,0.106,38.0,Real
416,Entertainment,560.0,-0.457,9.11,0.0,1.0,0.125,712.0,Real
417,Politics,643.0,-0.373,7.31,0.0,1.0,0.012,692.0,Real
418,Politics,390.0,-0.725,4.5,,0.0,0.323,1158.0,Fake
419,Politics,865.0,-0.199,8.27,1.0,1.0,,22.0,Real
420,Entertainment,536.0,0.448,7.21,0.0,1.0,0.054,,Real
421,Health,520.0,0.337,7.67,0.0,1.0,0.113,73.0,Real
422,Entertainment,631.0,0.31,6.15,,1.0,,2008.0,Real
423,Politics,568.0,0.164,,1.0,1.0,0.054,803.0,Real
424,Science,548.0,-0.312,7.21,0.0,1.0,0.094,1153.0,Real
425,Entertainment,366.0,-0.228,4.78,2.0,0.0,0.393,872.0,Fake
426,Economy,50.0,-0.379,5.42,4.0,0.0,0.312,525.0,Fake
427,Politics,350.0,-0.055,6.39,1.0,1.0,0.106,1158.0,Real
428,Politics,464.0,0.078,3.44,6.0,1.0,0.175,3068.0,Fake
429,Technology,292.0,0.041,8.57,,1.0,,347.0,Real
430,Technology,566.0,,8.06,0.0,1.0,0.054,406.0,Real
431,Entertainment,180.0,-0.279,6.4,0.0,1.0,0.151,442.0,Real
432,Politics,210.0,-0.598,,2.0,1.0,0.308,85.0,Fake
433,Sports,480.0,-0.422,8.48,2.0,0.0,0.117,303.0,Real
434,Sports,231.0,-0.749,,7.0,1.0,0.354,343.0,Fake
435,Science,96.0,-0.326,3.42,5.0,0.0,0.172,435.0,Fake
436,Health,,0.42,8.27,1.0,1.0,0.0,1552.0,Real
437,Entertainment,344.0,-0.729,6.29,4.0,1.0,0.416,1230.0,Fake
438,Entertainment,575.0,0.466,5.21,1.0,1.0,0.0,200.0,Real
439,Technology,343.0,-0.81,,2.0,0.0,0.341,113.0,Fake
440,Politics,219.0,-0.247,3.42,4.0,0.0,0.171,,Fake
441,Health,347.0,0.854,1.14,2.0,0.0,0.159,922.0,Fake
442,Science,641.0,-0.422,,1.0,0.0,0.179,1336.0,Real
443,Economy,406.0,-0.227,1.14,8.0,1.0,0.292,137.0,Fake
444,Entertainment,676.0,-0.456,4.87,3.0,1.0,,355.0,Real
445,Entertainment,,-0.341,,0.0,1.0,0.132,308.0,Real
446,,429.0,-0.702,3.86,,0.0,0.113,727.0,Fake
447,Health,665.0,-0.133,5.3,0.0,0.0,0.085,551.0,Real
448,Politics,748.0,-0.159,6.53,0.0,1.0,0.127,2040.0,Real
449,Politics,433.0,0.262,,6.0,0.0,0.232,906.0,Fake
450,Technology,249.0,-0.243,,,1.0,0.016,44.0,Real
451,Science,,0.379,6.13,2.0,0.0,0.02,1160.0,Real
452,Technology,430.0,0.474,7.23,3.0,1.0,0.062,75.0,Real
453,Sports,486.0,-0.658,4.51,2.0,0.0,0.147,1935.0,Fake
454,Sports,169.0,0.75,4.24,5.0,1.0,0.323,,Fake
455,Health,185.0,,5.97,7.0,0.0,0.349,3142.0,Fake
456,Health,361.0,-0.344,1.1,4.0,1.0,0.146,3.0,Fake
457,Politics,157.0,-0.142,7.04,0.0,1.0,0.109,709.0,Real
458,Entertainment,597.0,0.352,6.62,0.0,1.0,0.029,795.0,Real
459,Science,356.0,0.704,4.4,5.0,0.0,0.318,468.0,Fake
460,Health,600.0,0.209,6.28,1.0,1.0,0.026,363.0,Real
461,Entertainment,548.0,0.174,6.73,1.0,1.0,0.108,931.0,Real
462,Technology,494.0,-0.846,3.16,3.0,1.0,,1993.0,Fake
463,Politics,55.0,-0.392,1.2,1.0,0.0,0.376,536.0,Fake
464,Sports,619.0,-0.397,8.09,1.0,1.0,0.035,1102.0,Real
465,Politics,872.0,0.489,6.18,1.0,0.0,,,Real
466,Health,180.0,-0.163,5.55,3.0,0.0,0.313,1094.0,Fake
467,Health,637.0,0.231,8.6,2.0,1.0,0.071,130.0,Real
468,Technology,516.0,0.081,6.51,4.0,1.0,0.068,1325.0,Real
469,Sports,417.0,0.65,6.27,7.0,0.0,0.225,630.0,Fake
470,Health,189.0,-0.535,5.15,3.0,1.0,,1122.0,Fake
471,Technology,579.0,0.127,8.48,1.0,1.0,0.087,1048.0,Real
472,Politics,418.0,-0.42,1.61,2.0,0.0,0.259,6278.0,Fake
473,Economy,269.0,0.91,4.1,7.0,0.0,0.14,146.0,Fake
474,Health,245.0,0.869,4.45,8.0,0.0,0.307,390.0,Fake
475,Health,284.0,-0.443,7.97,0.0,1.0,0.092,44.0,Real
476,Sports,798.0,-0.433,9.65,1.0,1.0,0.062,1926.0,Real
477,Health,201.0,0.553,3.94,4.0,0.0,,5453.0,Fake
478,Politics,318.0,-0.346,4.97,6.0,1.0,0.333,1202.0,Fake
479,Technology,441.0,0.932,2.11,5.0,0.0,0.323,3603.0,Fake
480,Technology,496.0,0.415,6.61,0.0,1.0,0.136,528.0,Real
481,Politics,469.0,-0.694,3.66,5.0,0.0,0.264,1678.0,Fake
482,Economy,653.0,-0.313,4.62,2.0,1.0,,,Real
483,Politics,274.0,0.717,4.03,6.0,0.0,0.208,1234.0,Fake
484,Economy,537.0,-0.324,4.86,1.0,1.0,0.113,3193.0,Real
485,Economy,260.0,0.556,2.97,6.0,1.0,0.306,114.0,Fake
486,Economy,512.0,0.319,8.4,0.0,1.0,0.133,,Real
487,Economy,286.0,0.947,4.59,4.0,0.0,0.15,2975.0,Fake
488,Entertainment,380.0,0.758,2.96,5.0,1.0,0.347,1862.0,Fake
489,Sports,604.0,,6.63,1.0,1.0,0.137,382.0,Real
490,Health,239.0,-0.269,6.2,5.0,0.0,0.255,,Fake
491,Politics,548.0,-0.353,7.58,0.0,1.0,0.09,,Real
492,Health,259.0,0.648,3.56,9.0,1.0,0.31,258.0,Fake
493,Politics,580.0,-0.048,3.75,2.0,1.0,0.326,618.0,Fake
494,Sports,509.0,0.069,5.49,1.0,,0.051,248.0,Real
495,Politics,152.0,0.702,3.34,1.0,1.0,0.469,,Fake
496,Science,316.0,-0.136,4.29,5.0,0.0,0.235,807.0,Fake
497,Health,,0.6,2.64,6.0,0.0,0.241,2004.0,Fake
498,Science,624.0,-0.057,7.7,2.0,1.0,0.133,17.0,Real
499,Entertainment,686.0,0.149,6.42,0.0,1.0,0.094,183.0,Real
500,Science,292.0,,2.92,0.0,1.0,0.076,1632.0,Fake
501,Technology,512.0,-0.021,2.33,4.0,0.0,0.262,641.0,Fake
502,Entertainment,260.0,-0.806,5.52,5.0,1.0,0.309,117.0,Fake
503,Economy,,-0.837,4.23,4.0,0.0,,324.0,Fake
504,Health,223.0,0.913,3.5,2.0,0.0,0.168,2983.0,Fake
505,Politics,482.0,0.331,7.98,0.0,1.0,0.078,1047.0,Real
506,Economy,367.0,0.156,,7.0,0.0,0.283,817.0,Fake
507,Technology,599.0,-0.144,10.0,2.0,1.0,0.039,3240.0,Real
508,Politics,186.0,-0.418,0.76,5.0,0.0,0.363,,Fake
509,Health,642.0,0.111,7.43,1.0,1.0,0.0,558.0,Real
510,Health,,0.662,2.02,6.0,1.0,0.315,190.0,Fake
511,Politics,517.0,0.223,3.78,8.0,0.0,0.54,2680.0,Fake
512,Economy,725.0,-0.209,8.4,2.0,0.0,0.065,903.0,Real
513,Politics,204.0,-0.809,2.64,2.0,0.0,0.35,1717.0,Fake
514,Technology,568.0,0.141,7.12,2.0,1.0,0.029,724.0,Real
515,Politics,369.0,,5.74,1.0,1.0,0.092,709.0,Real
516,,292.0,-0.674,1.78,4.0,1.0,0.3,1376.0,Fake
517,Economy,498.0,-0.983,3.2,5.0,1.0,0.187,2222.0,Fake
518,Technology,267.0,-0.084,2.58,,1.0,0.17,92.0,Fake
519,Entertainment,658.0,-0.036,7.53,2.0,1.0,0.029,2329.0,Real
520,Sports,789.0,0.321,7.87,1.0,1.0,0.016,2969.0,Real
521,Entertainment,301.0,-0.615,3.39,5.0,0.0,0.369,1336.0,Fake
522,,876.0,0.08,7.87,1.0,1.0,0.108,165.0,Real
523,Politics,336.0,0.474,6.95,1.0,1.0,0.09,1450.0,Real
524,Science,272.0,0.332,7.76,1.0,1.0,0.068,4542.0,Real
525,Technology,251.0,0.24,3.0,7.0,,0.317,1995.0,Fake
526,Sports,361.0,-0.955,2.21,3.0,1.0,0.164,367.0,Fake
527,Health,315.0,,4.26,5.0,1.0,0.229,376.0,Fake
528,Health,201.0,0.043,7.02,0.0,1.0,0.088,448.0,Real
529,Politics,367.0,-0.057,5.74,5.0,1.0,0.203,6732.0,Fake
530,Economy,108.0,-0.45,5.09,8.0,0.0,0.377,737.0,Fake
531,Sports,570.0,0.483,6.52,2.0,0.0,0.103,1027.0,Real
532,Politics,166.0,-0.354,5.04,5.0,1.0,0.287,,Fake
533,Technology,480.0,0.293,0.28,6.0,0.0,0.077,644.0,Fake
534,Entertainment,379.0,0.848,4.03,3.0,,0.131,439.0,Fake
535,Economy,494.0,-0.145,8.22,0.0,0.0,0.098,256.0,Real
536,Health,322.0,0.616,2.8,5.0,1.0,0.127,2717.0,Fake
537,Technology,351.0,-0.236,,5.0,0.0,0.242,974.0,Fake
538,Health,363.0,-0.034,5.19,0.0,1.0,0.152,1708.0,Real
539,Politics,664.0,0.491,5.16,2.0,1.0,0.129,6.0,Real
540,Health,770.0,0.144,,1.0,1.0,0.113,1096.0,Real
541,Politics,274.0,0.73,1.86,3.0,0.0,0.093,383.0,Fake
542,Economy,365.0,-0.523,2.69,3.0,0.0,0.234,745.0,Fake
543,Sports,454.0,0.176,,1.0,1.0,0.081,1135.0,Real
544,Health,814.0,-0.486,6.04,2.0,0.0,0.051,1145.0,Real
545,Health,409.0,0.133,2.56,6.0,1.0,0.0,131.0,Fake
546,Technology,256.0,-0.321,6.14,1.0,0.0,0.103,,Real
547,Sports,396.0,0.37,7.74,0.0,1.0,0.11,276.0,Real
548,Science,316.0,0.977,3.44,4.0,0.0,0.322,50.0,Fake
549,Politics,521.0,-0.356,8.51,2.0,1.0,0.082,242.0,Real
550,Economy,468.0,0.687,3.05,7.0,1.0,0.323,3345.0,Fake
551,Politics,489.0,-0.201,5.9,1.0,1.0,0.157,925.0,Real
552,Economy,477.0,0.999,0.43,7.0,0.0,0.28,,Fake
553,Politics,263.0,,4.69,3.0,1.0,0.241,2982.0,Fake
554,Technology,348.0,0.337,8.91,1.0,1.0,0.034,,Real
555,Entertainment,497.0,-0.203,7.11,1.0,1.0,0.064,746.0,Real
556,Entertainment,860.0,-0.116,7.07,1.0,1.0,0.088,726.0,Real
557,Technology,561.0,0.135,,2.0,1.0,0.104,99.0,Real
558,Science,842.0,-0.268,6.07,2.0,0.0,0.034,3364.0,Real
559,Entertainment,329.0,0.321,4.7,7.0,0.0,0.267,1142.0,Fake
560,Sports,167.0,-0.819,,6.0,1.0,0.22,1858.0,Fake
561,Politics,604.0,0.449,,1.0,1.0,0.072,149.0,Real
562,Politics,687.0,-0.231,6.93,0.0,1.0,0.085,3095.0,Real
563,Entertainment,374.0,-0.725,2.19,4.0,0.0,0.402,1561.0,Fake
564,Technology,314.0,-0.431,1.9,4.0,0.0,0.172,2136.0,Fake
565,Politics,604.0,-0.411,7.36,1.0,1.0,0.113,1613.0,Real
566,Politics,195.0,-0.24,2.72,2.0,1.0,0.133,2736.0,Fake
567,Economy,501.0,-0.144,6.41,2.0,1.0,0.14,,Real
568,Politics,433.0,-0.057,7.64,0.0,0.0,0.074,689.0,Real
569,Health,660.0,-0.166,9.44,0.0,1.0,0.067,3260.0,Real
570,Politics,198.0,-0.499,2.71,6.0,0.0,0.15,789.0,Fake
571,,192.0,-0.923,3.38,5.0,1.0,0.194,2025.0,Fake
572,Sports,159.0,-0.25,0.0,,1.0,0.218,1173.0,Fake
573,Health,315.0,-0.048,2.1,,,0.0,1005.0,Fake
574,Health,,-0.13,3.15,3.0,1.0,0.159,3366.0,Fake
575,Health,394.0,0.631,3.88,7.0,0.0,0.153,3056.0,Fake
576,Entertainment,275.0,-0.443,6.62,3.0,0.0,0.23,591.0,Fake
577,Politics,330.0,0.947,4.59,3.0,0.0,0.124,662.0,Fake
578,Technology,626.0,-0.145,6.77,0.0,1.0,,598.0,Real
579,Politics,292.0,,3.69,3.0,0.0,0.345,275.0,Fake
580,Health,251.0,-0.766,6.46,6.0,0.0,0.296,764.0,Fake
581,Politics,409.0,-0.912,4.21,,1.0,0.367,4.0,Fake
582,Health,248.0,-0.024,2.16,6.0,0.0,0.205,1396.0,Fake
583,Politics,677.0,0.195,7.6,1.0,1.0,0.074,1129.0,Real
584,Science,331.0,0.028,6.77,0.0,1.0,0.024,734.0,Real
585,Politics,295.0,0.853,4.09,4.0,1.0,,882.0,Fake
586,Entertainment,379.0,-0.517,3.24,15.0,,0.109,2047.0,Fake
587,Politics,695.0,0.287,4.96,3.0,1.0,0.033,693.0,Real
588,Health,439.0,-0.142,3.0,6.0,0.0,0.372,1274.0,Fake
589,Sports,395.0,-0.002,4.28,3.0,0.0,0.097,50.0,Fake
590,Health,703.0,0.134,,0.0,1.0,0.159,1956.0,Real
591,Sports,576.0,-0.001,6.96,1.0,1.0,0.084,1246.0,Real
592,Technology,425.0,0.641,3.08,5.0,1.0,0.141,1047.0,Fake
593,Politics,,0.172,6.73,4.0,0.0,0.108,1101.0,Real
594,,310.0,-0.858,3.57,4.0,1.0,0.263,1325.0,Fake
595,Technology,193.0,0.626,5.13,3.0,1.0,,,Fake
596,Economy,293.0,-0.059,1.68,9.0,1.0,0.059,1789.0,Fake
597,Politics,,0.854,2.06,1.0,1.0,0.242,46.0,Fake
598,Politics,290.0,0.714,6.4,2.0,0.0,,1694.0,Fake
599,Technology,312.0,0.814,4.07,8.0,1.0,0.265,723.0,Fake
600,Sports,603.0,-0.417,6.68,0.0,1.0,0.113,33.0,Real
601,Sports,232.0,-0.998,0.66,5.0,1.0,0.0,87.0,Fake
602,Entertainment,744.0,-0.262,8.97,2.0,1.0,0.09,828.0,Real
603,Politics,308.0,-0.214,7.04,2.0,1.0,0.121,652.0,Real
604,Entertainment,261.0,0.773,2.99,3.0,1.0,0.24,1002.0,Fake
605,Sports,831.0,,7.04,1.0,1.0,0.024,89.0,Real
606,Technology,560.0,0.338,7.59,0.0,1.0,0.021,2189.0,Real
607,Entertainment,696.0,0.016,9.7,1.0,1.0,0.086,1645.0,Real
608,Economy,477.0,0.405,6.53,0.0,1.0,0.038,356.0,Real
609,Politics,585.0,0.296,,,1.0,0.017,704.0,Real
610,Politics,,0.044,,2.0,1.0,0.132,1006.0,Real
611,Sports,154.0,-0.173,4.83,4.0,0.0,0.137,153.0,Fake
612,Health,586.0,-0.323,7.43,0.0,1.0,,65.0,Real
613,Technology,325.0,-0.853,3.27,2.0,1.0,0.211,748.0,Fake
614,Health,679.0,-0.065,6.55,1.0,1.0,0.098,299.0,Real
615,Health,517.0,-0.348,8.58,1.0,0.0,0.076,2635.0,Real
616,,206.0,0.249,,1.0,0.0,0.258,2380.0,Fake
617,Health,310.0,0.466,4.46,0.0,,0.078,1789.0,Real
618,,751.0,-0.499,7.35,0.0,1.0,0.079,121.0,Real
619,Sports,395.0,-0.888,3.91,3.0,1.0,0.204,775.0,Fake
620,Science,328.0,0.593,1.98,7.0,0.0,0.104,3860.0,Fake
621,Politics,602.0,0.367,8.86,2.0,1.0,0.079,776.0,Real
622,Technology,563.0,0.252,7.42,1.0,1.0,0.116,1119.0,Real
623,Technology,496.0,-0.324,4.2,5.0,0.0,0.211,261.0,Fake
624,Politics,199.0,0.14,1.49,3.0,1.0,0.387,2370.0,Fake
625,Entertainment,426.0,,6.89,,1.0,0.016,1293.0,Real
626,Entertainment,383.0,0.128,2.37,3.0,0.0,0.195,448.0,Fake
627,Economy,167.0,-0.102,6.91,0.0,1.0,0.114,49.0,Real
628,Economy,226.0,,2.58,4.0,0.0,0.341,1042.0,Fake
629,Sports,180.0,-0.688,5.18,,1.0,0.078,,Fake
630,Health,552.0,0.48,6.92,0.0,1.0,0.062,2180.0,Real
631,Entertainment,408.0,-0.843,0.62,6.0,1.0,0.235,1493.0,Fake
632,Technology,687.0,0.047,7.96,0.0,1.0,0.075,118.0,Real
633,Politics,775.0,-0.166,7.47,1.0,1.0,0.088,964.0,Real
634,Politics,,0.136,,1.0,,0.082,1711.0,Real
635,Economy,495.0,-0.482,7.78,0.0,1.0,0.125,441.0,Real
636,Health,613.0,,5.86,1.0,,0.116,331.0,Real
637,Health,242.0,-0.665,4.4,5.0,1.0,0.296,1599.0,Fake
638,Technology,654.0,-0.377,7.59,0.0,0.0,0.078,319.0,Real
639,Politics,,-0.244,5.44,,1.0,0.201,2043.0,Fake
640,,542.0,0.153,7.79,1.0,1.0,0.104,536.0,Real
641,Technology,555.0,-0.374,7.45,0.0,1.0,0.148,1152.0,Real
642,Politics,540.0,-0.153,5.59,3.0,0.0,,458.0,Fake
643,Entertainment,485.0,0.415,6.5,3.0,1.0,0.02,181.0,Real
644,Technology,554.0,-0.54,2.75,7.0,1.0,0.243,1801.0,Fake
645,Technology,460.0,0.846,4.81,4.0,0.0,0.06,1199.0,Fake
646,Science,670.0,-0.433,7.92,1.0,1.0,0.105,1613.0,Real
647,Politics,533.0,-0.326,7.81,0.0,1.0,0.091,635.0,Real
648,Health,249.0,,4.26,5.0,0.0,0.31,2046.0,Fake
649,Entertainment,667.0,-0.315,6.76,0.0,1.0,0.083,1904.0,Real
650,Health,,-0.292,6.3,1.0,,0.117,67.0,Real
651,Science,666.0,0.404,8.58,,1.0,0.065,56.0,Real
652,Sports,443.0,-0.058,5.69,0.0,1.0,0.08,2304.0,Real
653,Health,215.0,-0.792,4.05,3.0,0.0,0.192,1033.0,Fake
654,Science,632.0,0.439,8.38,0.0,1.0,0.191,851.0,Real
655,Entertainment,216.0,,2.51,,0.0,0.262,851.0,Fake
656,Health,347.0,-0.317,8.1,2.0,1.0,0.151,663.0,Real
657,Science,547.0,,,0.0,1.0,0.139,370.0,Real
658,,543.0,0.086,9.37,,1.0,0.08,395.0,Real
659,Sports,209.0,-0.823,,5.0,1.0,0.091,1041.0,Fake
660,Entertainment,313.0,-0.47,2.21,4.0,1.0,,1694.0,Fake
661,Sports,668.0,0.489,,,1.0,0.071,124.0,Real
662,Technology,,0.23,,7.0,0.0,,170.0,Fake
663,Technology,388.0,0.674,4.52,1.0,,0.335,933.0,Fake
664,Politics,416.0,,7.22,1.0,1.0,0.094,1415.0,Real
665,Sports,447.0,0.328,5.76,2.0,1.0,0.104,1994.0,Real
666,Politics,501.0,0.026,,0.0,1.0,0.0,227.0,Real
667,Health,538.0,-0.867,2.79,3.0,0.0,0.351,2399.0,Fake
668,Health,50.0,-0.93,2.08,4.0,0.0,0.184,4226.0,Fake
669,Economy,132.0,-0.275,,6.0,0.0,0.35,753.0,Fake
670,Politics,499.0,0.829,2.58,3.0,1.0,0.236,3899.0,Fake
671,Economy,393.0,0.144,1.36,4.0,0.0,0.372,,Fake
672,Politics,,0.102,2.64,6.0,1.0,0.118,1831.0,Fake
673,Entertainment,614.0,0.216,8.03,0.0,0.0,0.0,432.0,Real
674,Politics,276.0,0.713,,4.0,,0.218,1255.0,Fake
675,Economy,,0.662,4.72,5.0,0.0,0.294,,Fake
676,Entertainment,58.0,-0.978,3.09,5.0,0.0,0.261,2825.0,Fake
677,Science,295.0,0.874,2.24,7.0,0.0,0.247,4809.0,Fake
678,Politics,336.0,-0.493,1.94,6.0,,0.363,532.0,Fake
679,Politics,271.0,-0.9,3.91,5.0,0.0,0.254,648.0,Fake
680,Technology,544.0,,6.29,,1.0,0.067,992.0,Real
681,Politics,228.0,-0.291,4.11,11.0,0.0,0.252,4223.0,Fake
682,,999.0,-0.125,7.06,0.0,0.0,0.101,149.0,Real
683,Sports,642.0,-0.015,7.02,0.0,1.0,0.141,562.0,Real
684,Entertainment,400.0,-0.356,0.9,6.0,1.0,0.244,5752.0,Fake
685,Health,209.0,0.716,7.01,4.0,0.0,0.196,1647.0,Fake
686,Health,243.0,0.035,4.93,2.0,0.0,0.263,2177.0,Fake
687,Sports,242.0,0.811,4.99,3.0,0.0,0.346,406.0,Fake
688,Technology,227.0,0.013,4.77,8.0,1.0,,32.0,Fake
689,Health,634.0,0.406,6.44,0.0,1.0,0.173,419.0,Real
690,Sports,414.0,0.327,4.68,4.0,1.0,0.239,116.0,Fake
691,Politics,644.0,,6.02,0.0,0.0,0.062,1161.0,Real
692,Health,378.0,0.189,1.67,4.0,0.0,0.378,564.0,Fake
693,Technology,599.0,-0.223,5.07,2.0,1.0,0.055,462.0,Real
694,Sports,670.0,-0.03,6.73,1.0,,0.167,1091.0,Real
695,Technology,206.0,0.267,3.72,4.0,0.0,0.123,,Fake
696,Economy,529.0,0.232,,,1.0,0.072,291.0,Real
697,Politics,182.0,-0.378,3.58,2.0,1.0,,304.0,Fake
698,Science,678.0,-0.471,6.14,0.0,1.0,0.062,1082.0,Real
699,,622.0,0.441,7.9,0.0,1.0,0.163,1659.0,Real
700,Sports,374.0,-0.979,1.31,4.0,1.0,0.246,490.0,Fake
701,Economy,517.0,0.278,6.88,0.0,1.0,0.036,14.0,Real
702,Economy,388.0,0.075,6.21,6.0,0.0,0.332,469.0,Fake
703,Politics,311.0,-0.618,2.85,4.0,0.0,0.254,,Fake
704,Economy,363.0,0.787,6.09,8.0,0.0,0.25,1443.0,Fake
705,Entertainment,147.0,0.545,3.77,2.0,1.0,0.314,,Fake
706,Technology,291.0,0.012,2.72,3.0,1.0,0.464,1028.0,Fake
707,Science,592.0,0.258,8.52,1.0,1.0,0.138,934.0,Real
708,Health,465.0,-0.056,2.94,6.0,0.0,0.134,2465.0,Fake
709,Science,490.0,0.686,6.36,6.0,0.0,0.26,1683.0,Fake
710,Science,118.0,0.554,6.59,5.0,1.0,0.175,247.0,Fake
711,Economy,335.0,-0.028,4.19,3.0,0.0,,329.0,Fake
712,Politics,537.0,-0.108,6.92,,1.0,0.085,1416.0,Real
713,Politics,747.0,-0.234,6.66,,1.0,0.102,,Real
714,Health,409.0,-0.749,5.03,2.0,1.0,0.407,775.0,Fake
715,Economy,338.0,-0.58,4.43,0.0,1.0,0.237,308.0,Fake
716,Sports,466.0,-0.175,6.9,0.0,1.0,0.107,1704.0,Real
717,Politics,,-0.342,4.84,0.0,1.0,0.079,1076.0,Real
718,,527.0,-0.221,8.09,2.0,1.0,0.063,469.0,Real
719,Technology,306.0,-0.795,2.68,1.0,0.0,0.36,50.0,Fake
720,Health,185.0,0.366,0.2,2.0,0.0,,1735.0,Fake
721,Economy,374.0,,4.07,3.0,0.0,0.19,2535.0,Fake
722,Health,794.0,0.21,8.1,,0.0,,142.0,Real
723,Health,602.0,-0.343,,3.0,1.0,0.071,1129.0,Real
724,Technology,,,4.33,8.0,0.0,0.508,2837.0,Fake
725,Entertainment,284.0,0.968,2.75,2.0,1.0,0.236,908.0,Fake
726,Technology,217.0,0.66,6.07,1.0,0.0,0.318,1074.0,Fake
727,Economy,414.0,-0.026,4.92,5.0,1.0,0.321,2920.0,Fake
728,Health,533.0,0.122,8.83,0.0,1.0,0.087,628.0,Real
729,Science,786.0,0.376,7.82,0.0,1.0,0.085,279.0,Real
730,Sports,870.0,-0.143,7.46,1.0,1.0,0.092,,Real
731,Health,702.0,0.09,8.79,1.0,1.0,0.17,1666.0,Real
732,Entertainment,557.0,0.283,6.37,2.0,1.0,0.052,1399.0,Real
733,Science,656.0,0.28,5.02,2.0,1.0,0.091,950.0,Real
734,Economy,711.0,,6.17,0.0,1.0,0.0,131.0,Real
735,Entertainment,450.0,0.317,5.85,0.0,1.0,0.116,261.0,Real
736,Politics,534.0,-0.471,4.39,6.0,0.0,0.244,4795.0,Fake
737,Health,419.0,0.633,3.22,9.0,,0.338,1695.0,Fake
738,Health,401.0,0.337,4.91,,0.0,0.186,2863.0,Fake
739,Entertainment,736.0,0.142,8.68,0.0,0.0,0.146,249.0,Real
740,Technology,519.0,-0.184,7.17,2.0,1.0,0.038,384.0,Real
741,Health,257.0,0.606,3.46,2.0,1.0,,,Fake
742,Health,187.0,-0.104,3.16,6.0,1.0,0.301,3286.0,Fake
743,Politics,333.0,0.523,1.98,5.0,0.0,0.385,598.0,Fake
744,Entertainment,259.0,-0.076,4.15,4.0,0.0,0.217,172.0,Fake
745,Health,367.0,-0.966,4.5,7.0,1.0,0.33,1298.0,Fake
746,Politics,755.0,-0.459,5.07,2.0,1.0,0.111,193.0,Real
747,Health,215.0,0.694,2.72,3.0,0.0,0.478,884.0,Fake
748,Politics,170.0,,0.66,7.0,0.0,0.164,5215.0,Fake
749,Sports,607.0,0.198,6.47,0.0,0.0,0.043,28.0,Real
750,Health,372.0,-0.279,8.07,0.0,1.0,0.042,125.0,Real
751,,323.0,0.757,1.76,5.0,1.0,0.168,3064.0,Fake
752,Health,346.0,-0.508,4.11,2.0,0.0,0.278,672.0,Fake
753,Economy,835.0,0.387,7.39,1.0,1.0,0.053,259.0,Real
754,Entertainment,454.0,-0.317,1.32,2.0,1.0,0.171,2.0,Fake
755,Sports,648.0,-0.354,7.55,1.0,1.0,0.069,1693.0,Real
756,Economy,326.0,0.868,4.06,6.0,0.0,0.26,1000.0,Fake
757,Economy,526.0,0.381,,0.0,1.0,0.051,1484.0,Real
758,Sports,,0.073,,1.0,1.0,0.063,190.0,Real
759,Health,366.0,-0.924,2.28,2.0,1.0,0.277,206.0,Fake
760,Technology,,-0.223,2.98,2.0,1.0,0.196,2924.0,Fake
761,Health,,,2.2,4.0,0.0,0.157,,Fake
762,Health,,-0.732,3.02,2.0,0.0,0.221,1546.0,Fake
763,Technology,321.0,0.231,,,1.0,0.09,766.0,Real
764,Politics,612.0,0.422,7.89,1.0,0.0,,448.0,Real
765,Economy,559.0,,,2.0,1.0,,184.0,Real
766,Technology,,-0.467,5.21,2.0,0.0,0.079,979.0,Fake
767,Economy,383.0,0.704,4.65,4.0,1.0,0.311,,Fake
768,Politics,50.0,0.343,5.29,4.0,1.0,0.322,492.0,Fake
769,Politics,523.0,,7.36,1.0,1.0,0.055,1695.0,Real
770,Technology,154.0,0.58,3.23,7.0,1.0,0.305,1095.0,Fake
771,Entertainment,223.0,-0.175,4.03,5.0,0.0,0.254,5.0,Fake
772,Entertainment,245.0,0.647,4.56,7.0,,0.295,4492.0,Fake
773,Economy,585.0,-0.138,5.12,0.0,1.0,0.103,143.0,Real
774,Sports,870.0,,7.93,0.0,1.0,0.095,972.0,Real
775,Entertainment,218.0,0.485,2.48,3.0,0.0,0.443,932.0,Fake
776,Technology,380.0,-0.658,4.91,4.0,1.0,0.308,88.0,Fake
777,Technology,789.0,-0.018,,0.0,1.0,0.046,1568.0,Real
778,,361.0,0.452,6.91,5.0,1.0,0.267,801.0,Fake
779,,226.0,0.021,5.22,6.0,0.0,0.264,2605.0,Fake
780,Health,349.0,-0.421,3.19,6.0,0.0,0.222,,Fake
781,Economy,374.0,-0.206,,1.0,0.0,0.07,402.0,Real
782,Health,373.0,-0.176,7.8,4.0,0.0,0.382,190.0,Fake
783,Health,334.0,0.18,7.67,0.0,1.0,0.083,395.0,Real
784,,318.0,0.274,2.27,4.0,0.0,0.301,2543.0,Fake
785,Entertainment,806.0,0.294,6.63,0.0,1.0,0.156,411.0,Real
786,Entertainment,457.0,-0.055,2.55,2.0,1.0,0.36,1047.0,Fake
787,Sports,632.0,0.315,,1.0,1.0,0.049,235.0,Real
788,Health,658.0,0.443,9.06,0.0,1.0,0.028,,Real
789,Technology,313.0,0.567,5.22,4.0,0.0,,474.0,Fake
790,Technology,520.0,-0.5,5.54,3.0,1.0,0.024,697.0,Real
791,Health,370.0,-0.886,5.86,6.0,1.0,0.153,4005.0,Fake
792,Politics,406.0,-0.665,2.71,,,0.215,1319.0,Fake
793,Politics,611.0,-0.438,9.02,3.0,1.0,0.024,116.0,Real
794,Health,347.0,-0.146,2.57,9.0,1.0,0.226,3603.0,Fake
795,Science,827.0,0.212,6.15,0.0,1.0,0.063,1595.0,Real
796,Politics,757.0,0.489,7.01,1.0,1.0,0.125,675.0,Real
797,Entertainment,464.0,-0.317,5.34,6.0,,0.13,648.0,Fake
798,Technology,257.0,-0.09,2.04,,0.0,0.027,190.0,Fake
799,Politics,112.0,-0.786,4.63,8.0,1.0,0.328,229.0,Fake
800,Entertainment,484.0,0.528,2.01,5.0,1.0,0.383,1135.0,Fake
801,Politics,383.0,0.402,9.03,0.0,1.0,0.112,429.0,Real
802,Entertainment,672.0,-0.113,7.21,0.0,1.0,0.087,59.0,Real
803,Entertainment,405.0,0.85,3.33,3.0,0.0,0.459,2398.0,Fake
804,Economy,355.0,0.821,2.74,,0.0,0.164,167.0,Fake
805,Entertainment,380.0,0.905,1.86,4.0,1.0,0.315,513.0,Fake
806,,396.0,0.802,6.22,3.0,0.0,0.137,,Fake
807,Politics,311.0,-0.51,3.49,3.0,0.0,0.341,,Fake
808,Economy,99.0,0.046,3.62,5.0,0.0,,2960.0,Fake
809,Politics,524.0,0.42,6.9,0.0,1.0,0.135,1608.0,Real
810,Health,859.0,0.02,6.57,1.0,0.0,0.155,3199.0,Real
811,Sports,236.0,0.05,2.72,2.0,0.0,0.186,186.0,Fake
812,Entertainment,691.0,0.279,7.62,0.0,1.0,0.103,2248.0,Real
813,Technology,502.0,-0.209,7.53,0.0,1.0,0.133,2905.0,Real
814,Sports,402.0,0.14,6.57,0.0,1.0,0.064,,Real
815,Health,652.0,-0.346,6.55,0.0,1.0,0.084,213.0,Real
816,Economy,59.0,-0.161,3.25,7.0,1.0,0.206,1141.0,Fake
817,Health,249.0,0.169,3.5,7.0,0.0,0.251,649.0,Fake
818,Politics,452.0,0.344,0.0,4.0,1.0,0.214,5912.0,Fake
819,Health,167.0,-0.564,3.02,5.0,0.0,0.274,2696.0,Fake
820,Entertainment,124.0,0.696,3.03,2.0,0.0,0.131,1778.0,Fake
821,Health,,-0.062,9.31,1.0,1.0,,2173.0,Real
822,Entertainment,520.0,-0.397,6.86,2.0,0.0,0.074,347.0,Real
823,Economy,50.0,,4.58,1.0,1.0,0.173,3501.0,Fake
824,Science,717.0,0.456,6.96,2.0,1.0,0.0,1353.0,Real
825,Economy,716.0,0.174,6.47,0.0,1.0,0.152,337.0,Real
826,Economy,409.0,-0.165,6.84,1.0,1.0,0.0,1214.0,Real
827,Health,290.0,0.709,4.9,2.0,1.0,0.231,1835.0,Fake
828,Health,104.0,-0.597,2.46,7.0,1.0,0.36,2527.0,Fake
829,Economy,759.0,-0.433,7.83,1.0,1.0,0.109,968.0,Real
830,Science,,0.044,7.16,,1.0,0.125,2258.0,Real
831,Health,108.0,-0.42,3.61,,1.0,0.299,,Fake
832,Economy,409.0,0.115,3.48,6.0,0.0,0.301,61.0,Fake
833,Entertainment,318.0,0.24,5.97,3.0,0.0,0.161,609.0,Fake
834,Technology,265.0,0.109,6.64,2.0,1.0,0.018,1542.0,Real
835,,827.0,0.165,6.67,0.0,0.0,0.135,764.0,Real
836,Science,259.0,0.629,4.36,,0.0,0.331,350.0,Fake
837,,295.0,-0.689,3.94,3.0,0.0,0.264,1088.0,Fake
838,Politics,488.0,-0.038,7.47,0.0,1.0,0.137,833.0,Real
839,Entertainment,,0.012,7.4,2.0,1.0,0.067,60.0,Real
840,Entertainment,340.0,-0.219,3.54,9.0,0.0,0.252,1621.0,Fake
841,Technology,257.0,-0.612,4.78,5.0,1.0,0.123,2394.0,Fake
842,Entertainment,294.0,0.537,1.69,5.0,1.0,0.249,200.0,Fake
843,Politics,501.0,0.726,5.22,2.0,0.0,0.418,3167.0,Fake
844,Economy,415.0,-0.245,7.77,,1.0,0.154,688.0,Real
845,Technology,293.0,-0.678,2.69,2.0,1.0,0.311,1285.0,Fake
846,Politics,113.0,0.957,4.15,8.0,1.0,0.326,3422.0,Fake
847,Science,536.0,0.184,5.61,1.0,1.0,0.072,182.0,Real
848,Politics,681.0,,8.55,0.0,0.0,0.051,323.0,Real
849,Sports,435.0,0.447,5.96,,1.0,0.044,1333.0,Real
850,Technology,50.0,0.737,2.35,2.0,0.0,0.307,40.0,Fake
851,Health,434.0,0.008,8.1,1.0,1.0,0.055,334.0,Real
852,Technology,487.0,-0.004,7.3,0.0,1.0,0.139,53.0,Real
853,Health,491.0,0.315,5.87,0.0,0.0,0.084,449.0,Real
854,Politics,194.0,0.211,3.36,5.0,0.0,0.313,77.0,Fake
855,Health,278.0,0.989,5.02,5.0,0.0,0.307,852.0,Fake
856,Entertainment,169.0,0.37,1.26,3.0,0.0,0.173,,Fake
857,Economy,374.0,-0.045,1.59,7.0,0.0,0.251,2111.0,Fake
858,Entertainment,690.0,0.235,6.29,1.0,1.0,0.159,643.0,Real
859,Sports,,-0.577,,5.0,1.0,0.18,,Fake
860,Sports,,-0.407,7.34,0.0,0.0,0.086,475.0,Real
861,Politics,426.0,-0.239,,1.0,1.0,0.077,1437.0,Real
862,Science,642.0,-0.221,9.56,1.0,1.0,0.058,1235.0,Real
863,Sports,347.0,0.565,5.46,,0.0,0.305,1728.0,Fake
864,Health,550.0,0.461,3.69,4.0,0.0,0.282,1357.0,Fake
865,Sports,376.0,-0.175,3.9,,0.0,0.386,245.0,Fake
866,Health,261.0,-0.085,1.2,4.0,0.0,0.44,5043.0,Fake
867,Politics,485.0,0.301,4.43,1.0,1.0,0.052,828.0,Real
868,Politics,,0.489,5.27,1.0,1.0,0.029,361.0,Real
869,Politics,419.0,-0.304,4.35,2.0,0.0,0.326,1936.0,Fake
870,Technology,405.0,0.746,5.1,4.0,1.0,0.171,2707.0,Fake
871,Entertainment,410.0,-0.311,10.0,0.0,0.0,0.016,136.0,Real
872,,,0.072,4.45,1.0,1.0,0.103,110.0,Real
873,Technology,346.0,-0.338,3.86,2.0,1.0,0.351,,Fake
874,Health,458.0,0.07,8.54,1.0,1.0,0.015,130.0,Real
875,Technology,538.0,-0.788,2.32,7.0,1.0,0.002,3234.0,Fake
876,Health,248.0,-0.656,5.05,8.0,0.0,0.072,201.0,Fake
877,Technology,510.0,-0.112,4.67,3.0,0.0,0.397,1537.0,Fake
878,Health,258.0,-0.429,2.76,7.0,0.0,0.33,,Fake
879,Science,137.0,0.477,2.93,3.0,0.0,0.351,,Fake
880,Sports,451.0,-0.322,4.18,4.0,1.0,0.248,1076.0,Fake
881,Politics,456.0,-0.806,,5.0,0.0,,4197.0,Fake
882,Technology,249.0,-0.501,5.84,7.0,1.0,0.319,3689.0,Fake
883,Economy,691.0,0.459,5.74,0.0,1.0,0.0,181.0,Real
884,Technology,234.0,-0.444,2.36,5.0,0.0,0.303,65.0,Fake
885,Health,374.0,0.403,10.0,0.0,1.0,0.018,785.0,Real
886,Entertainment,650.0,0.305,7.08,,1.0,0.066,,Real
887,Health,226.0,-0.419,6.84,0.0,1.0,0.119,363.0,Real
888,Sports,182.0,-0.702,3.35,9.0,1.0,0.174,1304.0,Fake
889,Sports,364.0,0.96,4.16,4.0,0.0,0.139,2570.0,Fake
890,Entertainment,785.0,-0.384,9.81,0.0,1.0,,291.0,Real
891,Sports,711.0,-0.215,8.16,1.0,1.0,0.045,1084.0,Real
892,Politics,168.0,-0.271,0.0,,1.0,0.211,5997.0,Fake
893,,513.0,0.053,7.41,1.0,,0.117,239.0,Real
894,Health,980.0,0.39,7.12,1.0,1.0,0.157,944.0,Real
895,Politics,192.0,-0.253,3.56,9.0,1.0,0.095,3099.0,Fake
896,Sports,204.0,-0.74,0.19,3.0,1.0,0.193,689.0,Fake
897,,309.0,0.085,6.54,1.0,0.0,0.191,764.0,Fake
898,Politics,325.0,0.111,,1.0,1.0,0.013,517.0,Real
899,Health,170.0,-0.839,2.92,,0.0,0.343,4904.0,Fake
900,Entertainment,302.0,-0.397,,0.0,1.0,0.0,197.0,Real
901,Entertainment,573.0,0.02,5.64,,0.0,0.074,85.0,Real
902,Entertainment,,0.092,7.63,2.0,1.0,0.094,391.0,Real
903,Economy,299.0,0.489,4.47,3.0,0.0,0.207,611.0,Fake
904,Politics,404.0,0.433,6.34,1.0,,0.05,76.0,Real
905,Health,236.0,-0.235,3.01,8.0,1.0,0.384,574.0,Fake
906,Politics,383.0,0.419,6.57,4.0,1.0,0.047,83.0,Real
907,Sports,310.0,0.827,,6.0,,0.252,,Fake
908,Politics,615.0,-0.252,9.37,,1.0,,344.0,Real
909,Politics,364.0,-0.3,7.73,1.0,1.0,0.078,262.0,Real
910,Technology,466.0,-0.399,8.26,0.0,1.0,0.119,594.0,Real
911,Politics,512.0,0.089,7.29,2.0,1.0,0.104,229.0,Real
912,Technology,199.0,0.902,4.28,9.0,0.0,0.054,187.0,Fake
913,Science,351.0,-0.846,,7.0,0.0,0.35,406.0,Fake
914,Economy,,0.092,6.96,1.0,0.0,0.159,1699.0,Real
915,Politics,319.0,0.729,1.38,7.0,1.0,0.011,3494.0,Fake
916,Health,351.0,0.224,4.52,3.0,0.0,0.251,2691.0,Fake
917,Health,305.0,-0.471,5.96,0.0,0.0,0.095,248.0,Real
918,Politics,412.0,0.854,3.72,3.0,0.0,0.317,1187.0,Fake
919,Economy,356.0,0.503,3.57,5.0,1.0,0.353,119.0,Fake
920,Entertainment,348.0,0.457,7.36,2.0,0.0,0.16,806.0,Fake
921,Economy,704.0,-0.186,4.86,2.0,1.0,0.0,648.0,Real
922,Sports,458.0,-0.912,1.25,4.0,1.0,0.061,243.0,Fake
923,Technology,362.0,-0.823,3.16,1.0,1.0,0.275,697.0,Fake
924,Health,473.0,0.381,2.51,3.0,0.0,0.197,1517.0,Fake
925,Technology,484.0,-0.316,7.38,0.0,1.0,0.037,678.0,Real
926,Entertainment,675.0,-0.464,7.03,2.0,1.0,0.104,950.0,Real
927,Health,406.0,-0.327,2.82,7.0,0.0,0.321,366.0,Fake
928,Health,494.0,-0.059,7.64,1.0,1.0,0.102,1046.0,Real
929,Economy,344.0,0.627,6.15,3.0,0.0,0.14,1363.0,Fake
930,Entertainment,162.0,-0.57,,3.0,1.0,0.284,7247.0,Fake
931,Entertainment,429.0,-0.233,3.98,2.0,1.0,0.135,835.0,Fake
932,Technology,421.0,0.451,3.94,7.0,0.0,0.189,,Fake
933,Economy,193.0,0.569,4.2,3.0,0.0,0.122,1168.0,Fake
934,Entertainment,466.0,-0.019,7.83,2.0,1.0,0.091,530.0,Real
935,,351.0,,,3.0,0.0,,887.0,Fake
936,Technology,145.0,-0.803,3.69,4.0,1.0,0.172,4049.0,Fake
937,Science,757.0,0.116,5.47,1.0,,0.091,3382.0,Real
938,Technology,473.0,-0.851,4.41,5.0,0.0,0.3,2428.0,Fake
939,Technology,176.0,0.384,1.95,,1.0,0.39,2050.0,Fake
940,Entertainment,765.0,0.34,,0.0,1.0,0.016,,Real
941,Science,306.0,-0.195,1.4,3.0,0.0,,68.0,Fake
942,Technology,326.0,-0.908,4.25,3.0,1.0,0.255,708.0,Fake
943,Entertainment,408.0,-0.232,7.5,1.0,1.0,0.2,1394.0,Real
944,Politics,462.0,-0.49,9.76,2.0,1.0,0.098,2124.0,Real
945,Economy,609.0,0.279,6.11,1.0,1.0,0.133,18.0,Real
946,Health,356.0,0.371,,,1.0,0.365,83.0,Fake
947,Entertainment,607.0,-0.024,,0.0,,0.051,,Real
948,Technology,356.0,-0.011,5.09,6.0,0.0,0.33,20.0,Fake
949,Entertainment,321.0,0.175,4.58,6.0,1.0,,1436.0,Fake
950,Politics,568.0,0.252,7.78,1.0,1.0,,180.0,Real
951,Politics,272.0,-0.447,5.1,5.0,1.0,0.303,324.0,Fake
952,Technology,395.0,-0.19,5.04,6.0,0.0,0.063,363.0,Fake
953,Sports,407.0,0.415,,6.0,0.0,0.542,398.0,Fake
954,Entertainment,720.0,0.361,7.62,1.0,1.0,0.095,488.0,Real
955,Technology,299.0,0.833,2.66,4.0,0.0,0.387,12.0,Fake
956,Health,408.0,-0.027,3.93,4.0,0.0,0.104,2177.0,Fake
957,Politics,635.0,0.117,8.72,0.0,0.0,0.0,2058.0,Real
958,Sports,451.0,-0.232,5.81,0.0,,0.155,72.0,Real
959,Politics,344.0,-0.715,,2.0,1.0,0.378,4539.0,Fake
960,Economy,369.0,0.907,,5.0,1.0,0.126,193.0,Fake
961,Health,509.0,-0.139,8.0,0.0,1.0,0.087,521.0,Real
962,Economy,329.0,-0.954,3.92,1.0,0.0,0.232,815.0,Fake
963,Technology,404.0,-0.263,9.55,2.0,0.0,0.149,97.0,Real
964,Politics,676.0,,6.3,0.0,1.0,0.12,2242.0,Real
965,Entertainment,,0.649,4.3,3.0,1.0,0.338,3907.0,Fake
966,Politics,743.0,0.228,7.24,0.0,,0.096,73.0,Real
967,Politics,256.0,0.038,,3.0,0.0,0.517,170.0,Fake
968,Entertainment,453.0,-0.491,6.25,1.0,1.0,0.119,962.0,Real
969,Politics,239.0,-0.902,2.26,1.0,0.0,0.381,,Fake
970,Economy,398.0,0.756,4.04,8.0,0.0,0.171,995.0,Fake
971,Politics,737.0,-0.347,5.18,1.0,1.0,0.134,144.0,Real
972,Entertainment,316.0,-0.686,1.71,3.0,1.0,,2988.0,Fake
973,Health,169.0,,,9.0,1.0,0.209,1333.0,Fake
974,Economy,257.0,0.601,5.43,4.0,1.0,0.153,435.0,Fake
975,Technology,581.0,0.295,7.95,0.0,1.0,0.145,235.0,Real
976,Health,270.0,-0.344,5.98,0.0,0.0,0.067,,Real
977,Economy,423.0,0.827,0.07,2.0,0.0,0.194,2697.0,Fake
978,Health,412.0,,9.0,2.0,1.0,0.078,1065.0,Real
979,Politics,224.0,-0.672,3.25,4.0,0.0,0.145,2100.0,Fake
980,Economy,734.0,0.249,8.16,0.0,1.0,0.151,2358.0,Real
981,Sports,607.0,0.141,3.18,3.0,1.0,0.133,1416.0,Fake
982,Entertainment,405.0,,4.05,1.0,0.0,0.49,23.0,Fake
983,Sports,166.0,,4.47,3.0,0.0,0.169,1527.0,Fake
984,Entertainment,316.0,0.521,4.26,2.0,1.0,0.0,560.0,Fake
985,Economy,384.0,-0.069,6.76,,1.0,0.039,201.0,Real
986,Politics,293.0,0.248,8.22,1.0,1.0,0.044,,Real
987,Entertainment,504.0,0.775,2.85,3.0,,0.288,327.0,Fake
988,Entertainment,322.0,0.414,7.23,2.0,1.0,0.05,429.0,Real
989,Entertainment,205.0,0.79,3.44,3.0,1.0,0.224,339.0,Fake
990,Politics,607.0,0.46,1.79,8.0,0.0,,1196.0,Fake
991,Health,249.0,0.289,2.32,2.0,,0.311,2680.0,Fake
992,Entertainment,354.0,-0.006,4.03,2.0,0.0,0.052,789.0,Fake
993,Entertainment,333.0,0.161,3.31,9.0,0.0,,2486.0,Fake
994,Technology,364.0,0.791,4.43,9.0,1.0,,1407.0,Fake
995,Politics,393.0,-0.401,3.76,,1.0,0.369,2451.0,Fake
996,Science,,0.145,6.58,0.0,0.0,0.059,192.0,Real
997,Health,363.0,0.389,8.13,3.0,1.0,0.104,764.0,Real
998,Sports,371.0,0.993,2.58,9.0,1.0,0.302,1889.0,Fake
999,Sports,942.0,-0.132,7.24,1.0,0.0,0.131,291.0,Real
1000,Technology,297.0,0.272,3.39,8.0,1.0,0.176,1296.0,Fake
1001,Entertainment,316.0,-0.852,4.26,6.0,0.0,0.422,1213.0,Fake
1002,Health,777.0,0.209,,1.0,1.0,0.068,288.0,Real
1003,Entertainment,248.0,-0.072,3.15,4.0,1.0,0.293,2190.0,Fake
1004,Sports,324.0,-0.017,5.57,4.0,1.0,0.241,7187.0,Fake
1005,Entertainment,390.0,,5.83,1.0,1.0,0.073,13.0,Real
1006,Economy,106.0,0.9,2.29,7.0,1.0,0.254,1176.0,Fake
1007,,574.0,0.191,7.04,0.0,1.0,0.069,699.0,Real
1008,Economy,478.0,,8.14,0.0,1.0,0.083,158.0,Real
1009,Entertainment,229.0,-0.005,6.45,8.0,1.0,0.333,1254.0,Fake
1010,Economy,,0.949,3.57,4.0,0.0,,1017.0,Fake
1011,Politics,387.0,-0.343,8.44,0.0,1.0,0.056,1332.0,Real
1012,Technology,597.0,0.147,6.93,1.0,1.0,0.052,1867.0,Real
1013,Politics,255.0,-0.13,6.96,2.0,1.0,0.132,17.0,Real
1014,Politics,398.0,-0.287,8.38,2.0,1.0,0.089,2030.0,Real
1015,Economy,,-0.421,6.49,1.0,1.0,0.1,2.0,Real
1016,Technology,456.0,0.067,2.41,8.0,0.0,0.433,6.0,Fake
1017,Politics,691.0,0.203,6.68,0.0,1.0,0.0,1525.0,Real
1018,Technology,191.0,-0.784,3.04,6.0,0.0,0.324,233.0,Fake
1019,Politics,196.0,0.174,4.17,4.0,0.0,0.122,890.0,Fake
1020,Entertainment,394.0,,6.37,1.0,1.0,,3622.0,Real
1021,Technology,606.0,0.456,9.4,0.0,1.0,0.073,,Real
1022,Health,445.0,,2.79,5.0,0.0,0.204,,Fake
1023,Health,352.0,-0.36,,0.0,1.0,0.036,216.0,Real
1024,Health,193.0,0.285,3.18,6.0,1.0,0.245,921.0,Fake
1025,Politics,470.0,0.658,3.21,6.0,1.0,0.051,114.0,Fake
1026,Politics,608.0,-0.033,7.1,0.0,1.0,0.045,559.0,Real
1027,Technology,483.0,-0.155,8.44,2.0,1.0,0.058,464.0,Real
1028,Sports,409.0,-0.177,6.73,0.0,1.0,0.0,772.0,Real
1029,Politics,192.0,-0.939,3.51,4.0,0.0,0.13,587.0,Fake
1030,Politics,621.0,0.206,8.96,0.0,1.0,0.11,196.0,Real
1031,Sports,332.0,0.424,1.73,4.0,0.0,0.153,1068.0,Fake
1032,Entertainment,454.0,0.204,3.02,6.0,0.0,0.235,2362.0,Fake
1033,Economy,468.0,0.138,,1.0,1.0,0.163,718.0,Real
1034,Sports,,0.184,4.56,4.0,0.0,0.221,956.0,Fake
1035,Politics,597.0,0.071,6.82,0.0,1.0,0.091,76.0,Real
1036,Politics,550.0,0.009,6.16,0.0,1.0,0.0,,Real
1037,Health,350.0,-0.218,3.91,8.0,1.0,0.326,334.0,Fake
1038,Politics,591.0,0.17,8.03,1.0,1.0,0.051,454.0,Real
1039,Sports,565.0,-0.407,7.58,0.0,1.0,0.095,673.0,Real
1040,Economy,380.0,-0.134,9.48,0.0,0.0,0.063,796.0,Real
1041,Technology,258.0,-0.486,5.04,3.0,1.0,0.264,1814.0,Fake
1042,Technology,894.0,0.007,6.23,1.0,,0.164,159.0,Real
1043,Politics,,0.377,6.3,2.0,,0.0,354.0,Real
1044,Health,384.0,-0.678,3.0,,1.0,0.161,292.0,Fake
1045,Entertainment,,0.258,,2.0,0.0,0.344,,Fake
1046,Health,355.0,0.076,5.97,3.0,0.0,0.302,4603.0,Fake
1047,Entertainment,98.0,-0.953,4.61,4.0,,0.058,4418.0,Fake
1048,Health,564.0,-0.141,6.48,1.0,1.0,0.0,907.0,Real
1049,Health,644.0,-0.401,8.97,4.0,1.0,0.095,1958.0,Real
1050,Sports,746.0,-0.391,6.21,0.0,1.0,0.067,590.0,Real
1051,,710.0,,6.76,1.0,1.0,0.06,203.0,Real
1052,Politics,459.0,-0.045,6.04,1.0,1.0,0.074,323.0,Real
1053,Sports,651.0,-0.298,7.97,0.0,1.0,0.048,,Real
1054,Entertainment,198.0,-0.81,3.7,6.0,1.0,,,Fake
1055,Technology,367.0,-0.898,2.3,5.0,,,1825.0,Fake
1056,Health,456.0,-0.45,6.83,0.0,1.0,0.082,52.0,Real
1057,Politics,304.0,-0.081,5.8,7.0,0.0,0.313,,Fake
1058,Politics,50.0,-0.841,,4.0,0.0,0.399,2261.0,Fake
1059,Technology,786.0,0.131,7.02,1.0,0.0,0.057,,Real
1060,Sports,535.0,-0.338,7.86,0.0,1.0,0.0,214.0,Real
1061,Politics,180.0,-0.192,4.47,2.0,0.0,0.253,583.0,Fake
1062,Politics,273.0,-0.325,3.53,2.0,0.0,0.244,5599.0,Fake
1063,Technology,654.0,-0.49,4.47,0.0,1.0,0.05,2606.0,Real
1064,Health,276.0,0.892,2.33,7.0,0.0,0.29,1863.0,Fake
1065,Economy,503.0,-0.325,,0.0,1.0,0.065,424.0,Real
1066,Politics,414.0,-0.289,6.85,1.0,1.0,0.152,13.0,Real
1067,Politics,553.0,-0.338,6.86,3.0,1.0,0.157,1323.0,Real
1068,Technology,288.0,0.166,,4.0,1.0,,59.0,Fake
1069,Health,510.0,-0.044,2.36,5.0,1.0,0.247,667.0,Fake
1070,Science,376.0,-0.314,7.03,2.0,1.0,0.095,2332.0,Real
1071,Economy,577.0,0.375,3.83,5.0,0.0,0.472,231.0,Fake
1072,Technology,188.0,-0.133,3.29,3.0,0.0,0.277,3360.0,Fake
1073,Economy,647.0,0.357,8.28,1.0,1.0,0.056,509.0,Real
1074,Health,390.0,-0.347,7.25,2.0,1.0,,997.0,Real
1075,Health,269.0,0.176,4.43,3.0,0.0,0.256,778.0,Fake
1076,Politics,302.0,-0.886,2.83,5.0,0.0,0.187,478.0,Fake
1077,Health,496.0,0.433,6.67,6.0,1.0,0.035,2719.0,Fake
1078,Entertainment,309.0,0.107,0.46,5.0,0.0,0.288,3976.0,Fake
1079,Politics,621.0,,6.44,2.0,1.0,0.107,322.0,Real
1080,Economy,523.0,0.641,6.79,4.0,0.0,,597.0,Fake
1081,Technology,,0.217,4.66,3.0,0.0,0.218,1042.0,Fake
1082,Technology,469.0,-0.143,2.43,4.0,0.0,0.025,2060.0,Fake
1083,Technology,116.0,-0.025,1.5,7.0,0.0,,509.0,Fake
1084,Economy,512.0,-0.283,8.52,2.0,1.0,,147.0,Real
1085,Health,240.0,0.747,2.27,6.0,0.0,0.372,85.0,Fake
1086,Politics,439.0,0.537,,9.0,0.0,0.262,171.0,Fake
1087,Politics,331.0,-0.699,3.89,5.0,1.0,0.14,993.0,Fake
1088,Health,320.0,-0.501,2.33,6.0,0.0,0.109,116.0,Fake
1089,Entertainment,312.0,0.177,6.58,1.0,1.0,0.0,1598.0,Real
1090,Politics,648.0,-0.019,5.51,1.0,1.0,0.176,167.0,Real
1091,Entertainment,265.0,0.382,6.69,0.0,1.0,0.008,1999.0,Real
1092,Politics,383.0,,3.33,,1.0,0.18,213.0,Fake
1093,Health,648.0,-0.375,6.53,0.0,0.0,0.024,144.0,Real
1094,Health,302.0,0.691,0.82,4.0,0.0,0.183,485.0,Fake
1095,Entertainment,309.0,,,7.0,0.0,0.167,427.0,Fake
1096,Entertainment,498.0,-0.128,6.83,1.0,1.0,0.088,195.0,Real
1097,Sports,751.0,0.338,6.98,0.0,1.0,0.05,166.0,Real
1098,Sports,,,6.03,0.0,0.0,,1026.0,Real
1099,Economy,803.0,0.373,7.75,0.0,1.0,0.047,728.0,Real
1100,Health,836.0,0.128,8.26,0.0,1.0,0.086,842.0,Real
1101,Sports,368.0,,4.78,1.0,0.0,0.417,3276.0,Fake
1102,Health,226.0,0.052,1.36,4.0,1.0,0.08,3282.0,Fake
1103,Sports,738.0,0.4,8.32,0.0,,0.063,537.0,Real
1104,Politics,239.0,-0.448,1.69,5.0,0.0,0.15,805.0,Fake
1105,Sports,275.0,0.182,6.61,8.0,0.0,0.094,1087.0,Fake
1106,Sports,617.0,0.492,6.73,0.0,0.0,0.056,471.0,Real
1107,Politics,675.0,,7.67,0.0,1.0,0.035,235.0,Real
1108,Politics,536.0,0.166,7.12,,1.0,0.118,195.0,Real
1109,Health,538.0,0.063,8.41,1.0,0.0,0.052,279.0,Real
1110,Health,208.0,0.083,2.24,6.0,0.0,0.509,108.0,Fake
1111,Economy,,0.171,3.41,6.0,,,690.0,Fake
1112,Science,243.0,-0.326,5.23,6.0,1.0,0.373,907.0,Fake
1113,Health,207.0,0.449,4.36,5.0,0.0,0.338,2328.0,Fake
1114,Economy,643.0,-0.23,5.9,1.0,,0.015,,Real
1115,Sports,337.0,-0.781,3.86,4.0,1.0,,1130.0,Fake
1116,Science,637.0,0.023,5.27,,1.0,0.189,729.0,Fake
1117,Politics,287.0,0.009,3.09,3.0,0.0,0.349,771.0,Fake
1118,Health,662.0,-0.209,7.05,0.0,1.0,0.045,1225.0,Real
1119,Technology,411.0,0.554,2.25,,1.0,0.099,1009.0,Fake
1120,Economy,539.0,0.405,4.56,4.0,0.0,0.421,1869.0,Fake
1121,Politics,587.0,0.499,7.39,0.0,1.0,0.111,947.0,Real
1122,Health,271.0,0.614,2.58,8.0,1.0,0.371,2091.0,Fake
1123,Politics,581.0,0.186,3.22,0.0,0.0,0.389,1053.0,Fake
1124,Health,490.0,-0.035,7.93,0.0,1.0,0.04,1299.0,Real
1125,Technology,537.0,0.305,7.98,,1.0,0.152,1161.0,Real
1126,Economy,328.0,-0.983,4.03,6.0,1.0,0.2,2184.0,Fake
1127,Technology,288.0,0.718,3.8,7.0,1.0,0.202,1092.0,Fake
1128,Technology,,0.09,9.66,2.0,1.0,0.117,159.0,Real
1129,Science,291.0,-0.104,2.3,2.0,0.0,0.314,356.0,Fake
1130,Health,472.0,0.367,5.85,4.0,1.0,0.135,1504.0,Fake
1131,Entertainment,200.0,-0.07,0.0,4.0,0.0,0.388,1389.0,Fake
1132,Health,119.0,0.262,6.03,3.0,1.0,0.185,1795.0,Fake
1133,Health,,0.073,6.35,0.0,1.0,0.062,1076.0,Real
1134,Health,304.0,0.392,9.68,0.0,1.0,0.036,1013.0,Real
1135,Health,,-0.83,3.78,5.0,0.0,0.101,464.0,Fake
1136,Politics,203.0,-0.207,3.83,,0.0,0.224,862.0,Fake
1137,Politics,251.0,-0.948,3.11,4.0,1.0,0.333,188.0,Fake
1138,Health,274.0,-0.819,4.21,5.0,1.0,0.189,1379.0,Fake
1139,Politics,431.0,0.086,8.39,1.0,0.0,0.117,260.0,Real
1140,Health,447.0,-0.215,7.57,1.0,1.0,0.102,810.0,Real
1141,Health,502.0,0.194,5.61,1.0,1.0,,1122.0,Real
1142,Technology,895.0,-0.499,8.73,0.0,1.0,0.13,1417.0,Real
1143,Economy,449.0,-0.004,6.81,0.0,1.0,,232.0,Real
1144,Sports,246.0,0.623,4.55,4.0,,0.265,131.0,Fake
1145,,550.0,-0.472,4.61,5.0,1.0,0.238,1723.0,Fake
1146,Entertainment,221.0,,,7.0,1.0,0.079,1294.0,Fake
1147,,741.0,-0.057,7.23,1.0,1.0,0.048,437.0,Real
1148,Economy,661.0,0.249,8.65,0.0,1.0,0.104,71.0,Real
1149,Science,808.0,0.355,7.34,1.0,1.0,0.108,1731.0,Real
1150,,200.0,,4.23,6.0,1.0,0.277,857.0,Fake
1151,Politics,609.0,-0.265,5.89,,1.0,,5696.0,Real
1152,Economy,380.0,,9.26,0.0,1.0,0.125,837.0,Real
1153,Entertainment,256.0,-0.303,,1.0,0.0,,608.0,Fake
1154,Entertainment,252.0,-0.459,,10.0,1.0,0.171,1123.0,Fake
1155,Technology,,,2.63,4.0,0.0,0.106,841.0,Fake
1156,,,-0.619,6.45,3.0,1.0,0.344,148.0,Fake
1157,Science,261.0,0.334,,3.0,0.0,0.538,2113.0,Fake
1158,Technology,377.0,-0.172,7.7,5.0,1.0,0.25,7429.0,Fake
1159,Politics,445.0,-0.41,8.65,0.0,0.0,0.0,20.0,Real
1160,Politics,566.0,-0.236,9.32,1.0,1.0,,1977.0,Real
1161,Technology,564.0,0.281,7.15,5.0,1.0,0.071,456.0,Real
1162,Sports,247.0,-0.46,5.04,3.0,1.0,0.337,280.0,Fake
1163,Entertainment,448.0,-0.419,,5.0,1.0,0.074,4039.0,Fake
1164,Politics,702.0,0.088,6.28,1.0,1.0,0.081,,Real
1165,Politics,158.0,-0.785,2.52,3.0,0.0,0.116,9248.0,Fake
1166,Entertainment,693.0,,7.38,1.0,1.0,0.02,509.0,Real
1167,Politics,646.0,-0.067,6.51,1.0,0.0,0.069,3232.0,Real
1168,Politics,577.0,0.419,7.28,1.0,1.0,0.075,362.0,Real
1169,Health,222.0,-0.063,5.12,8.0,1.0,0.259,2684.0,Fake
1170,Politics,,-0.067,8.77,1.0,1.0,0.142,911.0,Real
1171,Economy,567.0,0.329,6.98,1.0,1.0,0.0,176.0,Real
1172,Politics,575.0,-0.463,8.89,1.0,1.0,0.109,180.0,Real
1173,Politics,316.0,-0.417,6.89,1.0,0.0,0.086,77.0,Real
1174,Entertainment,677.0,0.419,7.17,0.0,1.0,0.13,468.0,Real
1175,Health,463.0,,8.63,0.0,0.0,0.072,816.0,Real
1176,Health,362.0,0.063,3.75,1.0,0.0,0.15,1182.0,Fake
1177,Technology,427.0,-0.472,7.24,0.0,1.0,0.036,675.0,Real
1178,,462.0,-0.819,1.23,3.0,0.0,0.416,721.0,Fake
1179,Entertainment,265.0,0.662,2.34,7.0,0.0,0.168,3104.0,Fake
1180,,701.0,0.412,,2.0,1.0,0.109,205.0,Real
1181,Politics,343.0,-0.101,2.02,,0.0,0.069,617.0,Fake
1182,Economy,171.0,-0.415,3.18,4.0,0.0,0.462,3415.0,Fake
1183,Politics,,0.08,3.77,6.0,1.0,0.337,5232.0,Fake
1184,Technology,575.0,-0.352,8.23,1.0,1.0,0.051,1688.0,Real
1185,Entertainment,347.0,-0.245,4.8,6.0,0.0,0.27,810.0,Fake
1186,Economy,416.0,-0.791,4.12,4.0,0.0,0.213,377.0,Fake
1187,Health,398.0,0.741,2.24,7.0,0.0,0.256,97.0,Fake
1188,Science,,0.122,7.31,1.0,1.0,0.039,196.0,Real
1189,Technology,268.0,-0.159,5.79,7.0,0.0,0.198,230.0,Fake
1190,Science,740.0,-0.163,6.66,2.0,1.0,0.062,598.0,Real
1191,Sports,725.0,0.11,8.26,0.0,1.0,0.122,99.0,Real
1192,Technology,512.0,0.059,4.84,1.0,0.0,,318.0,Real
1193,Entertainment,746.0,0.333,6.82,1.0,1.0,0.105,2345.0,Real
1194,Politics,581.0,0.343,7.92,3.0,1.0,0.012,,Real
1195,Entertainment,330.0,0.251,1.02,6.0,0.0,0.131,1113.0,Fake
1196,,674.0,,6.73,1.0,1.0,0.113,672.0,Real
1197,Sports,402.0,-0.709,1.45,4.0,1.0,0.347,477.0,Fake
1198,Politics,515.0,0.473,5.51,1.0,1.0,0.101,818.0,Real
1199,Politics,513.0,-0.314,6.3,0.0,1.0,0.018,1417.0,Real
1200,Technology,286.0,0.443,4.89,5.0,0.0,0.27,2512.0,Fake
1201,Technology,,-0.157,6.75,1.0,1.0,0.014,510.0,Real
1202,Entertainment,635.0,-0.492,9.93,0.0,1.0,0.099,692.0,Real
1203,Sports,824.0,0.335,7.0,1.0,1.0,0.004,1528.0,Real
1204,Sports,289.0,-0.408,3.58,4.0,0.0,,244.0,Fake
1205,Technology,440.0,-0.482,7.46,3.0,1.0,0.085,,Real
1206,Politics,429.0,-0.013,10.0,2.0,1.0,0.131,1454.0,Real
1207,Politics,320.0,0.248,4.67,5.0,0.0,0.121,1229.0,Fake
1208,Health,142.0,0.677,1.7,4.0,0.0,0.329,1244.0,Fake
1209,Technology,645.0,0.395,9.03,2.0,1.0,0.151,22.0,Real
1210,Technology,730.0,-0.201,6.92,1.0,1.0,0.085,869.0,Real
1211,Politics,693.0,0.386,6.25,,1.0,0.096,1651.0,Real
1212,Sports,488.0,0.018,,1.0,1.0,0.0,78.0,Real
1213,Economy,541.0,0.056,6.17,4.0,1.0,0.303,,Fake
1214,Technology,363.0,-0.516,4.92,4.0,,0.226,168.0,Fake
1215,Technology,250.0,0.969,1.92,2.0,1.0,0.299,1843.0,Fake
1216,Sports,,-0.156,6.26,,0.0,0.297,671.0,Fake
1217,Sports,774.0,-0.225,5.97,2.0,1.0,0.068,286.0,Real
1218,,881.0,-0.453,8.22,0.0,1.0,0.049,,Real
1219,Health,948.0,-0.177,,2.0,,0.132,,Real
1220,Health,392.0,,3.49,,0.0,0.278,1202.0,Fake
1221,Health,542.0,0.878,4.64,5.0,0.0,0.274,73.0,Fake
1222,Entertainment,399.0,-0.566,1.19,1.0,0.0,0.292,2663.0,Fake
1223,Entertainment,239.0,,4.66,7.0,0.0,0.227,119.0,Fake
1224,Technology,,-0.201,6.74,,0.0,0.301,1565.0,Fake
1225,Health,281.0,-0.334,5.29,,,0.222,2408.0,Fake
1226,Technology,450.0,-0.473,4.83,1.0,0.0,0.194,2608.0,Fake
1227,Health,466.0,0.347,7.85,1.0,1.0,0.094,,Real
1228,Entertainment,176.0,0.23,4.11,9.0,0.0,0.382,495.0,Fake
1229,Sports,596.0,0.223,6.34,0.0,1.0,0.095,321.0,Real
1230,Health,236.0,0.743,,5.0,0.0,,4185.0,Fake
1231,Economy,321.0,-0.144,8.24,0.0,1.0,0.11,798.0,Real
1232,Economy,538.0,-0.261,10.0,1.0,1.0,0.0,1066.0,Real
1233,Economy,327.0,0.948,5.9,5.0,1.0,0.179,,Fake
1234,Sports,531.0,0.441,4.1,,0.0,0.302,648.0,Fake
1235,Health,253.0,0.89,3.46,5.0,1.0,0.185,308.0,Fake
1236,Politics,392.0,0.329,6.02,0.0,1.0,0.03,47.0,Real
1237,Politics,317.0,0.855,2.81,8.0,1.0,0.253,493.0,Fake
1238,Economy,262.0,,3.9,5.0,1.0,0.393,2262.0,Fake
1239,Politics,496.0,-0.013,4.95,3.0,1.0,0.056,211.0,Real
1240,Science,236.0,-0.715,5.75,2.0,0.0,0.331,65.0,Fake
1241,Entertainment,528.0,0.872,2.91,6.0,1.0,0.104,2708.0,Fake
1242,Entertainment,607.0,-0.499,8.03,3.0,1.0,0.029,1290.0,Real
1243,Technology,314.0,-0.945,4.63,4.0,1.0,0.093,236.0,Fake
1244,Technology,489.0,0.41,5.33,4.0,1.0,0.23,1409.0,Fake
1245,Technology,864.0,-0.279,7.9,1.0,1.0,,82.0,Real
1246,Economy,445.0,0.499,8.9,2.0,1.0,0.034,1306.0,Real
1247,Politics,372.0,-0.875,2.43,3.0,1.0,0.095,3384.0,Fake
1248,Science,339.0,-0.193,7.15,0.0,1.0,0.114,114.0,Real
1249,Sports,415.0,-0.675,2.49,2.0,1.0,0.286,563.0,Fake
1250,Politics,357.0,-0.213,2.3,6.0,1.0,0.279,1435.0,Fake
1251,Entertainment,645.0,0.217,7.96,1.0,1.0,0.009,354.0,Real
1252,Technology,196.0,-0.43,,4.0,0.0,0.453,1061.0,Fake
1253,Health,314.0,0.202,4.28,,1.0,0.294,349.0,Fake
1254,Economy,619.0,-0.275,7.13,1.0,1.0,0.065,375.0,Real
1255,Health,,-0.066,4.61,2.0,1.0,0.177,1094.0,Fake
1256,Politics,392.0,-0.008,5.99,1.0,0.0,0.058,54.0,Real
1257,Entertainment,150.0,,1.32,5.0,0.0,,4178.0,Fake
1258,Entertainment,,-0.254,7.21,1.0,1.0,0.14,,Real
1259,Politics,226.0,0.363,3.68,2.0,1.0,0.345,378.0,Fake
1260,Politics,613.0,0.269,,1.0,0.0,0.11,46.0,Real
1261,Health,469.0,0.81,2.54,4.0,0.0,0.103,160.0,Fake
1262,Sports,423.0,0.151,2.92,4.0,0.0,,2257.0,Fake
1263,Economy,941.0,-0.462,7.23,4.0,1.0,0.037,204.0,Real
1264,Economy,,0.108,6.12,2.0,0.0,0.172,2056.0,Fake
1265,Politics,339.0,0.564,1.61,,0.0,0.18,1244.0,Fake
1266,Sports,447.0,0.054,4.85,1.0,1.0,0.01,18.0,Real
1267,Technology,308.0,0.208,7.82,1.0,1.0,0.015,5.0,Real
1268,,476.0,0.467,6.39,0.0,1.0,0.065,988.0,Real
1269,Economy,396.0,-0.122,,4.0,0.0,0.288,1481.0,Fake
1270,Politics,242.0,-0.02,4.75,3.0,0.0,0.069,2656.0,Fake
1271,Technology,142.0,-0.894,3.31,5.0,1.0,,,Fake
1272,Health,760.0,-0.004,6.57,0.0,1.0,0.189,438.0,Real
1273,,580.0,0.477,7.43,0.0,1.0,0.119,65.0,Real
1274,Economy,522.0,-0.196,7.35,1.0,1.0,0.113,279.0,Real
1275,Economy,387.0,0.762,2.72,6.0,0.0,0.186,28.0,Fake
1276,Technology,472.0,-0.995,3.89,2.0,,,,Fake
1277,Politics,298.0,-0.068,5.1,2.0,0.0,0.477,1039.0,Fake
1278,Health,483.0,,8.12,1.0,1.0,0.091,586.0,Real
1279,Politics,539.0,0.202,9.73,1.0,1.0,0.106,239.0,Real
1280,Sports,464.0,0.354,6.82,1.0,1.0,0.0,786.0,Real
1281,Politics,1030.0,-0.205,6.05,2.0,,0.127,585.0,Real
1282,Economy,381.0,0.007,7.74,1.0,1.0,0.004,110.0,Real
1283,Health,697.0,0.093,3.14,0.0,1.0,0.071,,Real
1284,Technology,280.0,-0.033,1.29,1.0,1.0,0.206,709.0,Fake
1285,Politics,,0.102,,5.0,1.0,0.34,,Fake
1286,Economy,531.0,-0.351,6.69,0.0,0.0,0.075,520.0,Real
1287,Technology,374.0,0.434,4.65,6.0,1.0,0.205,168.0,Fake
1288,Technology,557.0,-0.736,4.6,4.0,1.0,,1514.0,Fake
1289,Health,399.0,-0.566,4.89,5.0,1.0,0.304,898.0,Fake
1290,Sports,902.0,-0.491,,1.0,1.0,0.114,1230.0,Real
1291,Sports,482.0,0.272,6.41,1.0,1.0,0.064,284.0,Real
1292,Science,525.0,0.037,7.59,0.0,1.0,0.066,1507.0,Real
1293,Politics,295.0,0.399,3.53,3.0,0.0,0.296,1287.0,Fake
1294,Entertainment,325.0,0.99,5.15,2.0,1.0,0.305,1213.0,Fake
1295,Technology,887.0,0.036,7.4,1.0,,0.076,1219.0,Real
1296,Politics,624.0,0.323,,0.0,1.0,0.06,672.0,Real
1297,Politics,863.0,-0.103,6.48,1.0,1.0,,,Real
1298,Entertainment,776.0,0.346,6.97,0.0,1.0,0.07,167.0,Real
1299,Entertainment,412.0,0.49,2.73,6.0,1.0,0.407,977.0,Fake
1300,Economy,,0.723,,3.0,1.0,0.201,2042.0,Fake
1301,Health,347.0,0.445,6.18,,0.0,,179.0,Fake
1302,Entertainment,667.0,0.04,6.95,0.0,1.0,,,Real
1303,Entertainment,337.0,,8.54,1.0,1.0,0.156,521.0,Real
1304,Health,283.0,,0.72,11.0,0.0,0.389,1402.0,Fake
1305,Technology,,-0.134,0.25,2.0,1.0,0.298,,Fake
1306,Health,284.0,0.097,2.41,6.0,1.0,0.234,212.0,Fake
1307,Politics,494.0,-0.941,4.06,3.0,0.0,0.322,378.0,Fake
1308,Economy,831.0,-0.318,,,1.0,0.01,,Real
1309,Science,415.0,-0.396,7.59,1.0,1.0,0.125,10.0,Real
1310,Entertainment,246.0,-0.138,1.3,,1.0,0.253,117.0,Fake
1311,Sports,487.0,-0.081,3.06,3.0,0.0,0.292,1308.0,Fake
1312,Entertainment,610.0,0.222,6.17,3.0,1.0,0.11,790.0,Real
1313,Sports,348.0,0.445,,1.0,1.0,0.101,496.0,Real
1314,Technology,253.0,-0.244,0.36,5.0,1.0,0.179,3535.0,Fake
1315,Politics,,-0.646,2.42,6.0,0.0,0.281,3253.0,Fake
1316,Sports,415.0,-0.887,4.22,9.0,1.0,0.213,,Fake
1317,Entertainment,467.0,0.079,8.95,1.0,1.0,0.165,,Real
1318,Entertainment,330.0,-0.056,0.71,5.0,0.0,0.224,5250.0,Fake
1319,Health,238.0,0.223,1.75,8.0,0.0,0.225,2220.0,Fake
1320,Health,695.0,-0.098,4.9,0.0,,0.129,1514.0,Real
1321,Health,580.0,0.422,8.76,0.0,1.0,0.047,1627.0,Real
1322,Health,530.0,0.416,5.04,2.0,1.0,0.144,,Real
1323,Entertainment,724.0,0.032,5.44,0.0,1.0,0.147,347.0,Real
1324,Entertainment,151.0,0.419,3.96,2.0,1.0,0.26,1303.0,Fake
1325,Science,580.0,,,0.0,1.0,0.058,432.0,Real
1326,Health,,-0.564,6.47,4.0,1.0,0.184,321.0,Fake
1327,Technology,383.0,0.512,1.82,4.0,0.0,0.251,502.0,Fake
1328,Politics,482.0,-0.052,7.88,2.0,1.0,0.094,56.0,Real
1329,Economy,385.0,0.417,6.35,1.0,1.0,0.016,451.0,Real
1330,Sports,560.0,-0.496,6.44,0.0,1.0,0.102,1376.0,Real
1331,Technology,633.0,0.308,8.12,1.0,,0.019,362.0,Real
1332,Politics,506.0,,9.82,2.0,1.0,0.07,2171.0,Real
1333,Politics,885.0,-0.055,6.08,0.0,1.0,0.115,858.0,Real
1334,Politics,128.0,-0.89,1.74,5.0,0.0,0.312,,Fake
1335,,295.0,,3.85,4.0,0.0,0.159,1565.0,Fake
1336,Technology,484.0,-0.169,6.62,1.0,1.0,0.09,15.0,Real
1337,Sports,321.0,0.034,1.8,2.0,,0.412,1129.0,Fake
1338,Technology,249.0,-0.531,3.96,3.0,1.0,0.336,899.0,Fake
1339,Politics,269.0,-0.364,0.22,7.0,0.0,0.474,,Fake
1340,Health,389.0,-0.468,,0.0,1.0,0.078,1437.0,Real
1341,Entertainment,267.0,0.743,3.44,6.0,0.0,0.275,1270.0,Fake
1342,Sports,647.0,-0.249,6.87,1.0,0.0,,341.0,Real
1343,Politics,591.0,-0.339,3.99,3.0,0.0,0.138,,Fake
1344,Health,429.0,-0.156,7.9,1.0,1.0,0.09,321.0,Real
1345,Entertainment,529.0,0.137,7.52,0.0,1.0,,377.0,Real
1346,Technology,612.0,0.132,6.6,0.0,1.0,0.02,32.0,Real
1347,Politics,437.0,0.212,9.67,1.0,1.0,0.099,184.0,Real
1348,Politics,331.0,0.958,5.45,3.0,1.0,0.326,1825.0,Fake
1349,Politics,283.0,-0.198,2.68,2.0,0.0,0.326,4480.0,Fake
1350,Entertainment,597.0,-0.179,6.48,4.0,1.0,0.072,,Real
1351,Health,,-0.727,3.91,1.0,0.0,0.331,2823.0,Fake
1352,Technology,671.0,0.467,7.22,2.0,1.0,0.104,609.0,Real
1353,Technology,618.0,0.485,8.82,3.0,1.0,0.0,113.0,Real
1354,Sports,677.0,0.027,8.99,1.0,0.0,0.065,774.0,Real
1355,Technology,510.0,0.075,3.31,3.0,1.0,0.31,242.0,Fake
1356,Entertainment,274.0,0.286,3.65,3.0,0.0,,1758.0,Fake
1357,Politics,236.0,-0.361,3.17,4.0,0.0,0.332,4419.0,Fake
1358,Entertainment,605.0,0.37,8.43,,1.0,0.025,184.0,Real
1359,,622.0,-0.433,7.08,1.0,1.0,0.087,,Real
1360,Politics,297.0,0.284,3.38,5.0,0.0,0.298,2049.0,Fake
1361,Economy,241.0,-0.248,6.73,1.0,0.0,0.026,1461.0,Real
1362,Politics,371.0,-0.019,0.51,,0.0,0.208,3034.0,Fake
1363,Politics,406.0,0.921,2.31,3.0,1.0,0.332,3472.0,Fake
1364,,266.0,0.396,3.98,3.0,0.0,0.254,2138.0,Fake
1365,Politics,272.0,-0.071,,0.0,,0.122,996.0,Real
1366,Entertainment,372.0,-0.442,6.8,0.0,1.0,0.183,391.0,Real
1367,Health,502.0,0.815,3.32,5.0,1.0,0.099,198.0,Fake
1368,Politics,409.0,,7.77,0.0,1.0,0.004,111.0,Real
1369,Economy,595.0,-0.406,5.77,1.0,0.0,0.044,56.0,Real
1370,Sports,292.0,-0.55,4.83,5.0,1.0,0.262,2355.0,Fake
1371,Health,198.0,,5.97,3.0,1.0,0.289,494.0,Fake
1372,Health,,0.461,7.51,0.0,0.0,0.035,33.0,Real
1373,Technology,408.0,0.256,,1.0,1.0,0.034,,Real
1374,Health,,-0.103,4.62,7.0,0.0,0.23,2291.0,Fake
1375,Politics,380.0,0.128,5.28,9.0,1.0,0.177,771.0,Fake
1376,Entertainment,714.0,-0.486,5.01,2.0,1.0,0.128,73.0,Real
1377,Technology,595.0,-0.336,6.95,0.0,1.0,0.095,98.0,Real
1378,Entertainment,318.0,-0.463,,3.0,0.0,0.236,1288.0,Fake
1379,Politics,447.0,0.715,4.87,1.0,1.0,0.234,771.0,Fake
1380,Politics,122.0,0.468,4.41,4.0,0.0,0.276,49.0,Fake
1381,,195.0,-0.36,4.9,2.0,0.0,0.231,824.0,Fake
1382,Technology,250.0,0.901,,2.0,1.0,0.225,2497.0,Fake
1383,Technology,620.0,0.475,6.32,1.0,1.0,0.054,66.0,Real
1384,,,,9.38,0.0,1.0,0.086,145.0,Real
1385,Politics,506.0,0.19,5.3,1.0,1.0,0.056,437.0,Real
1386,Sports,740.0,0.271,4.16,,1.0,0.133,,Fake
1387,Science,597.0,-0.151,6.36,1.0,1.0,0.13,,Real
1388,Politics,217.0,-0.012,4.51,5.0,1.0,0.155,1134.0,Fake
1389,Technology,445.0,-0.079,,3.0,0.0,0.076,560.0,Fake
1390,Entertainment,553.0,0.468,8.08,0.0,1.0,0.076,797.0,Real
1391,Entertainment,147.0,,0.88,5.0,0.0,0.315,2213.0,Fake
1392,Health,174.0,-0.323,,10.0,0.0,0.319,265.0,Fake
1393,Politics,211.0,-0.339,4.7,3.0,0.0,0.439,,Fake
1394,Sports,311.0,0.919,,0.0,0.0,0.268,3424.0,Fake
1395,Entertainment,752.0,-0.396,6.57,1.0,1.0,0.099,2899.0,Real
1396,Entertainment,397.0,0.231,7.25,1.0,1.0,0.096,604.0,Real
1397,Politics,263.0,0.498,3.81,6.0,1.0,0.221,,Fake
1398,Health,,-0.087,1.55,4.0,0.0,0.229,732.0,Fake
1399,Politics,273.0,0.439,,0.0,1.0,0.249,1045.0,Fake
1400,Technology,627.0,,7.03,0.0,1.0,0.008,2016.0,Real
1401,Politics,146.0,,7.25,6.0,0.0,0.199,,Fake
1402,Entertainment,572.0,0.383,,2.0,1.0,0.033,197.0,Real
1403,Politics,313.0,-0.047,4.66,,0.0,0.235,2774.0,Fake
1404,Science,449.0,0.014,5.27,2.0,1.0,0.073,713.0,Real
1405,Health,429.0,0.255,4.27,4.0,1.0,0.235,29.0,Fake
1406,Sports,622.0,,6.84,,1.0,0.107,238.0,Real
1407,Politics,722.0,0.388,6.32,1.0,1.0,0.081,1797.0,Real
1408,Science,432.0,-0.037,3.53,3.0,0.0,0.268,1522.0,Fake
1409,Politics,503.0,0.488,7.66,2.0,1.0,0.148,627.0,Real
1410,Economy,50.0,-0.282,,1.0,1.0,0.126,,Fake
1411,Technology,369.0,0.681,3.86,8.0,0.0,0.244,,Fake
1412,Sports,561.0,-0.462,8.8,0.0,1.0,0.106,1491.0,Real
1413,Economy,,-0.26,4.74,1.0,1.0,0.0,1562.0,Real
1414,Sports,675.0,-0.215,8.33,1.0,1.0,0.099,344.0,Real
1415,Technology,555.0,0.079,4.96,0.0,1.0,0.091,94.0,Real
1416,Technology,732.0,0.44,5.31,,1.0,0.025,2713.0,Real
1417,Sports,402.0,-0.876,4.37,3.0,0.0,0.052,410.0,Fake
1418,Science,308.0,-0.963,1.77,9.0,1.0,0.213,319.0,Fake
1419,Technology,584.0,0.484,6.83,0.0,1.0,0.094,1050.0,Real
1420,Politics,242.0,0.393,4.74,3.0,0.0,0.258,28.0,Fake
1421,Entertainment,597.0,0.103,,0.0,,0.09,200.0,Real
1422,Health,538.0,-0.084,8.65,1.0,1.0,0.005,1238.0,Real
1423,Politics,483.0,-0.709,1.3,4.0,1.0,0.335,3385.0,Fake
1424,Economy,461.0,-0.35,5.75,1.0,1.0,0.0,2797.0,Real
1425,Health,572.0,0.564,,5.0,1.0,0.207,143.0,Fake
1426,Entertainment,275.0,,4.1,4.0,1.0,0.1,1.0,Fake
1427,Politics,716.0,0.136,7.93,0.0,1.0,0.056,489.0,Real
1428,Science,402.0,0.77,4.71,4.0,1.0,0.22,1.0,Fake
1429,Entertainment,438.0,0.042,7.43,0.0,1.0,0.0,393.0,Real
1430,Politics,610.0,-0.411,6.37,0.0,1.0,0.06,670.0,Real
1431,Technology,395.0,0.957,4.41,4.0,0.0,0.194,,Fake
1432,Health,728.0,-0.403,5.43,0.0,1.0,0.041,1426.0,Real
1433,Entertainment,483.0,-0.112,4.85,,1.0,0.048,488.0,Real
1434,Science,463.0,0.746,4.34,5.0,0.0,0.235,2498.0,Fake
1435,,,0.203,8.85,0.0,1.0,0.169,693.0,Real
1436,Health,360.0,0.896,5.16,4.0,1.0,0.136,1439.0,Fake
1437,Sports,784.0,-0.206,5.26,0.0,0.0,0.177,253.0,Real
1438,Entertainment,461.0,-0.904,2.56,6.0,0.0,0.209,4162.0,Fake
1439,Sports,241.0,0.045,5.22,10.0,0.0,,892.0,Fake
1440,Health,,-0.232,2.75,2.0,0.0,0.095,2186.0,Fake
1441,Politics,259.0,-0.632,1.89,,1.0,0.106,366.0,Fake
1442,Entertainment,202.0,-0.002,3.67,3.0,1.0,0.366,28.0,Fake
1443,Health,613.0,-0.439,,0.0,0.0,0.067,637.0,Real
1444,Technology,373.0,0.421,3.92,6.0,0.0,0.227,73.0,Fake
1445,Politics,189.0,0.812,1.97,5.0,,0.431,3289.0,Fake
1446,Politics,489.0,-0.247,7.96,2.0,1.0,0.09,2807.0,Real
1447,Politics,606.0,0.391,,1.0,1.0,0.015,225.0,Real
1448,Economy,718.0,0.333,4.96,1.0,1.0,0.119,540.0,Real
1449,Technology,452.0,0.149,4.7,3.0,1.0,0.415,396.0,Fake
1450,Entertainment,521.0,-0.241,7.02,3.0,1.0,0.042,491.0,Real
1451,Entertainment,533.0,0.256,4.52,6.0,0.0,0.365,2897.0,Fake
1452,Economy,802.0,0.281,6.4,3.0,0.0,0.035,2348.0,Real
1453,Entertainment,156.0,0.737,4.17,2.0,1.0,0.215,331.0,Fake
1454,Technology,649.0,-0.244,7.16,0.0,1.0,0.14,522.0,Real
1455,Entertainment,862.0,-0.064,9.09,0.0,1.0,0.0,529.0,Real
1456,Entertainment,806.0,-0.396,,0.0,1.0,0.111,214.0,Real
1457,Entertainment,422.0,-0.424,0.88,5.0,0.0,0.146,1314.0,Fake
1458,Technology,784.0,0.333,6.18,0.0,1.0,0.089,293.0,Real
1459,,,-0.308,,2.0,0.0,0.111,383.0,Real
1460,Sports,378.0,-0.438,1.52,2.0,1.0,0.204,449.0,Fake
1461,Health,589.0,,5.84,0.0,1.0,0.138,28.0,Real
1462,Technology,357.0,-0.926,3.34,3.0,0.0,0.269,423.0,Fake
1463,Entertainment,548.0,0.209,6.55,1.0,1.0,0.072,224.0,Real
1464,Entertainment,374.0,-0.89,6.22,5.0,0.0,0.352,2086.0,Fake
1465,Technology,556.0,-0.237,8.38,0.0,,0.184,237.0,Real
1466,Health,325.0,-0.375,9.03,1.0,1.0,0.095,388.0,Real
1467,Economy,284.0,0.503,4.16,6.0,1.0,0.34,1491.0,Fake
1468,Technology,692.0,-0.346,6.25,1.0,0.0,0.012,517.0,Real
1469,Entertainment,304.0,0.17,5.11,3.0,0.0,,,Fake
1470,Economy,482.0,0.227,3.28,0.0,1.0,0.089,1294.0,Real
1471,Politics,842.0,-0.115,7.99,0.0,1.0,0.063,596.0,Real
1472,Technology,495.0,0.953,1.78,4.0,0.0,0.199,300.0,Fake
1473,Sports,444.0,,8.42,2.0,1.0,0.114,3100.0,Real
1474,Health,537.0,0.34,8.1,1.0,0.0,0.0,1281.0,Real
1475,Science,575.0,-0.318,6.83,1.0,1.0,0.03,674.0,Real
1476,Entertainment,384.0,0.07,5.34,5.0,0.0,0.17,1125.0,Fake
1477,Technology,,-0.382,4.22,7.0,1.0,0.139,1322.0,Fake
1478,Health,677.0,0.386,7.21,2.0,0.0,0.074,328.0,Real
1479,Health,546.0,-0.146,6.4,1.0,1.0,0.078,1863.0,Real
1480,Entertainment,506.0,0.152,2.35,2.0,0.0,0.371,695.0,Fake
1481,Entertainment,577.0,0.12,7.98,0.0,0.0,0.119,231.0,Real
1482,,721.0,0.475,7.85,0.0,1.0,,2305.0,Real
1483,Politics,198.0,-0.878,4.5,6.0,0.0,0.343,271.0,Fake
1484,Health,507.0,0.099,8.88,1.0,0.0,0.059,669.0,Real
1485,Economy,518.0,-0.482,2.49,3.0,0.0,0.0,1696.0,Fake
1486,Economy,,0.691,3.22,2.0,1.0,0.26,20.0,Fake
1487,Entertainment,177.0,,0.98,5.0,0.0,0.234,1802.0,Fake
1488,Entertainment,308.0,-0.194,5.12,6.0,0.0,0.221,1218.0,Fake
1489,Politics,499.0,-0.806,2.57,5.0,1.0,0.278,,Fake
1490,Entertainment,440.0,-0.79,2.56,,0.0,0.313,1036.0,Fake
1491,Technology,473.0,0.42,7.17,1.0,1.0,0.063,191.0,Real
1492,,607.0,0.092,8.82,,1.0,0.103,440.0,Real
1493,Entertainment,169.0,-0.098,4.52,0.0,1.0,0.384,662.0,Fake
1494,Economy,577.0,0.164,8.5,0.0,0.0,0.11,8.0,Real
1495,Politics,556.0,0.198,7.16,1.0,1.0,0.077,425.0,Real
1496,,520.0,0.309,5.72,2.0,1.0,0.0,2391.0,Real
1497,Health,507.0,,6.83,1.0,1.0,0.06,473.0,Real
1498,Health,456.0,,8.21,0.0,1.0,0.143,379.0,Real
1499,Economy,480.0,-0.244,8.06,0.0,1.0,0.077,632.0,Real
1500,Economy,640.0,0.474,5.3,1.0,1.0,0.081,334.0,Real
1501,Economy,584.0,-0.347,1.81,3.0,1.0,0.229,,Fake
1502,Technology,609.0,0.182,6.53,0.0,1.0,0.112,147.0,Real
1503,Politics,245.0,0.909,5.9,5.0,1.0,0.253,1285.0,Fake
1504,Politics,272.0,-0.107,,3.0,1.0,0.007,699.0,Fake
1505,Entertainment,288.0,-0.372,4.54,6.0,1.0,0.4,3192.0,Fake
1506,Politics,503.0,,7.42,3.0,1.0,0.096,92.0,Real
1507,Politics,345.0,,7.16,2.0,1.0,0.059,407.0,Real
1508,Entertainment,93.0,0.048,3.51,3.0,1.0,0.324,1790.0,Fake
1509,Science,444.0,0.881,1.81,4.0,1.0,0.248,1893.0,Fake
1510,Entertainment,556.0,0.091,6.27,0.0,0.0,0.007,40.0,Real
1511,Politics,,0.105,3.44,7.0,1.0,0.484,664.0,Fake
1512,Technology,333.0,-0.821,,4.0,0.0,0.343,1830.0,Fake
1513,Entertainment,,-0.209,3.71,7.0,0.0,0.273,379.0,Fake
1514,Politics,549.0,-0.039,6.49,2.0,1.0,0.014,546.0,Real
1515,Entertainment,359.0,-0.006,6.78,0.0,0.0,0.044,,Real
1516,Politics,247.0,0.824,5.54,12.0,1.0,0.159,1916.0,Fake
1517,Economy,622.0,-0.468,6.53,0.0,1.0,0.093,34.0,Real
1518,,298.0,-0.24,2.81,2.0,1.0,0.26,776.0,Fake
1519,Politics,656.0,0.358,8.11,,1.0,0.062,217.0,Real
1520,Technology,416.0,-0.819,4.16,1.0,0.0,0.028,3698.0,Fake
1521,Technology,393.0,-0.381,7.91,2.0,,0.189,2216.0,Real
1522,Technology,364.0,0.863,3.8,5.0,0.0,0.244,,Fake
1523,Politics,944.0,-0.249,,2.0,,0.0,352.0,Real
1524,,581.0,-0.181,7.26,0.0,1.0,0.065,106.0,Real
1525,Economy,610.0,-0.002,6.86,1.0,1.0,0.015,1673.0,Real
1526,Economy,331.0,-0.01,,1.0,1.0,0.089,767.0,Real
1527,Health,311.0,-0.126,3.39,3.0,0.0,0.253,,Fake
1528,Politics,751.0,0.359,7.66,1.0,1.0,0.091,479.0,Real
1529,Science,244.0,0.854,3.25,3.0,0.0,0.202,57.0,Fake
1530,Technology,378.0,-0.514,2.98,2.0,0.0,0.108,76.0,Fake
1531,Sports,387.0,0.44,2.85,6.0,0.0,0.009,532.0,Fake
1532,Entertainment,833.0,-0.104,6.16,0.0,1.0,0.038,919.0,Real
1533,Economy,422.0,0.22,,3.0,0.0,0.191,843.0,Fake
1534,Technology,373.0,-0.322,5.16,9.0,0.0,0.094,1053.0,Fake
1535,Technology,554.0,,6.61,0.0,1.0,0.061,958.0,Real
1536,Economy,824.0,,6.55,0.0,0.0,0.155,449.0,Real
1537,Politics,465.0,-0.393,4.09,0.0,1.0,0.126,1344.0,Real
1538,Health,232.0,-0.741,4.89,5.0,0.0,0.161,,Fake
1539,,467.0,0.243,3.28,1.0,0.0,,368.0,Fake
1540,Politics,,0.078,,8.0,0.0,,99.0,Fake
1541,Entertainment,409.0,0.873,3.14,3.0,0.0,0.236,261.0,Fake
1542,Entertainment,716.0,-0.45,5.55,0.0,1.0,0.065,1378.0,Real
1543,Science,324.0,-0.341,5.47,10.0,0.0,0.2,1949.0,Fake
1544,Health,,-0.343,7.76,,1.0,0.118,2521.0,Real
1545,Sports,50.0,-0.931,3.79,4.0,0.0,0.281,874.0,Fake
1546,Economy,290.0,0.469,5.98,5.0,0.0,0.205,559.0,Fake
1547,Technology,373.0,0.946,,5.0,0.0,0.254,1416.0,Fake
1548,Health,,,8.3,0.0,1.0,0.07,2170.0,Real
1549,Sports,238.0,0.377,3.46,8.0,0.0,0.249,978.0,Fake
1550,Health,,-0.034,7.08,0.0,1.0,0.098,1292.0,Real
1551,Entertainment,366.0,0.417,5.06,9.0,0.0,0.222,2066.0,Fake
1552,Health,880.0,0.338,6.37,0.0,1.0,0.088,506.0,Real
1553,Entertainment,244.0,0.345,4.84,5.0,0.0,0.507,2067.0,Fake
1554,Politics,557.0,0.155,6.32,0.0,1.0,0.061,107.0,Real
1555,Health,,0.094,7.51,0.0,1.0,0.073,188.0,Real
1556,Technology,349.0,-0.288,4.05,,1.0,0.145,1241.0,Fake
1557,Technology,760.0,-0.37,7.11,0.0,1.0,0.056,36.0,Real
1558,Sports,289.0,-0.73,1.81,2.0,0.0,0.374,1450.0,Fake
1559,Health,502.0,0.208,4.71,5.0,0.0,0.197,573.0,Fake
1560,Politics,553.0,0.716,2.03,4.0,0.0,0.179,8195.0,Fake
1561,Politics,525.0,0.737,1.89,,1.0,0.293,1899.0,Fake
1562,Economy,112.0,-0.276,3.34,6.0,0.0,0.054,759.0,Fake
1563,Science,203.0,-0.588,3.1,2.0,1.0,0.193,418.0,Fake
1564,Health,281.0,-0.966,1.28,5.0,0.0,0.138,14.0,Fake
1565,Technology,329.0,-0.997,2.89,5.0,1.0,0.139,,Fake
1566,Economy,251.0,-0.348,3.71,6.0,,0.188,551.0,Fake
1567,Politics,534.0,-0.406,9.12,1.0,1.0,0.21,348.0,Real
1568,Health,398.0,0.127,4.57,4.0,0.0,0.142,257.0,Fake
1569,Health,,-0.728,4.91,4.0,1.0,0.264,1243.0,Fake
1570,,322.0,0.31,4.26,6.0,,0.235,1118.0,Fake
1571,Health,170.0,0.093,3.17,5.0,1.0,0.34,1356.0,Fake
1572,Politics,586.0,,6.62,1.0,1.0,0.061,114.0,Real
1573,Technology,183.0,-0.65,2.41,7.0,0.0,0.179,691.0,Fake
1574,Technology,499.0,-0.593,4.32,4.0,,0.289,1085.0,Fake
1575,Health,433.0,0.615,4.91,7.0,0.0,0.414,3423.0,Fake
1576,Politics,616.0,-0.402,7.74,,1.0,0.167,330.0,Real
1577,Health,717.0,0.314,5.15,0.0,1.0,0.104,209.0,Real
1578,Politics,319.0,-0.806,4.53,8.0,1.0,0.395,153.0,Fake
1579,Politics,609.0,0.09,5.49,1.0,,0.115,318.0,Real
1580,Technology,501.0,0.232,3.42,8.0,0.0,0.219,,Fake
1581,Politics,426.0,0.216,5.41,1.0,1.0,0.158,802.0,Real
1582,,,0.348,4.34,3.0,0.0,0.287,3053.0,Fake
1583,Entertainment,664.0,-0.285,8.26,1.0,1.0,0.059,734.0,Real
1584,Entertainment,689.0,-0.117,6.72,1.0,1.0,0.103,1378.0,Real
1585,Politics,553.0,-0.244,5.94,2.0,1.0,,54.0,Real
1586,Economy,445.0,0.85,2.5,3.0,1.0,0.186,,Fake
1587,Entertainment,295.0,0.557,2.36,2.0,1.0,0.36,,Fake
1588,Technology,,0.457,2.84,9.0,1.0,0.181,2395.0,Fake
1589,,630.0,0.35,4.85,1.0,1.0,0.09,169.0,Real
1590,Entertainment,324.0,0.733,2.77,7.0,0.0,0.125,27.0,Fake
1591,Entertainment,717.0,-0.117,7.78,2.0,1.0,0.112,2662.0,Real
1592,Entertainment,975.0,0.037,,1.0,1.0,0.036,915.0,Real
1593,Technology,590.0,0.007,4.71,,1.0,0.035,,Real
1594,Politics,,-0.234,7.2,0.0,1.0,0.057,152.0,Real
1595,Politics,405.0,-0.753,3.78,5.0,1.0,0.215,205.0,Fake
1596,Technology,710.0,0.396,6.52,3.0,1.0,0.111,152.0,Real
1597,Entertainment,627.0,0.159,7.24,0.0,1.0,0.031,,Real
1598,Technology,240.0,-0.301,4.63,3.0,1.0,0.152,732.0,Fake
1599,Health,540.0,0.77,1.48,2.0,0.0,0.427,1433.0,Fake
1600,Economy,684.0,-0.361,5.04,0.0,1.0,0.072,54.0,Real
1601,Entertainment,696.0,0.058,7.47,4.0,,0.106,945.0,Real
1602,Technology,552.0,-0.184,3.18,4.0,0.0,0.231,1.0,Fake
1603,Technology,531.0,0.39,6.24,1.0,1.0,0.091,1199.0,Real
1604,Politics,333.0,-0.944,4.01,2.0,0.0,0.447,582.0,Fake
1605,,286.0,0.048,,6.0,0.0,0.191,350.0,Fake
1606,Health,379.0,-0.069,7.41,1.0,1.0,0.03,95.0,Real
1607,Entertainment,266.0,,3.73,5.0,1.0,0.298,912.0,Fake
1608,Entertainment,50.0,0.768,6.25,0.0,1.0,0.197,959.0,Fake
1609,Entertainment,418.0,-0.921,5.63,7.0,1.0,0.389,3142.0,Fake
1610,Entertainment,271.0,0.849,2.18,6.0,0.0,0.271,442.0,Fake
1611,Health,564.0,0.061,7.33,0.0,1.0,0.0,368.0,Real
1612,Sports,536.0,-0.339,7.86,2.0,1.0,0.071,811.0,Real
1613,Technology,260.0,-0.159,8.13,1.0,1.0,0.13,201.0,Real
1614,Health,734.0,-0.334,6.48,1.0,1.0,0.0,410.0,Real
1615,Entertainment,429.0,-0.677,4.81,1.0,0.0,,,Fake
1616,Technology,756.0,-0.173,6.28,2.0,1.0,0.038,1162.0,Real
1617,Technology,284.0,-0.168,6.32,1.0,1.0,0.148,1027.0,Real
1618,Health,176.0,0.872,2.2,5.0,0.0,0.141,643.0,Fake
1619,Politics,725.0,,9.94,1.0,0.0,0.104,482.0,Real
1620,Health,449.0,0.882,2.5,3.0,1.0,0.177,278.0,Fake
1621,Entertainment,671.0,,7.19,,0.0,,686.0,Real
1622,Health,459.0,0.941,1.34,3.0,1.0,0.328,3279.0,Fake
1623,Health,227.0,0.167,3.31,2.0,0.0,0.263,555.0,Fake
1624,Politics,105.0,-0.698,4.2,8.0,1.0,0.351,1061.0,Fake
1625,Economy,77.0,-0.763,2.56,5.0,0.0,0.117,734.0,Fake
1626,Politics,327.0,-0.192,4.11,6.0,0.0,0.198,348.0,Fake
1627,Politics,864.0,-0.397,7.28,1.0,1.0,0.032,2985.0,Real
1628,Politics,544.0,-0.34,5.05,1.0,1.0,0.006,799.0,Real
1629,Economy,556.0,-0.174,8.66,1.0,1.0,0.065,,Real
1630,Politics,205.0,,5.82,,0.0,0.237,1042.0,Fake
1631,Technology,589.0,0.026,6.21,0.0,1.0,0.048,3377.0,Real
1632,,619.0,0.134,6.96,0.0,1.0,,708.0,Real
1633,Sports,251.0,-0.112,2.72,8.0,1.0,0.361,,Fake
1634,Science,709.0,0.145,6.9,0.0,0.0,0.04,739.0,Real
1635,Economy,476.0,0.409,7.69,2.0,1.0,0.098,408.0,Real
1636,Entertainment,370.0,,5.62,3.0,0.0,,34.0,Fake
1637,Technology,283.0,-0.091,1.7,5.0,0.0,0.472,404.0,Fake
1638,Politics,,-0.299,8.73,0.0,1.0,0.011,401.0,Real
1639,Entertainment,806.0,-0.215,7.5,1.0,1.0,0.105,774.0,Real
1640,Technology,643.0,-0.474,9.02,1.0,1.0,0.105,1616.0,Real
1641,Economy,431.0,-0.131,7.67,1.0,1.0,0.042,357.0,Real
1642,Politics,,0.307,1.76,5.0,1.0,0.183,444.0,Fake
1643,Politics,428.0,-0.667,6.3,8.0,0.0,0.235,880.0,Fake
1644,Economy,218.0,0.468,3.69,10.0,0.0,0.23,265.0,Fake
1645,Technology,317.0,-0.775,4.76,4.0,0.0,0.354,690.0,Fake
1646,Entertainment,414.0,0.833,1.24,3.0,0.0,0.19,,Fake
1647,Health,,-0.816,3.99,7.0,0.0,0.294,6068.0,Fake
1648,Politics,853.0,-0.092,7.62,1.0,0.0,0.116,1833.0,Real
1649,Health,258.0,-0.785,5.4,5.0,0.0,,3564.0,Fake
1650,,667.0,0.354,5.36,0.0,1.0,0.0,78.0,Real
1651,Health,411.0,0.198,7.02,1.0,1.0,0.074,1243.0,Real
1652,Economy,,0.003,7.4,1.0,1.0,,3154.0,Real
1653,Sports,453.0,-0.537,2.72,3.0,1.0,0.152,1867.0,Fake
1654,Technology,482.0,0.106,6.4,2.0,1.0,0.209,25.0,Real
1655,Politics,521.0,-0.161,7.24,2.0,1.0,0.0,77.0,Real
1656,Health,295.0,-0.421,4.37,4.0,1.0,0.175,,Fake
1657,Technology,215.0,-0.702,,6.0,0.0,0.414,2198.0,Fake
1658,Health,540.0,0.169,7.92,1.0,1.0,0.07,482.0,Real
1659,Entertainment,713.0,-0.317,6.92,1.0,1.0,0.088,922.0,Real
1660,Entertainment,367.0,0.236,1.84,3.0,0.0,0.347,253.0,Fake
1661,Politics,442.0,-0.462,9.22,2.0,0.0,0.173,1384.0,Real
1662,Entertainment,484.0,0.043,7.78,0.0,0.0,0.106,722.0,Real
1663,Technology,,-0.589,2.95,4.0,0.0,0.257,98.0,Fake
1664,Entertainment,187.0,-0.155,2.5,2.0,0.0,0.166,93.0,Fake
1665,Politics,630.0,,9.24,1.0,1.0,0.109,440.0,Real
1666,Technology,587.0,,8.08,2.0,1.0,0.197,942.0,Real
1667,Politics,485.0,-0.689,,4.0,0.0,0.597,266.0,Fake
1668,Sports,417.0,0.21,7.07,0.0,1.0,0.028,1174.0,Real
1669,Technology,576.0,0.004,,0.0,1.0,0.113,,Real
1670,Politics,286.0,0.533,5.42,2.0,1.0,0.045,656.0,Fake
1671,Health,650.0,-0.162,9.22,0.0,1.0,0.099,169.0,Real
1672,Health,,,3.77,6.0,1.0,0.209,883.0,Fake
1673,Health,708.0,-0.328,4.97,2.0,1.0,0.044,180.0,Real
1674,Health,658.0,-0.256,6.39,0.0,0.0,0.045,815.0,Real
1675,Science,665.0,0.119,6.77,4.0,1.0,0.089,,Real
1676,Health,897.0,-0.401,6.19,0.0,1.0,0.073,1285.0,Real
1677,Economy,461.0,0.397,6.4,0.0,1.0,0.065,217.0,Real
1678,Technology,375.0,-0.397,5.16,6.0,1.0,0.36,318.0,Fake
1679,Politics,203.0,0.7,4.13,6.0,1.0,0.355,794.0,Fake
1680,Politics,763.0,0.347,8.32,0.0,1.0,0.0,608.0,Real
1681,Economy,370.0,-0.405,1.69,,1.0,0.12,2353.0,Fake
1682,Entertainment,343.0,-0.032,,1.0,0.0,0.255,1210.0,Fake
1683,Politics,,0.765,5.77,4.0,0.0,0.027,1112.0,Fake
1684,Health,447.0,0.617,,2.0,1.0,0.136,206.0,Fake
1685,Politics,610.0,0.034,6.4,0.0,0.0,0.009,9.0,Real
1686,Economy,623.0,-0.17,2.43,4.0,0.0,0.192,2317.0,Fake
1687,,274.0,-0.476,3.74,7.0,0.0,0.129,477.0,Fake
1688,Politics,239.0,-0.235,4.83,8.0,1.0,,1339.0,Fake
1689,Politics,428.0,0.092,4.55,5.0,0.0,,9271.0,Fake
1690,Politics,591.0,-0.836,2.62,1.0,0.0,0.248,6414.0,Fake
1691,Sports,655.0,-0.259,6.0,2.0,0.0,0.11,239.0,Real
1692,Politics,434.0,0.78,,6.0,0.0,,91.0,Fake
1693,Politics,328.0,-0.119,1.3,3.0,0.0,,610.0,Fake
1694,Technology,69.0,0.945,6.11,2.0,1.0,0.266,744.0,Fake
1695,Entertainment,487.0,-0.468,7.18,2.0,1.0,0.202,1162.0,Real
1696,Technology,451.0,0.182,5.18,0.0,1.0,0.11,2432.0,Real
1697,Politics,351.0,0.217,,6.0,0.0,0.149,,Fake
1698,Politics,165.0,-0.981,4.62,3.0,0.0,0.345,173.0,Fake
1699,Entertainment,511.0,0.493,6.85,2.0,1.0,0.005,58.0,Real
1700,Politics,442.0,0.488,7.54,1.0,0.0,0.044,134.0,Real
1701,Politics,580.0,0.38,7.81,1.0,1.0,0.062,396.0,Real
1702,Technology,472.0,-0.128,7.28,1.0,1.0,0.035,107.0,Real
1703,Entertainment,471.0,-0.592,2.31,3.0,0.0,0.272,1348.0,Fake
1704,Health,507.0,-0.252,7.34,1.0,1.0,0.011,702.0,Real
1705,Health,289.0,-0.993,4.96,2.0,0.0,0.357,519.0,Fake
1706,Technology,184.0,0.594,3.1,5.0,0.0,0.14,348.0,Fake
1707,Technology,644.0,-0.251,8.41,1.0,0.0,0.178,5437.0,Real
1708,Technology,313.0,-0.856,4.49,6.0,1.0,0.315,3900.0,Fake
1709,Politics,354.0,-0.065,4.82,4.0,1.0,0.35,2174.0,Fake
1710,Technology,540.0,0.026,7.13,0.0,0.0,0.05,207.0,Real
1711,Sports,778.0,-0.166,8.22,0.0,1.0,0.062,77.0,Real
1712,Politics,618.0,0.195,,3.0,1.0,0.083,66.0,Real
1713,Entertainment,332.0,0.955,3.32,4.0,0.0,0.247,26.0,Fake
1714,Economy,504.0,0.095,7.27,1.0,,0.099,3878.0,Real
1715,Economy,391.0,-0.36,4.69,,0.0,0.218,4731.0,Fake
1716,Health,200.0,-0.058,,4.0,1.0,0.148,1080.0,Fake
1717,Sports,518.0,-0.404,2.23,1.0,0.0,0.248,943.0,Fake
1718,Economy,,0.342,5.63,2.0,1.0,,106.0,Real
1719,Health,399.0,0.761,2.66,5.0,0.0,0.103,,Fake
1720,Science,382.0,,2.57,8.0,0.0,,2572.0,Fake
1721,Economy,,-0.107,4.61,0.0,1.0,0.042,76.0,Real
1722,Politics,262.0,0.225,3.84,4.0,0.0,0.288,,Fake
1723,Technology,648.0,-0.001,5.82,1.0,1.0,0.018,129.0,Real
1724,Technology,493.0,0.801,4.18,,1.0,0.236,1829.0,Fake
1725,Politics,729.0,0.152,7.78,0.0,1.0,0.074,173.0,Real
1726,Science,332.0,,7.41,8.0,1.0,0.27,2028.0,Fake
1727,Politics,183.0,-0.763,2.2,2.0,0.0,0.34,509.0,Fake
1728,Politics,259.0,0.134,2.27,6.0,1.0,0.177,634.0,Fake
1729,Science,222.0,0.976,3.05,2.0,0.0,0.089,273.0,Fake
1730,Politics,509.0,0.256,5.73,,1.0,0.026,63.0,Real
1731,Politics,437.0,0.981,2.97,5.0,0.0,0.448,1458.0,Fake
1732,Economy,386.0,-0.504,5.29,0.0,1.0,0.448,133.0,Fake
1733,Science,180.0,-0.934,2.01,3.0,1.0,0.387,289.0,Fake
1734,Health,275.0,-0.508,,4.0,0.0,0.279,2052.0,Fake
1735,Politics,388.0,,,1.0,1.0,0.117,114.0,Fake
1736,Politics,470.0,-0.536,4.5,4.0,0.0,0.138,,Fake
1737,Entertainment,460.0,0.531,4.36,,0.0,0.215,387.0,Fake
1738,Entertainment,444.0,-0.477,3.83,10.0,1.0,0.237,4049.0,Fake
1739,Technology,605.0,-0.265,7.62,1.0,1.0,0.097,1522.0,Real
1740,Science,664.0,0.159,7.53,0.0,1.0,0.111,838.0,Real
1741,Politics,108.0,-0.298,4.31,6.0,0.0,0.132,1593.0,Fake
1742,Economy,491.0,-0.451,5.6,5.0,0.0,0.239,78.0,Fake
1743,Health,618.0,0.249,7.52,1.0,1.0,0.068,58.0,Real
1744,Politics,390.0,-0.3,2.56,4.0,0.0,0.157,4856.0,Fake
1745,Politics,349.0,0.814,2.85,3.0,0.0,0.405,378.0,Fake
1746,Health,289.0,0.372,3.23,4.0,1.0,0.282,490.0,Fake
1747,Politics,485.0,0.236,6.32,2.0,0.0,0.118,1220.0,Real
1748,Entertainment,249.0,0.059,4.47,5.0,0.0,0.375,6.0,Fake
1749,Health,357.0,-0.302,4.14,1.0,1.0,0.111,,Real
1750,Politics,221.0,-0.489,5.4,6.0,0.0,0.126,792.0,Fake
1751,Technology,268.0,-0.123,5.47,3.0,,0.169,,Fake
1752,Entertainment,389.0,-0.465,,3.0,0.0,0.173,,Fake
1753,Health,458.0,-0.602,4.58,5.0,0.0,0.232,2978.0,Fake
1754,Politics,463.0,,4.57,0.0,0.0,0.245,3.0,Fake
1755,Entertainment,207.0,-0.606,,7.0,0.0,0.3,1561.0,Fake
1756,Politics,459.0,0.141,8.41,1.0,1.0,0.104,246.0,Real
1757,,466.0,-0.225,7.29,1.0,1.0,0.035,3311.0,Real
1758,Politics,485.0,0.399,7.46,1.0,1.0,0.137,343.0,Real
1759,Entertainment,138.0,0.815,4.69,7.0,0.0,0.345,2892.0,Fake
1760,Technology,722.0,0.4,5.49,1.0,1.0,,423.0,Real
1761,Sports,508.0,0.006,5.79,0.0,1.0,0.063,40.0,Real
1762,Politics,254.0,-0.206,3.74,4.0,0.0,0.375,2505.0,Fake
1763,Sports,428.0,0.569,1.93,6.0,0.0,0.136,27.0,Fake
1764,Technology,615.0,0.077,6.03,0.0,1.0,0.047,933.0,Real
1765,Technology,408.0,0.431,,0.0,1.0,0.175,1536.0,Real
1766,Health,357.0,0.186,5.44,,0.0,0.379,2109.0,Fake
1767,Sports,50.0,0.994,3.47,1.0,0.0,0.096,921.0,Fake
1768,Politics,669.0,-0.159,7.28,1.0,1.0,0.151,53.0,Real
1769,Health,433.0,0.256,4.91,5.0,1.0,0.132,693.0,Fake
1770,Sports,290.0,-0.672,3.24,7.0,0.0,0.38,507.0,Fake
1771,Health,475.0,0.135,6.01,1.0,1.0,0.137,765.0,Real
1772,Economy,587.0,-0.303,4.12,2.0,1.0,0.158,2596.0,Real
1773,Technology,349.0,0.607,2.95,2.0,1.0,0.155,355.0,Fake
1774,Health,456.0,-0.355,2.73,7.0,1.0,0.275,1776.0,Fake
1775,Health,214.0,-0.524,,2.0,,,52.0,Fake
1776,Health,492.0,0.024,7.33,0.0,0.0,0.095,282.0,Real
1777,Politics,487.0,-0.13,6.86,1.0,1.0,0.145,525.0,Real
1778,Politics,372.0,-0.257,4.61,4.0,1.0,0.018,937.0,Fake
1779,Sports,50.0,-0.646,3.73,9.0,1.0,0.468,1990.0,Fake
1780,Health,401.0,,3.44,4.0,0.0,0.252,65.0,Fake
1781,Health,279.0,0.332,1.79,4.0,1.0,0.319,418.0,Fake
1782,Economy,60.0,-0.231,3.02,3.0,0.0,0.434,1049.0,Fake
1783,Entertainment,188.0,-0.44,1.87,2.0,0.0,0.134,2265.0,Fake
1784,Economy,607.0,0.123,6.96,0.0,1.0,0.055,569.0,Real
1785,Technology,770.0,0.381,6.78,1.0,1.0,0.107,3987.0,Real
1786,Sports,354.0,-0.105,2.81,5.0,0.0,0.144,1374.0,Fake
1787,Politics,573.0,-0.139,4.85,2.0,0.0,0.0,686.0,Real
1788,Technology,240.0,-0.735,4.56,8.0,0.0,0.206,261.0,Fake
1789,Health,300.0,,5.25,,1.0,0.007,2848.0,Fake
1790,Entertainment,238.0,,,2.0,0.0,0.23,1317.0,Fake
1791,Politics,665.0,-0.218,7.26,1.0,1.0,0.039,,Real
1792,Health,419.0,0.083,7.23,4.0,0.0,0.193,305.0,Fake
1793,Entertainment,524.0,-0.106,5.45,1.0,0.0,0.126,1225.0,Real
1794,Technology,298.0,0.422,7.48,3.0,1.0,0.0,1933.0,Real
1795,Politics,802.0,-0.445,7.84,0.0,0.0,0.012,9.0,Real
1796,Sports,385.0,-0.029,,3.0,0.0,0.289,1942.0,Fake
1797,Economy,714.0,-0.26,7.8,0.0,1.0,,267.0,Real
1798,Politics,871.0,0.008,6.98,1.0,,0.072,450.0,Real
1799,Politics,496.0,-0.15,4.99,4.0,0.0,0.088,1235.0,Fake
1800,,568.0,,8.21,1.0,1.0,,251.0,Real
1801,Politics,627.0,0.459,8.71,0.0,1.0,0.03,,Real
1802,Health,262.0,-0.714,2.44,11.0,0.0,,84.0,Fake
1803,Entertainment,494.0,-0.443,6.24,0.0,1.0,0.087,334.0,Real
1804,Technology,255.0,-0.648,1.94,6.0,0.0,0.154,536.0,Fake
1805,Politics,403.0,-0.003,4.23,6.0,1.0,0.362,4045.0,Fake
1806,Health,459.0,-0.23,7.71,2.0,1.0,0.008,161.0,Real
1807,Entertainment,584.0,-0.215,7.31,1.0,1.0,0.045,1389.0,Real
1808,Economy,412.0,0.945,2.39,5.0,0.0,0.238,647.0,Fake
1809,Science,254.0,0.217,6.25,4.0,0.0,0.215,1344.0,Fake
1810,Politics,73.0,,4.85,,0.0,0.327,5405.0,Fake
1811,Politics,444.0,0.011,5.0,2.0,0.0,0.171,588.0,Fake
1812,Health,258.0,-0.05,2.57,4.0,0.0,0.281,1716.0,Fake
1813,Entertainment,475.0,0.467,7.26,1.0,1.0,0.082,88.0,Real
1814,Health,352.0,0.611,3.92,3.0,1.0,0.301,559.0,Fake
1815,Entertainment,679.0,,10.0,0.0,1.0,0.073,3261.0,Real
1816,Economy,265.0,-0.442,1.76,4.0,0.0,0.16,297.0,Fake
1817,,516.0,0.391,7.82,0.0,1.0,0.085,346.0,Real
1818,Politics,620.0,-0.414,7.5,1.0,1.0,0.066,251.0,Real
1819,Entertainment,,0.143,5.73,1.0,1.0,0.053,1505.0,Real
1820,Health,375.0,0.518,4.99,5.0,1.0,0.236,71.0,Fake
1821,Politics,232.0,0.493,2.32,6.0,0.0,0.157,,Fake
1822,Sports,370.0,-0.092,5.32,7.0,0.0,0.0,2221.0,Fake
1823,Economy,517.0,-0.119,9.09,0.0,1.0,,450.0,Real
1824,Politics,493.0,-0.036,10.0,3.0,,0.123,661.0,Real
1825,Technology,496.0,0.999,2.83,3.0,1.0,0.141,5003.0,Fake
1826,Health,50.0,-0.345,2.06,5.0,0.0,0.369,6967.0,Fake
1827,Technology,359.0,-0.364,1.76,3.0,0.0,0.281,995.0,Fake
1828,Politics,296.0,-0.886,4.54,7.0,1.0,0.201,420.0,Fake
1829,Politics,870.0,-0.237,7.26,2.0,1.0,0.14,2097.0,Real
1830,Technology,325.0,-0.86,6.53,6.0,0.0,0.332,4503.0,Fake
1831,Politics,215.0,0.968,3.27,4.0,0.0,0.143,4652.0,Fake
1832,Technology,813.0,0.206,9.52,1.0,1.0,0.131,333.0,Real
1833,Health,863.0,0.092,8.62,0.0,1.0,0.072,17.0,Real
1834,Economy,182.0,0.385,3.95,4.0,0.0,0.321,,Fake
1835,Health,234.0,-0.649,1.94,3.0,0.0,0.465,1026.0,Fake
1836,Health,527.0,-0.057,9.72,1.0,1.0,0.0,504.0,Real
1837,Technology,271.0,-0.55,2.3,3.0,0.0,0.322,190.0,Fake
1838,Politics,106.0,-0.208,4.4,5.0,0.0,0.301,2452.0,Fake
1839,Economy,281.0,-0.264,5.11,3.0,0.0,0.242,2703.0,Fake
1840,Politics,524.0,-0.465,6.48,2.0,1.0,0.103,,Real
1841,Economy,332.0,0.154,5.05,6.0,,0.316,6.0,Fake
1842,,605.0,-0.495,3.71,7.0,0.0,0.159,3211.0,Fake
1843,Technology,394.0,0.922,1.92,5.0,1.0,0.236,138.0,Fake
1844,Entertainment,731.0,-0.36,6.77,2.0,1.0,0.095,3386.0,Real
1845,Entertainment,480.0,,5.52,1.0,0.0,0.121,2718.0,Real
1846,Health,317.0,-0.27,3.82,7.0,0.0,0.183,1796.0,Fake
1847,Health,358.0,0.26,7.35,1.0,1.0,0.06,423.0,Real
1848,Entertainment,658.0,-0.121,7.19,1.0,1.0,0.113,1863.0,Real
1849,Technology,263.0,,2.2,6.0,1.0,0.33,89.0,Fake
1850,Entertainment,477.0,,8.06,1.0,1.0,0.102,45.0,Real
1851,Health,457.0,-0.495,,4.0,0.0,0.186,654.0,Fake
1852,,636.0,0.022,4.0,5.0,0.0,0.277,640.0,Fake
1853,Sports,592.0,-0.078,3.29,4.0,,0.287,354.0,Fake
1854,Health,481.0,-0.601,,2.0,0.0,0.235,962.0,Fake
1855,Health,588.0,-0.158,7.59,2.0,1.0,0.148,450.0,Real
1856,,641.0,0.255,8.12,0.0,1.0,0.031,166.0,Real
1857,Technology,723.0,0.436,7.0,1.0,1.0,0.0,414.0,Real
1858,Economy,352.0,0.56,6.91,7.0,0.0,0.393,189.0,Fake
1859,Politics,482.0,-0.367,5.27,9.0,0.0,0.457,1725.0,Fake
1860,Health,437.0,0.291,,1.0,1.0,0.022,221.0,Real
1861,Entertainment,318.0,-0.222,7.15,1.0,1.0,0.039,812.0,Real
1862,,,-0.362,5.88,,0.0,0.077,391.0,Real
1863,Economy,639.0,0.457,8.96,,1.0,,410.0,Real
1864,Health,97.0,0.263,7.63,5.0,0.0,0.272,123.0,Fake
1865,Sports,288.0,-0.041,3.46,2.0,0.0,0.034,3815.0,Fake
1866,Entertainment,514.0,-0.351,8.36,0.0,0.0,0.083,609.0,Real
1867,Technology,245.0,0.662,4.62,2.0,0.0,0.288,2091.0,Fake
1868,Politics,660.0,0.04,4.15,1.0,1.0,0.089,1244.0,Real
1869,Entertainment,304.0,0.566,1.62,3.0,1.0,0.314,5246.0,Fake
1870,Health,193.0,0.784,3.29,5.0,0.0,0.205,,Fake
1871,Sports,350.0,,4.11,3.0,0.0,0.378,1865.0,Fake
1872,Politics,132.0,-0.512,4.28,5.0,0.0,0.463,1494.0,Fake
1873,Health,402.0,-0.526,4.07,5.0,1.0,0.231,1725.0,Fake
1874,Health,317.0,0.977,3.85,4.0,,0.149,2066.0,Fake
1875,Entertainment,,0.275,0.96,1.0,0.0,0.127,1039.0,Fake
1876,Politics,433.0,0.097,5.46,4.0,,0.317,,Fake
1877,Entertainment,438.0,,4.94,7.0,1.0,0.149,2551.0,Fake
1878,Politics,352.0,-0.108,5.4,7.0,0.0,0.204,2213.0,Fake
1879,Health,285.0,-0.989,5.64,2.0,1.0,0.269,2149.0,Fake
1880,Technology,329.0,0.158,4.79,2.0,1.0,0.282,2315.0,Fake
1881,Economy,553.0,-0.946,2.12,7.0,1.0,0.325,,Fake
1882,Sports,800.0,0.392,6.72,1.0,1.0,0.025,1653.0,Real
1883,Entertainment,557.0,0.128,7.25,1.0,1.0,0.069,,Real
1884,,,0.285,2.51,3.0,1.0,0.343,1098.0,Fake
1885,Politics,224.0,-0.286,6.11,1.0,,0.051,884.0,Real
1886,Politics,583.0,-0.345,,1.0,1.0,0.154,138.0,Real
1887,Sports,362.0,0.269,5.79,1.0,0.0,,1211.0,Real
1888,Entertainment,668.0,0.469,6.23,1.0,1.0,0.129,163.0,Real
1889,Health,170.0,0.922,1.96,4.0,0.0,0.338,2401.0,Fake
1890,,433.0,-0.689,6.01,3.0,1.0,0.261,1226.0,Fake
1891,Politics,337.0,0.824,4.04,5.0,0.0,0.473,258.0,Fake
1892,Health,490.0,-0.44,5.76,0.0,1.0,0.071,1179.0,Real
1893,Entertainment,576.0,0.428,4.35,0.0,1.0,0.13,155.0,Real
1894,Health,665.0,-0.234,6.91,0.0,0.0,0.147,1396.0,Real
1895,Technology,336.0,0.104,6.19,,1.0,0.059,882.0,Real
1896,Technology,325.0,0.757,3.33,1.0,1.0,0.298,273.0,Fake
1897,Entertainment,519.0,-0.147,5.78,0.0,1.0,0.053,57.0,Real
1898,Politics,326.0,0.145,3.38,8.0,1.0,0.168,885.0,Fake
1899,Technology,908.0,-0.421,7.51,,0.0,0.11,219.0,Real
1900,Economy,495.0,-0.991,,5.0,0.0,0.238,4075.0,Fake
1901,Politics,,-0.642,3.79,,0.0,0.2,60.0,Fake
1902,Politics,259.0,0.292,,1.0,1.0,0.255,87.0,Fake
1903,Science,489.0,-0.094,4.4,1.0,0.0,0.144,1274.0,Fake
1904,Health,252.0,0.831,3.2,5.0,0.0,0.367,265.0,Fake
1905,Technology,343.0,0.235,8.72,1.0,1.0,0.041,54.0,Real
1906,Health,622.0,0.491,7.84,0.0,0.0,0.123,103.0,Real
1907,Economy,479.0,0.266,7.94,0.0,1.0,0.148,,Real
1908,Technology,840.0,-0.428,8.34,2.0,1.0,0.106,711.0,Real
1909,Health,521.0,-0.09,6.97,0.0,0.0,0.148,526.0,Real
1910,Sports,,,7.58,4.0,0.0,,2901.0,Fake
1911,Health,586.0,-0.012,8.38,2.0,1.0,0.107,387.0,Real
1912,Science,,-0.075,3.32,6.0,1.0,0.201,,Fake
1913,Health,389.0,0.917,2.84,2.0,1.0,0.303,,Fake
1914,Entertainment,584.0,0.365,7.25,1.0,1.0,0.113,846.0,Real
1915,Health,693.0,-0.249,7.07,1.0,1.0,0.091,598.0,Real
1916,Technology,216.0,0.126,6.18,2.0,1.0,0.181,1265.0,Fake
1917,Technology,416.0,0.03,8.05,1.0,1.0,0.073,1692.0,Real
1918,Health,325.0,0.075,4.31,6.0,1.0,0.41,1260.0,Fake
1919,Health,348.0,-0.215,2.81,3.0,,0.428,3113.0,Fake
1920,Entertainment,725.0,-0.317,10.0,1.0,1.0,0.097,100.0,Real
1921,Economy,515.0,-0.337,6.22,0.0,1.0,,1125.0,Real
1922,Health,462.0,-0.082,4.72,6.0,0.0,0.249,283.0,Fake
1923,Health,491.0,-0.355,5.12,6.0,1.0,0.234,3587.0,Fake
1924,Politics,,,6.97,4.0,0.0,0.136,,Fake
1925,Science,654.0,-0.135,7.06,1.0,1.0,0.041,1669.0,Real
1926,Politics,488.0,0.955,2.43,8.0,0.0,0.388,587.0,Fake
1927,Health,587.0,0.152,7.2,2.0,1.0,,270.0,Real
1928,Health,255.0,-0.143,4.13,3.0,1.0,0.242,400.0,Fake
1929,Health,718.0,0.143,6.09,0.0,0.0,0.156,50.0,Real
1930,Sports,425.0,-0.229,4.73,7.0,0.0,0.257,4511.0,Fake
1931,Politics,532.0,-0.01,7.33,0.0,1.0,0.048,2531.0,Real
1932,Health,367.0,-0.53,5.83,1.0,0.0,0.37,1284.0,Fake
1933,Economy,,-0.281,6.59,1.0,1.0,0.0,267.0,Real
1934,Politics,369.0,0.35,7.21,5.0,0.0,0.307,886.0,Fake
1935,Entertainment,744.0,0.421,8.13,1.0,,0.064,538.0,Real
1936,Health,,-0.408,7.56,0.0,1.0,0.116,1327.0,Real
1937,Politics,503.0,-0.178,8.21,0.0,1.0,0.008,266.0,Real
1938,Health,369.0,0.872,1.11,0.0,1.0,0.317,515.0,Fake
1939,Economy,607.0,0.34,4.1,3.0,1.0,0.172,100.0,Real
1940,Health,708.0,-0.216,5.33,0.0,1.0,0.056,396.0,Real
1941,Technology,594.0,-0.022,,2.0,1.0,0.044,3436.0,Real
1942,Economy,305.0,-0.623,2.17,4.0,1.0,0.167,1523.0,Fake
1943,Politics,832.0,-0.27,5.61,4.0,1.0,,16.0,Real
1944,Economy,535.0,-0.326,7.99,0.0,1.0,0.118,3724.0,Real
1945,Economy,275.0,0.104,4.32,7.0,0.0,0.308,649.0,Fake
1946,Entertainment,374.0,0.225,2.42,6.0,1.0,0.285,1947.0,Fake
1947,Technology,407.0,-0.368,6.22,0.0,1.0,0.135,200.0,Real
1948,Health,,0.436,5.3,,0.0,0.221,43.0,Fake
1949,Health,877.0,-0.073,5.0,1.0,1.0,0.02,554.0,Real
1950,Health,649.0,0.251,7.63,3.0,0.0,0.425,390.0,Fake
1951,,468.0,-0.479,7.6,0.0,1.0,0.027,133.0,Real
1952,Entertainment,322.0,0.107,3.97,5.0,1.0,0.426,,Fake
1953,Health,484.0,-0.415,8.69,3.0,1.0,0.078,106.0,Real
1954,Sports,428.0,0.305,3.93,7.0,0.0,0.22,2425.0,Fake
1955,Health,384.0,,,1.0,1.0,0.001,21.0,Real
1956,Economy,184.0,-0.574,4.57,8.0,0.0,0.248,3828.0,Fake
1957,Health,465.0,,8.69,2.0,1.0,0.107,249.0,Real
1958,Technology,577.0,0.101,8.32,1.0,1.0,0.065,545.0,Real
1959,Sports,501.0,0.966,2.86,6.0,0.0,0.219,,Fake
1960,Sports,740.0,0.092,6.59,0.0,1.0,0.078,880.0,Real
1961,Politics,348.0,-0.288,4.33,2.0,0.0,0.263,2454.0,Fake
1962,Sports,341.0,0.126,5.37,7.0,,0.245,709.0,Fake
1963,Science,810.0,-0.192,7.32,0.0,1.0,0.048,203.0,Real
1964,Entertainment,383.0,0.967,2.55,3.0,0.0,0.229,410.0,Fake
1965,Technology,,0.372,9.9,,1.0,0.073,398.0,Real
1966,Politics,471.0,0.171,4.41,0.0,1.0,0.075,81.0,Real
1967,Technology,503.0,0.253,7.93,0.0,1.0,0.101,135.0,Real
1968,Economy,,0.947,1.48,4.0,0.0,,453.0,Fake
1969,Politics,,-0.216,4.53,5.0,0.0,0.326,995.0,Fake
1970,Economy,265.0,,4.42,3.0,0.0,0.355,907.0,Fake
1971,Health,271.0,0.928,6.55,5.0,,0.531,2073.0,Fake
1972,Technology,367.0,-0.629,3.17,8.0,0.0,0.274,1084.0,Fake
1973,Health,427.0,,7.03,1.0,1.0,0.055,1049.0,Real
1974,Politics,692.0,,8.14,0.0,1.0,0.044,1258.0,Real
1975,Entertainment,280.0,0.176,,2.0,0.0,0.178,273.0,Fake
1976,Politics,266.0,0.989,4.38,4.0,0.0,0.296,580.0,Fake
1977,Entertainment,282.0,0.44,1.88,5.0,0.0,0.202,1049.0,Fake
1978,Politics,128.0,0.536,2.57,7.0,0.0,0.218,463.0,Fake
1979,Economy,191.0,-0.482,4.36,9.0,0.0,0.215,73.0,Fake
1980,Entertainment,566.0,0.021,8.56,2.0,1.0,0.0,496.0,Real
1981,Health,646.0,0.089,8.5,0.0,1.0,0.0,1439.0,Real
1982,Entertainment,375.0,-0.206,5.02,1.0,1.0,0.115,156.0,Real
1983,Health,856.0,-0.424,7.47,0.0,0.0,0.072,85.0,Real
1984,Technology,333.0,0.999,2.06,6.0,0.0,0.137,1488.0,Fake
1985,Politics,771.0,-0.208,9.17,0.0,1.0,0.059,395.0,Real
1986,Politics,373.0,-0.89,4.32,11.0,0.0,0.112,2013.0,Fake
1987,Politics,496.0,0.299,6.19,3.0,1.0,0.059,273.0,Real
1988,Economy,151.0,-0.372,7.23,4.0,1.0,,496.0,Fake
1989,Politics,572.0,-0.145,2.68,1.0,0.0,0.282,324.0,Fake
1990,Sports,423.0,0.227,6.97,0.0,1.0,0.002,,Real
1991,Entertainment,863.0,0.268,7.4,1.0,1.0,0.017,445.0,Real
1992,Politics,415.0,-0.835,4.05,6.0,0.0,0.167,825.0,Fake
1993,Technology,371.0,-0.378,8.2,1.0,1.0,0.056,445.0,Real
1994,Entertainment,206.0,0.292,2.29,3.0,0.0,0.362,259.0,Fake
1995,Science,160.0,,5.29,5.0,0.0,0.31,2246.0,Fake
1996,Health,480.0,-0.11,5.39,1.0,1.0,0.046,1440.0,Real
1997,Economy,147.0,-0.756,0.0,3.0,0.0,0.323,965.0,Fake
1998,Politics,,0.051,6.14,1.0,1.0,0.098,534.0,Real
1999,Health,411.0,0.166,3.05,5.0,1.0,0.284,176.0,Fake
2000,,738.0,0.101,7.07,0.0,1.0,0.036,381.0,Real
2001,Politics,373.0,0.499,9.01,2.0,1.0,0.128,,Real
2002,Health,,0.894,3.72,5.0,1.0,0.178,1133.0,Fake
2003,Entertainment,436.0,-0.364,6.46,0.0,1.0,0.066,543.0,Real
2004,Economy,569.0,-0.344,8.42,2.0,1.0,0.096,573.0,Real
2005,Technology,356.0,-0.174,6.59,0.0,1.0,0.065,27.0,Real
2006,Politics,406.0,-0.055,7.18,0.0,1.0,0.082,321.0,Real
2007,Entertainment,481.0,0.756,,5.0,0.0,0.268,591.0,Fake
2008,,371.0,0.264,5.99,0.0,1.0,0.113,162.0,Real
2009,Technology,690.0,-0.101,5.51,0.0,,0.049,427.0,Real
2010,Entertainment,256.0,-0.091,2.52,5.0,1.0,0.296,1543.0,Fake
2011,Technology,673.0,-0.169,8.33,0.0,1.0,0.131,589.0,Real
2012,Economy,376.0,-0.415,5.12,3.0,0.0,0.261,727.0,Fake
2013,Sports,823.0,0.288,7.38,0.0,1.0,0.172,214.0,Real
2014,Health,320.0,-0.127,8.2,0.0,0.0,0.05,188.0,Real
2015,Technology,379.0,0.187,5.68,0.0,1.0,0.182,2045.0,Real
2016,Politics,684.0,0.29,7.13,2.0,0.0,0.031,,Real
2017,Economy,576.0,0.05,6.36,0.0,1.0,0.099,2214.0,Real
2018,,759.0,0.092,5.08,,1.0,0.065,293.0,Real
2019,Health,546.0,0.475,6.54,2.0,1.0,0.1,228.0,Real
2020,Politics,657.0,-0.488,6.36,1.0,1.0,0.027,509.0,Real
2021,Entertainment,625.0,0.049,7.12,0.0,1.0,0.094,,Real
2022,Entertainment,401.0,0.31,6.36,,1.0,0.0,341.0,Real
2023,Health,355.0,0.156,1.73,8.0,0.0,0.018,355.0,Fake
2024,Economy,284.0,0.182,,0.0,0.0,0.026,1506.0,Real
2025,Entertainment,613.0,-0.158,4.94,1.0,1.0,,841.0,Real
2026,Sports,113.0,0.128,2.31,6.0,0.0,0.033,622.0,Fake
2027,Health,407.0,-0.204,6.67,4.0,0.0,0.204,1431.0,Fake
2028,,530.0,-0.124,,0.0,1.0,0.055,1037.0,Real
2029,Entertainment,563.0,-0.44,6.87,0.0,1.0,0.06,281.0,Real
2030,Politics,351.0,-0.537,2.52,2.0,0.0,0.112,1058.0,Fake
2031,Politics,220.0,,3.91,5.0,0.0,0.228,3493.0,Fake
2032,Health,337.0,-0.06,7.85,1.0,0.0,0.04,1161.0,Real
2033,Sports,491.0,0.017,6.02,1.0,1.0,0.078,,Real
2034,Science,152.0,0.384,5.58,4.0,0.0,0.449,474.0,Fake
2035,Entertainment,608.0,-0.286,7.52,,1.0,0.093,13.0,Real
2036,Economy,540.0,0.972,3.85,1.0,0.0,0.179,548.0,Fake
2037,Technology,351.0,,6.67,1.0,1.0,0.156,405.0,Real
2038,Health,271.0,-0.415,7.64,4.0,1.0,0.053,137.0,Real
2039,Economy,735.0,0.178,5.08,0.0,1.0,0.106,7.0,Real
2040,Politics,351.0,-0.52,4.27,1.0,1.0,0.126,1920.0,Fake
2041,Health,446.0,0.768,3.48,7.0,1.0,0.22,2811.0,Fake
2042,Economy,501.0,0.045,7.41,,1.0,0.13,1602.0,Real
2043,Sports,380.0,-0.993,1.26,3.0,0.0,0.349,2774.0,Fake
2044,Technology,433.0,-0.096,7.7,0.0,1.0,0.137,1910.0,Real
2045,Technology,415.0,0.315,6.82,0.0,1.0,0.026,1821.0,Real
2046,,687.0,0.322,5.36,1.0,1.0,0.082,1571.0,Real
2047,Entertainment,517.0,0.089,6.61,2.0,1.0,0.123,217.0,Real
2048,Sports,439.0,0.146,6.91,0.0,1.0,0.101,163.0,Real
2049,Entertainment,823.0,,6.85,0.0,1.0,0.071,,Real
2050,Entertainment,292.0,,1.12,9.0,1.0,0.294,,Fake
2051,Sports,144.0,-0.088,4.6,5.0,1.0,0.255,986.0,Fake
2052,Politics,416.0,-0.531,0.2,8.0,0.0,0.0,4418.0,Fake
2053,Economy,622.0,-0.111,9.01,0.0,,0.075,56.0,Real
2054,Entertainment,378.0,,7.74,,0.0,0.368,,Fake
2055,Health,397.0,-0.054,4.78,2.0,0.0,0.146,3989.0,Fake
2056,Entertainment,592.0,0.352,6.89,0.0,1.0,0.0,153.0,Real
2057,Entertainment,512.0,0.197,2.88,3.0,0.0,0.194,1249.0,Fake
2058,Health,294.0,0.389,10.0,,1.0,0.149,,Real
2059,Sports,398.0,-0.405,7.84,1.0,1.0,0.0,556.0,Real
2060,,501.0,-0.04,6.54,6.0,1.0,0.305,242.0,Fake
2061,Economy,168.0,0.398,1.67,5.0,1.0,0.327,2656.0,Fake
2062,Technology,399.0,0.195,6.35,2.0,,,1352.0,Real
2063,Politics,480.0,0.816,2.18,5.0,1.0,0.332,911.0,Fake
2064,Sports,490.0,-0.02,7.47,3.0,1.0,0.064,,Real
2065,Technology,98.0,-0.581,7.06,10.0,0.0,0.165,,Fake
2066,Entertainment,362.0,0.955,4.72,3.0,0.0,0.252,1473.0,Fake
2067,Science,596.0,-0.274,6.94,0.0,1.0,,313.0,Real
2068,Politics,215.0,-0.086,3.7,3.0,0.0,0.23,62.0,Fake
2069,Technology,454.0,0.837,2.91,4.0,0.0,0.128,1408.0,Fake
2070,Sports,471.0,0.644,2.44,3.0,1.0,0.359,1870.0,Fake
2071,Sports,273.0,-0.614,5.37,3.0,1.0,0.535,773.0,Fake
2072,Technology,213.0,-0.36,,,0.0,0.239,636.0,Fake
2073,Economy,574.0,-0.425,7.91,0.0,1.0,0.078,207.0,Real
2074,Health,157.0,0.221,3.41,,0.0,0.174,1745.0,Fake
2075,,237.0,-0.15,,0.0,1.0,0.113,22.0,Real
2076,Sports,168.0,0.604,5.24,5.0,0.0,0.184,956.0,Fake
2077,Health,937.0,0.046,4.77,2.0,1.0,,130.0,Real
2078,Politics,616.0,0.236,4.83,2.0,1.0,0.039,321.0,Real
2079,Politics,250.0,,,3.0,1.0,0.294,1040.0,Fake
2080,,581.0,0.016,4.54,1.0,1.0,0.155,1919.0,Real
2081,Health,526.0,0.747,3.48,1.0,0.0,0.304,74.0,Fake
2082,Entertainment,337.0,-0.584,4.08,4.0,1.0,0.245,985.0,Fake
2083,Health,599.0,-0.326,8.21,2.0,1.0,0.155,1011.0,Real
2084,Health,514.0,0.196,7.69,1.0,1.0,0.028,,Real
2085,Sports,,0.44,6.67,0.0,1.0,,227.0,Real
2086,Science,123.0,-0.245,4.0,6.0,1.0,0.208,335.0,Fake
2087,Entertainment,656.0,0.216,7.17,3.0,1.0,0.078,374.0,Real
2088,Economy,557.0,0.209,9.0,0.0,1.0,0.114,544.0,Real
2089,Politics,,0.36,9.08,1.0,1.0,0.117,1248.0,Real
2090,Health,284.0,0.713,1.64,2.0,1.0,0.113,962.0,Fake
2091,Science,325.0,0.407,3.76,,0.0,0.367,,Fake
2092,Politics,177.0,,4.17,6.0,1.0,0.14,7911.0,Fake
2093,Entertainment,400.0,-0.314,6.68,1.0,1.0,0.068,608.0,Real
2094,Politics,567.0,-0.103,7.69,0.0,1.0,0.04,305.0,Real
2095,Technology,698.0,0.13,6.76,0.0,1.0,0.044,52.0,Real
2096,Science,366.0,0.748,1.9,4.0,0.0,0.16,2265.0,Fake
2097,Politics,362.0,0.775,2.9,8.0,1.0,0.265,575.0,Fake
2098,Entertainment,373.0,-0.612,2.64,4.0,0.0,0.205,1929.0,Fake
2099,Politics,761.0,0.162,7.36,0.0,0.0,0.034,72.0,Real
2100,Entertainment,526.0,-0.264,5.76,0.0,1.0,0.123,81.0,Real
2101,Health,832.0,,9.04,0.0,,,865.0,Real
2102,Technology,427.0,,3.98,5.0,1.0,0.275,3310.0,Fake
2103,Economy,871.0,,7.17,0.0,1.0,0.139,549.0,Real
2104,Politics,753.0,0.016,4.33,0.0,1.0,0.039,345.0,Real
2105,Science,425.0,-0.356,6.85,2.0,0.0,,12.0,Fake
2106,Politics,369.0,0.885,3.47,6.0,0.0,0.279,2741.0,Fake
2107,Economy,637.0,0.194,5.29,1.0,1.0,0.131,1099.0,Real
2108,Politics,251.0,0.312,4.59,5.0,0.0,0.0,1147.0,Fake
2109,Politics,736.0,-0.356,8.18,0.0,,0.096,82.0,Real
2110,Entertainment,566.0,-0.145,8.68,0.0,1.0,0.08,45.0,Real
2111,Health,372.0,0.396,2.99,4.0,1.0,0.241,464.0,Fake
2112,Sports,305.0,0.028,3.97,9.0,0.0,0.295,341.0,Fake
2113,Entertainment,343.0,0.84,2.12,4.0,1.0,0.406,94.0,Fake
2114,Entertainment,395.0,0.138,6.92,0.0,1.0,0.063,69.0,Real
2115,Technology,377.0,0.051,4.65,5.0,1.0,0.231,2725.0,Fake
2116,Health,415.0,0.73,1.89,5.0,0.0,0.281,4943.0,Fake
2117,,380.0,-0.12,2.97,5.0,1.0,0.265,453.0,Fake
2118,Politics,812.0,0.046,,,1.0,0.157,675.0,Real
2119,Politics,,0.82,1.68,6.0,0.0,0.203,3086.0,Fake
2120,Politics,678.0,,5.36,0.0,1.0,0.147,1153.0,Real
2121,Science,747.0,0.282,8.28,0.0,0.0,0.067,1177.0,Real
2122,Entertainment,242.0,0.253,4.06,6.0,1.0,,4085.0,Fake
2123,Entertainment,395.0,-0.43,1.58,4.0,1.0,0.302,786.0,Fake
2124,Health,187.0,0.061,3.97,2.0,,0.293,245.0,Fake
2125,,777.0,0.371,6.77,0.0,1.0,0.047,55.0,Real
2126,Entertainment,715.0,0.445,7.21,,1.0,0.0,,Real
2127,Politics,364.0,-0.725,3.99,5.0,1.0,0.401,187.0,Fake
2128,Economy,667.0,0.065,,2.0,1.0,0.092,2202.0,Real
2129,Technology,418.0,0.326,1.69,3.0,0.0,0.237,849.0,Fake
2130,Politics,657.0,-0.477,5.02,1.0,0.0,0.038,821.0,Real
2131,Politics,417.0,-0.181,6.86,0.0,1.0,0.108,1636.0,Real
2132,Health,,0.056,0.7,4.0,0.0,0.287,1137.0,Fake
2133,Sports,302.0,-0.538,,8.0,1.0,,424.0,Fake
2134,Health,463.0,0.404,6.99,0.0,1.0,,187.0,Real
2135,Science,293.0,0.003,9.47,0.0,1.0,0.052,113.0,Real
2136,Politics,344.0,0.91,4.04,5.0,0.0,0.263,718.0,Fake
2137,,226.0,0.133,,3.0,1.0,0.183,292.0,Fake
2138,Politics,513.0,0.627,1.79,,1.0,0.181,574.0,Fake
2139,Politics,307.0,0.312,3.63,3.0,0.0,0.349,2504.0,Fake
2140,Politics,50.0,0.735,3.34,3.0,0.0,0.212,228.0,Fake
2141,Technology,560.0,0.026,5.74,0.0,0.0,,94.0,Real
2142,Politics,156.0,,6.97,4.0,0.0,0.321,2297.0,Fake
2143,Health,484.0,0.401,8.5,0.0,1.0,0.097,1122.0,Real
2144,Technology,336.0,,3.6,4.0,,,649.0,Fake
2145,Technology,259.0,-0.128,7.28,1.0,1.0,0.08,4836.0,Real
2146,Science,504.0,-0.483,7.07,0.0,1.0,0.094,282.0,Real
2147,Politics,,-0.498,7.23,,1.0,0.094,1893.0,Real
2148,Technology,323.0,0.789,,5.0,0.0,,178.0,Fake
2149,Politics,316.0,0.905,3.09,6.0,0.0,0.12,362.0,Fake
2150,Health,838.0,-0.096,6.39,0.0,1.0,0.104,1088.0,Real
2151,Technology,335.0,-0.026,3.7,6.0,0.0,0.113,2093.0,Fake
2152,Politics,641.0,0.044,8.15,1.0,1.0,0.081,1306.0,Real
2153,Health,326.0,0.223,2.35,4.0,0.0,0.317,1044.0,Fake
2154,Science,250.0,-0.412,6.11,0.0,1.0,0.124,326.0,Real
2155,Health,80.0,-0.527,1.86,3.0,1.0,0.372,1036.0,Fake
2156,Health,322.0,,1.45,8.0,,0.246,590.0,Fake
2157,Technology,181.0,-0.893,5.52,,0.0,0.19,2402.0,Fake
2158,Economy,357.0,-0.36,6.71,0.0,0.0,0.187,521.0,Real
2159,Entertainment,424.0,-0.497,4.29,8.0,0.0,,920.0,Fake
2160,Health,655.0,0.296,8.02,1.0,1.0,0.077,251.0,Real
2161,Politics,554.0,-0.773,3.51,3.0,1.0,0.47,130.0,Fake
2162,Technology,160.0,0.74,1.4,2.0,0.0,0.286,1314.0,Fake
2163,Politics,135.0,0.945,3.43,3.0,0.0,,147.0,Fake
2164,Economy,428.0,0.504,4.3,2.0,0.0,0.416,1337.0,Fake
2165,Economy,456.0,-0.191,3.85,5.0,1.0,0.213,533.0,Fake
2166,Health,220.0,-0.687,1.57,6.0,0.0,0.266,2504.0,Fake
2167,Science,,-0.385,2.49,1.0,0.0,0.194,901.0,Fake
2168,Health,445.0,-0.083,9.41,0.0,1.0,0.106,638.0,Real
2169,Sports,677.0,-0.268,6.89,,1.0,0.114,,Real
2170,Health,817.0,-0.006,7.51,0.0,1.0,0.086,859.0,Real
2171,Health,318.0,-0.743,,6.0,0.0,0.262,206.0,Fake
2172,Health,499.0,0.273,4.54,4.0,0.0,0.163,814.0,Fake
2173,Entertainment,676.0,-0.277,,1.0,0.0,0.106,138.0,Real
2174,Politics,435.0,,7.07,1.0,1.0,0.043,2654.0,Real
2175,Entertainment,573.0,-0.055,3.67,1.0,1.0,0.111,2297.0,Real
2176,,455.0,0.268,5.09,8.0,0.0,0.215,2793.0,Fake
2177,Entertainment,615.0,-0.18,8.96,1.0,1.0,0.083,25.0,Real
2178,Entertainment,466.0,0.085,3.66,6.0,0.0,0.219,705.0,Fake
2179,Sports,574.0,-0.073,6.65,1.0,1.0,0.089,199.0,Real
2180,Technology,176.0,,4.62,3.0,0.0,0.09,1027.0,Fake
2181,Politics,515.0,-0.251,8.03,,1.0,0.13,2441.0,Real
2182,Health,685.0,0.452,3.98,0.0,1.0,0.104,52.0,Real
2183,Politics,532.0,-0.082,7.37,0.0,1.0,0.165,56.0,Real
2184,Economy,290.0,0.864,1.61,3.0,0.0,0.232,,Fake
2185,Economy,598.0,0.344,,1.0,1.0,0.067,346.0,Real
2186,Entertainment,481.0,,9.35,0.0,1.0,0.092,1641.0,Real
2187,Sports,200.0,-0.265,3.82,5.0,1.0,0.321,3176.0,Fake
2188,Politics,606.0,-0.232,5.4,0.0,0.0,0.161,921.0,Real
2189,Politics,350.0,0.67,3.61,7.0,1.0,0.269,,Fake
2190,Politics,263.0,,0.84,8.0,0.0,0.224,706.0,Fake
2191,Politics,200.0,0.927,0.67,6.0,1.0,0.189,2542.0,Fake
2192,Sports,434.0,-0.214,5.47,1.0,0.0,0.168,145.0,Real
2193,Health,328.0,,7.41,0.0,0.0,,506.0,Real
2194,Technology,247.0,0.141,2.38,8.0,1.0,0.262,730.0,Fake
2195,Politics,159.0,0.808,5.26,,0.0,0.193,1970.0,Fake
2196,Science,496.0,-0.035,6.7,0.0,1.0,0.076,577.0,Real
2197,Health,234.0,0.575,,6.0,1.0,0.298,904.0,Fake
2198,Health,358.0,-0.241,3.43,6.0,1.0,0.338,1377.0,Fake
2199,Technology,755.0,-0.477,6.35,2.0,1.0,0.134,156.0,Real
2200,Health,137.0,0.779,3.59,5.0,,0.146,13.0,Fake
2201,Entertainment,419.0,-0.882,,5.0,1.0,0.247,1408.0,Fake
2202,Sports,368.0,-0.331,4.06,,,0.179,2886.0,Fake
2203,Politics,674.0,0.293,8.77,0.0,0.0,0.172,1796.0,Real
2204,Economy,343.0,0.88,4.4,5.0,0.0,0.162,2393.0,Fake
2205,Science,495.0,-0.154,4.08,5.0,,0.348,1066.0,Fake
2206,Technology,429.0,0.011,5.87,2.0,1.0,0.126,1150.0,Real
2207,Politics,463.0,0.354,3.81,4.0,0.0,0.367,629.0,Fake
2208,Entertainment,370.0,-0.604,2.51,3.0,0.0,0.088,,Fake
2209,Health,317.0,-0.97,,7.0,1.0,0.533,769.0,Fake
2210,Technology,763.0,0.261,7.3,0.0,0.0,0.123,331.0,Real
2211,Technology,254.0,,5.0,5.0,1.0,0.154,211.0,Fake
2212,Sports,,0.016,7.02,1.0,1.0,0.091,1048.0,Real
2213,Politics,397.0,-0.157,8.28,1.0,1.0,0.215,992.0,Real
2214,Health,523.0,-0.402,,1.0,1.0,,2209.0,Real
2215,Technology,499.0,0.566,3.19,4.0,1.0,0.149,3699.0,Fake
2216,Health,353.0,0.803,2.01,3.0,1.0,0.228,3288.0,Fake
2217,Politics,244.0,0.775,2.46,3.0,0.0,0.38,1370.0,Fake
2218,Science,515.0,-0.175,6.05,0.0,1.0,0.0,1596.0,Real
2219,Entertainment,430.0,-0.267,6.69,0.0,1.0,0.116,966.0,Real
2220,Economy,650.0,0.267,6.71,0.0,1.0,0.076,502.0,Real
2221,Technology,255.0,0.683,3.83,4.0,,0.206,5084.0,Fake
2222,Politics,,-0.017,6.39,3.0,1.0,0.088,2031.0,Real
2223,Entertainment,382.0,0.256,5.78,4.0,0.0,,365.0,Fake
2224,Entertainment,386.0,0.788,,3.0,0.0,0.319,678.0,Fake
2225,Entertainment,718.0,-0.158,8.73,1.0,1.0,0.027,184.0,Real
2226,Entertainment,209.0,0.527,3.42,5.0,0.0,0.302,632.0,Fake
2227,Politics,661.0,0.432,7.82,1.0,1.0,0.118,849.0,Real
2228,Economy,319.0,0.403,4.12,8.0,1.0,0.251,3.0,Fake
2229,Politics,291.0,0.058,4.93,9.0,1.0,0.401,1120.0,Fake
2230,Health,368.0,-0.554,6.13,3.0,0.0,0.135,2823.0,Fake
2231,Health,276.0,-0.964,5.47,0.0,0.0,0.219,3146.0,Fake
2232,Entertainment,419.0,-0.988,4.93,3.0,1.0,0.108,1112.0,Fake
2233,Health,217.0,-0.526,3.56,7.0,1.0,0.266,3609.0,Fake
2234,Health,179.0,-0.334,3.21,2.0,0.0,0.186,1989.0,Fake
2235,Entertainment,774.0,0.184,8.27,2.0,0.0,0.053,613.0,Real
2236,Economy,473.0,-0.468,6.14,3.0,1.0,,435.0,Real
2237,Politics,223.0,0.058,5.53,2.0,1.0,0.29,4293.0,Fake
2238,Entertainment,463.0,0.438,7.94,1.0,1.0,0.077,275.0,Real
2239,Politics,,,0.65,4.0,0.0,0.276,,Fake
2240,Entertainment,411.0,0.187,2.74,6.0,,0.227,178.0,Fake
2241,Health,219.0,0.039,4.51,3.0,1.0,0.186,581.0,Fake
2242,Health,210.0,-0.207,4.77,,0.0,0.667,551.0,Fake
2243,Politics,351.0,-0.748,3.91,7.0,1.0,0.192,2152.0,Fake
2244,Health,828.0,0.133,,0.0,0.0,0.096,192.0,Real
2245,Sports,50.0,-0.403,5.02,6.0,0.0,0.39,2107.0,Fake
2246,Technology,755.0,-0.433,7.56,1.0,1.0,0.046,,Real
2247,Science,669.0,-0.42,,0.0,1.0,0.129,1137.0,Real
2248,Politics,323.0,0.354,4.56,2.0,1.0,0.153,,Fake
2249,Health,200.0,-0.965,4.87,6.0,0.0,0.307,406.0,Fake
2250,Health,,0.278,5.84,0.0,1.0,0.069,677.0,Real
2251,Politics,359.0,-0.382,7.1,0.0,1.0,0.057,2297.0,Real
2252,Entertainment,,,4.23,7.0,0.0,0.068,485.0,Fake
2253,Science,673.0,-0.496,3.77,5.0,0.0,0.344,643.0,Fake
2254,Sports,705.0,0.482,6.65,1.0,1.0,0.182,66.0,Real
2255,Economy,287.0,-0.714,,4.0,0.0,0.137,350.0,Fake
2256,Science,307.0,0.106,4.11,,0.0,0.367,202.0,Fake
2257,Entertainment,402.0,0.176,4.92,7.0,0.0,0.209,70.0,Fake
2258,Science,445.0,-0.504,2.27,2.0,0.0,0.227,,Fake
2259,Entertainment,131.0,-0.847,,5.0,0.0,0.179,2470.0,Fake
2260,,683.0,0.971,2.06,1.0,1.0,0.237,2074.0,Fake
2261,Technology,280.0,0.517,6.03,5.0,1.0,0.287,3153.0,Fake
2262,Technology,321.0,,4.17,6.0,0.0,0.171,3481.0,Fake
2263,Technology,511.0,0.029,6.06,3.0,1.0,0.108,24.0,Real
2264,Science,,-0.496,6.89,1.0,1.0,0.0,295.0,Real
2265,Sports,866.0,-0.42,6.9,2.0,1.0,0.111,1258.0,Real
2266,Politics,331.0,-0.544,2.85,10.0,0.0,0.324,53.0,Fake
2267,Politics,214.0,0.537,5.45,3.0,0.0,0.258,667.0,Fake
2268,Sports,614.0,-0.301,6.22,0.0,1.0,0.074,105.0,Real
2269,Entertainment,675.0,0.486,7.23,1.0,0.0,0.085,811.0,Real
2270,Economy,623.0,0.106,7.61,0.0,1.0,0.014,461.0,Real
2271,Technology,354.0,0.518,3.43,3.0,0.0,0.316,3929.0,Fake
2272,Health,395.0,0.125,,2.0,1.0,0.048,941.0,Real
2273,Politics,264.0,-0.015,7.75,6.0,0.0,0.148,1222.0,Fake
2274,Technology,379.0,-0.855,5.42,6.0,0.0,0.1,523.0,Fake
2275,Politics,681.0,0.469,6.1,0.0,1.0,0.019,183.0,Real
2276,Technology,524.0,-0.481,8.7,1.0,1.0,0.035,52.0,Real
2277,Technology,706.0,0.478,7.14,0.0,1.0,0.031,654.0,Real
2278,Health,351.0,-0.357,7.33,1.0,1.0,0.029,225.0,Real
2279,Health,468.0,0.499,2.24,9.0,0.0,0.228,118.0,Fake
2280,Technology,308.0,-0.531,0.46,3.0,0.0,0.37,3761.0,Fake
2281,Entertainment,,0.47,6.46,1.0,1.0,0.148,85.0,Real
2282,Sports,351.0,-0.558,4.3,5.0,1.0,0.328,1146.0,Fake
2283,Science,135.0,0.232,2.42,6.0,,0.292,829.0,Fake
2284,Health,171.0,-0.052,6.92,,0.0,0.064,3174.0,Fake
2285,Technology,369.0,,2.72,4.0,1.0,0.236,1044.0,Fake
2286,Politics,276.0,,1.26,6.0,0.0,0.281,976.0,Fake
2287,Health,622.0,0.165,6.27,0.0,1.0,0.0,309.0,Real
2288,,423.0,-0.112,7.81,1.0,1.0,0.021,134.0,Real
2289,Sports,403.0,0.855,,8.0,0.0,0.206,355.0,Fake
2290,Politics,783.0,0.491,8.0,,1.0,0.037,1006.0,Real
2291,Politics,449.0,0.457,0.0,10.0,0.0,,877.0,Fake
2292,Politics,494.0,0.698,1.82,8.0,1.0,0.129,460.0,Fake
2293,Technology,264.0,0.606,,3.0,0.0,0.18,2259.0,Fake
2294,Politics,,-0.455,1.86,7.0,0.0,0.286,1279.0,Fake
2295,Economy,,0.077,5.29,0.0,1.0,0.018,94.0,Real
2296,Entertainment,154.0,0.33,3.68,5.0,1.0,0.311,2631.0,Fake
2297,Science,230.0,0.006,,6.0,0.0,0.281,1458.0,Fake
2298,Sports,,-0.102,6.59,0.0,1.0,0.085,,Real
2299,Health,,0.092,6.66,2.0,1.0,0.095,1286.0,Real
2300,Politics,238.0,-0.441,,4.0,,,194.0,Fake
2301,Health,473.0,-0.93,1.12,,0.0,0.219,5299.0,Fake
2302,Health,421.0,0.063,8.48,0.0,1.0,0.107,131.0,Real
2303,Technology,544.0,0.27,6.58,1.0,1.0,0.16,1008.0,Real
2304,Technology,755.0,,,0.0,0.0,,1673.0,Real
2305,Technology,446.0,-0.17,3.39,3.0,0.0,0.058,2938.0,Fake
2306,Health,477.0,-0.091,9.78,0.0,1.0,0.081,289.0,Real
2307,Sports,284.0,0.124,6.78,2.0,1.0,0.121,5.0,Real
2308,Entertainment,644.0,0.359,10.0,,1.0,0.131,406.0,Real
2309,Health,83.0,0.237,3.28,3.0,0.0,0.285,738.0,Fake
2310,Politics,792.0,0.221,,0.0,1.0,0.104,233.0,Real
2311,Sports,354.0,0.488,8.04,1.0,1.0,0.07,1555.0,Real
2312,Politics,187.0,0.506,4.31,6.0,0.0,0.112,642.0,Fake
2313,Science,277.0,-0.313,5.07,4.0,1.0,0.365,1188.0,Fake
2314,Science,376.0,0.333,6.81,3.0,1.0,0.031,857.0,Real
2315,Health,441.0,0.888,3.01,4.0,0.0,0.228,75.0,Fake
2316,Politics,,0.123,3.31,4.0,0.0,0.331,,Fake
2317,Health,750.0,-0.025,7.58,0.0,1.0,0.122,694.0,Real
2318,Technology,571.0,0.194,8.47,1.0,1.0,0.132,740.0,Real
2319,Technology,537.0,0.198,2.52,8.0,0.0,0.218,52.0,Fake
2320,Entertainment,673.0,-0.061,7.86,0.0,1.0,0.089,1269.0,Real
2321,Health,772.0,0.49,7.99,1.0,1.0,0.055,382.0,Real
2322,Health,347.0,-0.978,2.13,7.0,0.0,0.08,2363.0,Fake
2323,Entertainment,338.0,0.316,2.03,9.0,1.0,0.222,586.0,Fake
2324,Health,160.0,0.397,,0.0,1.0,0.196,357.0,Fake
2325,Health,453.0,0.965,2.86,7.0,1.0,0.245,9742.0,Fake
2326,Economy,372.0,0.494,2.65,5.0,0.0,0.195,,Fake
2327,Politics,346.0,0.359,1.64,4.0,0.0,0.256,33.0,Fake
2328,Entertainment,757.0,-0.4,,1.0,1.0,0.093,306.0,Real
2329,Economy,607.0,0.371,6.69,2.0,1.0,0.018,2521.0,Real
2330,Technology,675.0,0.427,10.0,2.0,1.0,0.073,268.0,Real
2331,Health,221.0,-0.639,5.62,5.0,0.0,0.181,2137.0,Fake
2332,Entertainment,,-0.431,9.46,0.0,1.0,0.109,520.0,Real
2333,Health,,0.443,2.72,5.0,0.0,0.216,100.0,Fake
2334,Entertainment,405.0,0.336,,6.0,0.0,0.241,921.0,Fake
2335,Politics,,0.366,6.4,1.0,1.0,0.132,253.0,Real
2336,,535.0,-0.142,5.77,1.0,1.0,,287.0,Real
2337,Politics,195.0,-0.928,5.62,,0.0,0.291,1399.0,Fake
2338,Economy,841.0,0.135,8.39,0.0,0.0,,733.0,Real
2339,Sports,250.0,0.646,3.25,1.0,1.0,0.31,612.0,Fake
2340,Health,471.0,-0.256,6.57,0.0,0.0,0.062,311.0,Real
2341,Sports,231.0,-0.649,3.64,5.0,0.0,0.241,1498.0,Fake
2342,Politics,217.0,-0.234,1.07,6.0,0.0,0.39,488.0,Fake
2343,Science,,0.258,6.95,1.0,1.0,0.108,1117.0,Real
2344,Politics,705.0,-0.483,8.43,2.0,1.0,0.043,824.0,Real
2345,Politics,327.0,0.156,0.96,4.0,0.0,0.209,1409.0,Fake
2346,Entertainment,,-0.083,5.0,5.0,1.0,0.162,1285.0,Fake
2347,Technology,251.0,0.876,5.64,3.0,0.0,0.243,265.0,Fake
2348,Health,420.0,-0.197,3.55,7.0,0.0,0.196,153.0,Fake
2349,Health,362.0,0.615,,7.0,,0.104,2166.0,Fake
2350,Science,685.0,-0.428,8.71,0.0,1.0,0.089,3158.0,Real
2351,Politics,114.0,-0.551,4.65,5.0,1.0,0.124,363.0,Fake
2352,Technology,544.0,0.439,7.45,3.0,1.0,0.053,2711.0,Real
2353,Politics,449.0,0.27,5.01,1.0,1.0,0.05,2550.0,Real
2354,Technology,556.0,0.453,7.34,1.0,,0.021,669.0,Real
2355,Sports,477.0,-0.316,7.9,1.0,1.0,0.054,1093.0,Real
2356,Entertainment,186.0,-0.972,,3.0,0.0,0.323,3559.0,Fake
2357,Politics,642.0,-0.316,8.8,1.0,0.0,0.081,424.0,Real
2358,Health,190.0,-0.359,7.96,6.0,1.0,0.222,119.0,Fake
2359,Health,250.0,-0.274,2.66,4.0,0.0,0.244,1834.0,Fake
2360,Politics,210.0,0.915,4.08,8.0,1.0,0.491,182.0,Fake
2361,Politics,632.0,-0.409,7.14,0.0,1.0,0.085,1049.0,Real
2362,Politics,512.0,0.499,5.11,1.0,1.0,0.07,320.0,Real
2363,,620.0,-0.373,7.89,0.0,1.0,0.1,663.0,Real
2364,Economy,847.0,0.003,9.02,3.0,1.0,0.147,100.0,Real
2365,Entertainment,216.0,-0.961,4.92,4.0,1.0,0.161,278.0,Fake
2366,Politics,411.0,0.721,0.0,3.0,0.0,0.346,286.0,Fake
2367,Economy,209.0,-0.567,2.4,4.0,1.0,0.21,323.0,Fake
2368,Technology,348.0,-0.162,,5.0,0.0,0.116,1378.0,Fake
2369,Sports,563.0,-0.288,7.76,2.0,1.0,0.063,16.0,Real
2370,Politics,489.0,0.225,6.27,1.0,0.0,,2019.0,Real
2371,Health,332.0,-0.656,3.38,3.0,1.0,0.314,1544.0,Fake
2372,Health,383.0,0.203,3.32,9.0,0.0,0.42,326.0,Fake
2373,Politics,437.0,-0.494,6.46,0.0,1.0,0.163,324.0,Real
2374,Technology,221.0,0.545,5.53,7.0,0.0,0.4,1254.0,Fake
2375,Sports,164.0,-0.872,,,0.0,0.31,4620.0,Fake
2376,Economy,413.0,-0.163,8.87,1.0,1.0,0.011,1165.0,Real
2377,Entertainment,339.0,0.212,6.8,6.0,0.0,0.155,3845.0,Fake
2378,Health,202.0,-0.268,4.79,11.0,0.0,0.213,834.0,Fake
2379,Entertainment,382.0,0.449,6.57,1.0,1.0,0.141,187.0,Real
2380,Sports,436.0,-0.238,6.51,0.0,1.0,0.036,1444.0,Real
2381,Politics,500.0,0.211,7.97,0.0,1.0,0.037,383.0,Real
2382,Economy,498.0,-0.009,6.76,0.0,0.0,0.058,,Real
2383,Technology,669.0,,7.74,4.0,1.0,0.037,1719.0,Real
2384,Technology,425.0,-0.438,3.39,5.0,0.0,0.232,4325.0,Fake
2385,Entertainment,744.0,0.438,7.16,1.0,1.0,0.04,2107.0,Real
2386,Sports,288.0,-0.34,8.12,0.0,1.0,0.057,1294.0,Real
2387,Health,460.0,-0.094,3.43,4.0,0.0,0.222,105.0,Fake
2388,Politics,301.0,-0.212,3.7,6.0,0.0,0.251,372.0,Fake
2389,Technology,409.0,0.118,7.57,1.0,1.0,0.059,165.0,Real
2390,Technology,467.0,0.12,7.13,1.0,1.0,0.049,599.0,Real
2391,Politics,322.0,0.983,4.14,,0.0,0.165,1573.0,Fake
2392,Entertainment,468.0,-0.155,7.49,1.0,1.0,0.011,64.0,Real
2393,Entertainment,277.0,0.188,3.17,8.0,1.0,0.429,255.0,Fake
2394,Health,901.0,-0.155,5.75,0.0,1.0,,2246.0,Real
2395,Health,435.0,-0.436,5.87,,1.0,0.086,135.0,Real
2396,Sports,70.0,-0.056,3.45,8.0,0.0,,68.0,Fake
2397,Entertainment,342.0,0.281,3.04,,0.0,0.378,,Fake
2398,Sports,733.0,0.365,9.68,0.0,1.0,0.119,,Real
2399,Technology,372.0,-0.867,,2.0,0.0,0.573,276.0,Fake
2400,Entertainment,,0.029,1.95,9.0,0.0,0.385,2381.0,Fake
2401,Health,462.0,-0.325,6.29,0.0,1.0,0.194,44.0,Real
2402,Entertainment,475.0,0.494,1.69,5.0,0.0,0.137,3338.0,Fake
2403,Politics,419.0,0.17,5.96,0.0,1.0,0.073,979.0,Real
2404,Technology,414.0,0.915,2.62,7.0,1.0,0.076,184.0,Fake
2405,Economy,296.0,-0.072,4.44,2.0,0.0,0.209,322.0,Fake
2406,Health,487.0,-0.385,3.08,7.0,0.0,0.086,,Fake
2407,Politics,734.0,-0.458,10.0,1.0,1.0,0.021,199.0,Real
2408,Politics,432.0,0.809,1.34,3.0,1.0,0.354,517.0,Fake
2409,Sports,333.0,-0.277,6.71,1.0,1.0,0.118,,Real
2410,Technology,404.0,-0.232,,1.0,1.0,0.096,468.0,Real
2411,Entertainment,338.0,-0.134,3.83,9.0,1.0,,1019.0,Fake
2412,Politics,416.0,-0.401,6.85,1.0,1.0,0.103,1437.0,Real
2413,Politics,234.0,0.758,2.82,5.0,0.0,0.286,659.0,Fake
2414,Politics,386.0,-0.287,5.96,2.0,1.0,0.124,,Real
2415,Health,374.0,-0.09,8.06,0.0,1.0,0.088,572.0,Real
2416,Entertainment,302.0,0.723,2.42,5.0,0.0,,4857.0,Fake
2417,,370.0,0.49,7.16,,1.0,,118.0,Real
2418,Entertainment,455.0,-0.148,6.89,1.0,0.0,,659.0,Real
2419,Politics,444.0,0.037,7.52,2.0,1.0,0.022,22.0,Real
2420,Economy,332.0,-0.759,2.58,6.0,0.0,0.238,788.0,Fake
2421,Health,618.0,-0.153,9.42,,1.0,0.053,220.0,Real
2422,Health,229.0,0.512,3.06,4.0,1.0,0.2,888.0,Fake
2423,Entertainment,224.0,,5.29,2.0,1.0,0.294,2101.0,Fake
2424,Technology,450.0,-0.042,8.31,2.0,1.0,0.157,492.0,Real
2425,Entertainment,583.0,0.457,7.97,0.0,1.0,0.034,435.0,Real
2426,Technology,530.0,-0.03,7.07,2.0,1.0,0.063,,Real
2427,Politics,409.0,-0.411,3.18,5.0,0.0,0.293,111.0,Fake
2428,Technology,499.0,0.54,4.92,3.0,0.0,0.194,2617.0,Fake
2429,Economy,245.0,-0.745,0.05,4.0,0.0,0.133,2054.0,Fake
2430,Politics,722.0,-0.273,4.42,1.0,0.0,,2433.0,Real
2431,Technology,431.0,0.642,2.56,3.0,0.0,0.232,24.0,Fake
2432,Technology,464.0,-0.461,7.59,0.0,1.0,0.105,24.0,Real
2433,Health,542.0,-0.263,6.66,0.0,1.0,0.14,605.0,Real
2434,Politics,274.0,-0.522,,8.0,0.0,,297.0,Fake
2435,Science,565.0,0.497,7.6,1.0,1.0,0.127,,Real
2436,Politics,662.0,0.236,5.97,1.0,1.0,0.033,1301.0,Real
2437,Politics,591.0,0.057,5.55,2.0,1.0,0.08,2211.0,Real
2438,Politics,655.0,-0.763,3.44,5.0,1.0,0.03,3745.0,Fake
2439,Politics,,0.606,1.79,5.0,0.0,0.242,17.0,Fake
2440,Technology,277.0,0.644,5.13,3.0,0.0,0.384,516.0,Fake
2441,Economy,,-0.683,,4.0,0.0,0.14,540.0,Fake
2442,Politics,507.0,-0.413,7.49,1.0,1.0,0.056,74.0,Real
2443,Economy,178.0,0.827,3.65,6.0,0.0,0.447,860.0,Fake
2444,Health,355.0,-0.847,,3.0,1.0,0.208,729.0,Fake
2445,Politics,366.0,-0.486,3.59,2.0,0.0,0.253,666.0,Fake
2446,Politics,719.0,0.312,6.74,0.0,1.0,0.075,906.0,Real
2447,Technology,403.0,-0.084,2.49,4.0,0.0,,581.0,Fake
2448,Politics,637.0,-0.02,5.96,1.0,1.0,0.148,1813.0,Real
2449,Politics,710.0,,6.47,,1.0,0.112,209.0,Real
2450,Health,411.0,0.119,5.27,4.0,0.0,0.089,2946.0,Fake
2451,Science,423.0,0.52,3.95,6.0,1.0,0.204,1592.0,Fake
2452,Health,522.0,0.459,7.2,2.0,1.0,,455.0,Real
2453,,759.0,0.272,5.36,0.0,1.0,0.1,177.0,Real
2454,Health,202.0,0.318,1.15,4.0,0.0,0.344,1547.0,Fake
2455,Health,520.0,0.331,5.03,1.0,1.0,0.074,39.0,Real
2456,Science,398.0,-0.098,8.29,1.0,1.0,0.162,1174.0,Real
2457,Technology,497.0,0.32,5.31,4.0,0.0,0.128,1735.0,Fake
2458,Technology,692.0,0.385,8.52,0.0,1.0,0.05,1349.0,Real
2459,Technology,487.0,-0.851,,5.0,0.0,0.069,273.0,Fake
2460,Politics,371.0,-0.795,1.4,10.0,,0.373,7051.0,Fake
2461,Science,759.0,0.071,7.01,1.0,1.0,0.0,870.0,Real
2462,Health,426.0,-0.437,7.97,1.0,1.0,0.093,,Real
2463,Entertainment,324.0,0.612,5.32,4.0,,0.308,1235.0,Fake
2464,Health,543.0,,7.88,0.0,1.0,0.022,548.0,Real
2465,Health,484.0,,5.94,1.0,1.0,0.098,322.0,Real
2466,Science,659.0,-0.014,6.77,0.0,0.0,0.047,154.0,Real
2467,Health,385.0,,1.26,3.0,0.0,0.23,3814.0,Fake
2468,Economy,394.0,-0.211,,4.0,1.0,0.175,668.0,Fake
2469,Politics,243.0,-0.367,4.4,0.0,1.0,0.043,3318.0,Real
2470,Politics,272.0,-0.182,5.93,,1.0,0.25,2276.0,Fake
2471,Entertainment,551.0,0.45,3.13,4.0,0.0,0.27,442.0,Fake
2472,Politics,248.0,-0.331,4.22,5.0,1.0,0.343,,Fake
2473,Science,264.0,0.692,4.23,3.0,0.0,0.109,3338.0,Fake
2474,Economy,574.0,,8.26,1.0,1.0,0.095,1484.0,Real
2475,Health,430.0,0.763,3.85,5.0,0.0,0.204,,Fake
2476,Entertainment,313.0,0.31,2.33,4.0,0.0,0.159,931.0,Fake
2477,Health,488.0,,7.72,1.0,1.0,0.144,50.0,Real
2478,Politics,552.0,-0.47,6.49,0.0,1.0,0.021,246.0,Real
2479,Politics,92.0,0.539,2.54,1.0,1.0,0.103,252.0,Fake
2480,Sports,263.0,0.982,2.16,,0.0,0.429,842.0,Fake
2481,Technology,805.0,-0.238,7.73,2.0,1.0,0.075,619.0,Real
2482,Technology,275.0,0.346,2.35,,0.0,0.225,1043.0,Fake
2483,Sports,674.0,0.445,,0.0,1.0,0.049,1252.0,Real
2484,Economy,231.0,0.795,3.56,5.0,0.0,0.347,,Fake
2485,Politics,305.0,0.316,4.42,6.0,0.0,,2535.0,Fake
2486,Entertainment,129.0,0.284,6.75,0.0,0.0,0.16,966.0,Fake
2487,Health,799.0,-0.424,8.03,0.0,0.0,0.137,1962.0,Real
2488,Sports,697.0,0.47,6.49,2.0,0.0,0.093,453.0,Real
2489,Economy,684.0,-0.077,5.33,0.0,1.0,0.025,1823.0,Real
2490,Sports,358.0,0.294,5.18,1.0,0.0,0.122,612.0,Fake
2491,Sports,460.0,0.247,8.62,0.0,1.0,0.12,1419.0,Real
2492,Economy,624.0,-0.309,7.54,0.0,1.0,,362.0,Real
2493,Health,317.0,0.037,4.08,4.0,0.0,0.239,986.0,Fake
2494,Technology,518.0,0.344,7.39,0.0,0.0,0.1,4006.0,Real
2495,Technology,,0.302,6.37,0.0,1.0,0.002,806.0,Real
2496,Science,233.0,0.034,3.83,4.0,1.0,0.305,938.0,Fake
2497,Entertainment,372.0,0.555,1.3,7.0,1.0,0.396,6022.0,Fake
2498,Entertainment,201.0,0.365,3.68,10.0,1.0,0.051,327.0,Fake
2499,Sports,500.0,0.336,7.07,0.0,1.0,0.036,220.0,Real
2500,Technology,349.0,0.933,1.93,5.0,0.0,0.19,326.0,Fake
2501,Entertainment,553.0,0.444,7.77,,1.0,0.132,1814.0,Real
2502,Politics,476.0,0.66,6.48,3.0,0.0,0.402,1186.0,Fake
2503,Sports,468.0,-0.19,2.87,5.0,0.0,0.275,2739.0,Fake
2504,Health,330.0,-0.19,2.85,,0.0,0.214,,Fake
2505,Health,427.0,0.235,6.97,2.0,1.0,0.147,782.0,Real
2506,Entertainment,614.0,0.322,8.65,1.0,1.0,0.18,211.0,Real
2507,Politics,707.0,-0.255,9.25,3.0,1.0,0.065,800.0,Real
2508,Politics,556.0,-0.287,,0.0,1.0,,366.0,Real
2509,Technology,829.0,0.164,5.22,1.0,1.0,0.085,868.0,Real
2510,Politics,50.0,0.885,4.45,3.0,0.0,0.138,480.0,Fake
2511,Sports,346.0,0.59,4.37,7.0,0.0,0.381,642.0,Fake
2512,Sports,491.0,-0.539,5.33,3.0,0.0,0.201,1084.0,Fake
2513,Science,431.0,0.346,1.51,6.0,0.0,0.25,508.0,Fake
2514,,704.0,-0.083,7.68,2.0,,0.066,240.0,Real
2515,,359.0,-0.343,4.11,5.0,0.0,0.261,3584.0,Fake
2516,Science,580.0,0.021,5.57,1.0,0.0,0.014,,Real
2517,Technology,569.0,0.109,7.01,1.0,1.0,0.158,695.0,Real
2518,,658.0,-0.358,8.62,0.0,1.0,0.099,334.0,Real
2519,Sports,651.0,0.17,6.18,0.0,1.0,0.033,418.0,Real
2520,Politics,621.0,-0.059,6.35,1.0,1.0,0.125,1449.0,Real
2521,Politics,641.0,-0.402,7.85,0.0,0.0,0.078,963.0,Real
2522,Technology,326.0,0.194,3.68,8.0,0.0,0.155,1249.0,Fake
2523,Economy,506.0,0.61,1.45,5.0,1.0,0.319,199.0,Fake
2524,Health,841.0,-0.45,7.16,1.0,0.0,0.083,88.0,Real
2525,Technology,454.0,-0.18,5.9,1.0,1.0,0.054,1223.0,Real
2526,Economy,392.0,-0.293,1.87,4.0,0.0,0.102,1560.0,Fake
2527,Health,737.0,-0.382,8.17,2.0,1.0,0.0,2074.0,Real
2528,Economy,272.0,-0.148,2.89,5.0,1.0,0.268,3048.0,Fake
2529,Technology,520.0,0.721,3.93,9.0,,0.378,2284.0,Fake
2530,Politics,531.0,0.372,8.58,,0.0,0.022,718.0,Real
2531,Health,730.0,-0.203,6.7,0.0,1.0,0.08,352.0,Real
2532,Health,391.0,-0.303,8.78,0.0,1.0,0.127,3570.0,Real
2533,Health,360.0,0.275,5.58,6.0,0.0,0.244,2080.0,Fake
2534,Health,595.0,0.066,6.71,1.0,0.0,0.108,745.0,Real
2535,Health,511.0,-0.351,4.02,3.0,0.0,0.193,1075.0,Fake
2536,Sports,492.0,-0.359,5.81,0.0,0.0,0.021,1259.0,Real
2537,Science,312.0,0.318,6.23,1.0,1.0,0.162,315.0,Real
2538,Technology,673.0,-0.483,8.31,2.0,1.0,0.038,760.0,Real
2539,Technology,875.0,,6.77,1.0,1.0,0.055,331.0,Real
2540,Technology,306.0,-0.569,,1.0,1.0,0.284,494.0,Fake
2541,Health,578.0,0.584,,3.0,1.0,0.348,2978.0,Fake
2542,Economy,496.0,0.45,6.76,0.0,1.0,0.114,134.0,Real
2543,Technology,661.0,0.044,7.33,0.0,1.0,0.0,64.0,Real
2544,Health,566.0,-0.15,,2.0,1.0,0.051,,Real
2545,Economy,,-0.225,7.28,3.0,1.0,0.021,472.0,Real
2546,Politics,289.0,0.838,,4.0,1.0,0.133,960.0,Fake
2547,Politics,324.0,0.117,9.21,0.0,1.0,0.079,1887.0,Real
2548,Technology,464.0,-0.692,,,0.0,0.212,6580.0,Fake
2549,Science,384.0,-0.205,5.32,0.0,0.0,0.341,604.0,Fake
2550,Sports,311.0,-0.04,7.83,1.0,1.0,0.009,37.0,Real
2551,Health,367.0,-0.913,2.58,4.0,1.0,0.306,1507.0,Fake
2552,Technology,336.0,,2.78,8.0,0.0,0.37,2696.0,Fake
2553,Entertainment,140.0,-0.254,,2.0,0.0,0.372,246.0,Fake
2554,Health,278.0,0.829,3.42,8.0,1.0,0.335,389.0,Fake
2555,Politics,546.0,-0.122,6.57,5.0,1.0,0.071,26.0,Real
2556,Economy,107.0,0.895,0.0,3.0,1.0,0.313,718.0,Fake
2557,Technology,,0.845,2.89,4.0,0.0,0.219,314.0,Fake
2558,Sports,267.0,-0.32,,4.0,0.0,0.159,583.0,Fake
2559,Politics,642.0,0.18,6.44,1.0,1.0,,,Real
2560,Economy,383.0,0.956,3.9,5.0,0.0,0.206,1175.0,Fake
2561,Entertainment,528.0,-0.242,,2.0,1.0,0.156,1268.0,Real
2562,Politics,716.0,-0.007,9.75,0.0,1.0,0.089,2186.0,Real
2563,Politics,537.0,-0.579,3.18,3.0,1.0,0.112,1813.0,Fake
2564,Technology,465.0,,,2.0,1.0,0.13,,Real
2565,Entertainment,225.0,-0.59,,4.0,1.0,0.317,1871.0,Fake
2566,Health,447.0,0.777,,5.0,0.0,0.273,2371.0,Fake
2567,Health,83.0,-0.115,2.82,3.0,,0.429,1636.0,Fake
2568,Health,334.0,0.631,4.05,,0.0,0.094,,Fake
2569,Politics,397.0,0.489,9.11,0.0,1.0,0.123,315.0,Real
2570,Sports,296.0,-0.868,2.82,5.0,0.0,0.143,246.0,Fake
2571,Entertainment,688.0,0.152,8.91,2.0,1.0,0.136,2003.0,Real
2572,Science,663.0,-0.442,8.12,2.0,1.0,,344.0,Real
2573,Entertainment,494.0,0.488,7.45,0.0,1.0,0.115,940.0,Real
2574,Technology,450.0,-0.976,3.44,4.0,0.0,0.314,1191.0,Fake
2575,Health,292.0,-0.34,8.61,0.0,1.0,0.093,704.0,Real
2576,Health,573.0,0.393,7.52,,,0.033,318.0,Real
2577,Technology,264.0,-0.359,5.61,5.0,0.0,,91.0,Fake
2578,Politics,322.0,0.598,2.9,6.0,1.0,0.2,1726.0,Fake
2579,,272.0,0.531,5.19,3.0,0.0,0.263,642.0,Fake
2580,Entertainment,382.0,0.877,1.45,1.0,1.0,0.251,1311.0,Fake
2581,Politics,370.0,-0.492,5.66,3.0,1.0,0.286,361.0,Fake
2582,Technology,536.0,-0.005,6.37,2.0,1.0,,478.0,Real
2583,Entertainment,395.0,0.159,4.36,7.0,0.0,,1796.0,Fake
2584,Economy,674.0,,,0.0,0.0,0.104,635.0,Real
2585,,556.0,0.643,4.05,3.0,0.0,0.291,4905.0,Fake
2586,Economy,478.0,0.302,6.98,1.0,1.0,0.043,253.0,Real
2587,,303.0,0.217,2.25,7.0,1.0,0.258,550.0,Fake
2588,Technology,515.0,-0.34,8.75,1.0,1.0,,1050.0,Real
2589,Science,251.0,,6.95,1.0,1.0,0.015,1223.0,Real
2590,Politics,398.0,0.218,4.49,2.0,0.0,0.28,2063.0,Fake
2591,Entertainment,333.0,0.399,0.71,5.0,1.0,0.49,501.0,Fake
2592,Health,334.0,,8.11,0.0,0.0,0.025,1404.0,Real
2593,Politics,474.0,-0.259,6.02,,1.0,0.115,1617.0,Real
2594,Entertainment,,-0.928,,4.0,0.0,0.24,1469.0,Fake
2595,Politics,481.0,0.085,3.16,6.0,0.0,0.226,183.0,Fake
2596,Sports,621.0,-0.406,,0.0,1.0,0.083,1611.0,Real
2597,Politics,982.0,0.431,7.68,4.0,1.0,0.116,6.0,Real
2598,Politics,216.0,0.326,5.35,7.0,0.0,0.199,136.0,Fake
2599,Economy,336.0,,4.28,7.0,0.0,0.113,2413.0,Fake
2600,Health,219.0,-0.625,4.59,2.0,0.0,0.344,2387.0,Fake
2601,Politics,479.0,0.781,3.02,5.0,0.0,0.271,493.0,Fake
2602,Politics,485.0,0.093,5.42,2.0,1.0,0.119,106.0,Real
2603,Health,609.0,-0.117,7.49,0.0,1.0,0.1,644.0,Real
2604,Technology,222.0,-0.528,,5.0,0.0,,2066.0,Fake
2605,Sports,667.0,0.049,5.12,1.0,0.0,0.003,446.0,Real
2606,Technology,578.0,0.218,,1.0,1.0,0.089,2615.0,Real
2607,Politics,324.0,-0.565,4.28,4.0,1.0,0.284,1008.0,Fake
2608,Science,,-0.713,4.16,3.0,0.0,0.208,181.0,Fake
2609,Technology,347.0,-0.239,4.64,7.0,1.0,0.082,2493.0,Fake
2610,Economy,676.0,,6.29,0.0,1.0,0.036,445.0,Real
2611,Politics,368.0,-0.514,4.95,4.0,0.0,0.202,2398.0,Fake
2612,Politics,671.0,0.056,4.91,1.0,,0.133,1417.0,Real
2613,Economy,496.0,0.114,8.68,3.0,1.0,0.0,2420.0,Real
2614,Politics,402.0,-0.185,5.03,5.0,1.0,0.189,,Fake
2615,Health,450.0,0.257,9.31,,1.0,0.041,268.0,Real
2616,Technology,519.0,-0.465,5.2,0.0,1.0,0.13,228.0,Real
2617,Economy,567.0,0.265,7.27,0.0,1.0,0.128,263.0,Real
2618,Politics,682.0,0.227,6.87,1.0,1.0,0.073,204.0,Real
2619,Health,671.0,-0.4,6.93,2.0,1.0,0.088,580.0,Real
2620,Entertainment,321.0,0.619,4.5,4.0,1.0,0.318,47.0,Fake
2621,Health,369.0,0.981,0.88,2.0,1.0,0.335,3396.0,Fake
2622,Science,442.0,-0.427,8.19,1.0,1.0,0.043,,Real
2623,Entertainment,468.0,,6.2,0.0,1.0,0.105,495.0,Real
2624,Health,573.0,0.246,5.51,0.0,1.0,0.024,60.0,Real
2625,Health,556.0,0.012,6.49,0.0,1.0,0.018,1076.0,Real
2626,Entertainment,200.0,-0.656,4.49,3.0,0.0,0.385,1333.0,Fake
2627,Technology,405.0,-0.814,2.31,5.0,1.0,0.259,738.0,Fake
2628,Politics,367.0,0.361,,2.0,1.0,0.267,154.0,Fake
2629,Politics,201.0,0.32,3.69,6.0,0.0,,3383.0,Fake
2630,Technology,133.0,0.074,5.34,1.0,1.0,0.023,381.0,Real
2631,Sports,558.0,-0.277,6.74,2.0,1.0,0.164,32.0,Real
2632,Economy,,0.234,3.31,2.0,1.0,0.267,808.0,Fake
2633,Sports,,-0.436,,0.0,0.0,,186.0,Real
2634,Entertainment,465.0,0.831,4.14,4.0,0.0,,232.0,Fake
2635,Entertainment,218.0,-0.46,2.71,6.0,0.0,0.274,205.0,Fake
2636,Health,720.0,-0.314,7.24,2.0,1.0,0.09,,Real
2637,Health,321.0,,5.46,5.0,0.0,0.177,585.0,Fake
2638,Technology,553.0,-0.079,6.93,0.0,0.0,0.047,,Real
2639,Sports,885.0,0.261,6.92,1.0,1.0,0.095,168.0,Real
2640,Entertainment,668.0,0.396,8.0,0.0,1.0,0.089,1025.0,Real
2641,,328.0,0.195,7.19,2.0,1.0,0.032,100.0,Real
2642,Politics,271.0,0.18,4.08,9.0,0.0,0.369,2628.0,Fake
2643,Science,675.0,-0.001,8.2,3.0,1.0,0.052,,Real
2644,Politics,572.0,0.981,4.51,5.0,0.0,0.426,662.0,Fake
2645,Sports,369.0,0.387,0.4,7.0,1.0,0.157,2078.0,Fake
2646,Politics,700.0,,7.43,2.0,1.0,0.109,1040.0,Real
2647,Technology,137.0,0.745,,4.0,0.0,,1374.0,Fake
2648,Technology,190.0,0.616,2.53,2.0,0.0,0.375,2810.0,Fake
2649,Technology,469.0,-0.227,6.38,0.0,1.0,,,Real
2650,Economy,221.0,0.285,0.94,2.0,1.0,0.205,739.0,Fake
2651,Health,156.0,-0.999,3.76,4.0,1.0,0.093,1226.0,Fake
2652,Economy,232.0,-0.694,1.9,3.0,1.0,,2113.0,Fake
2653,Sports,206.0,0.97,,0.0,0.0,0.522,4654.0,Fake
2654,Entertainment,64.0,-0.167,4.7,3.0,0.0,0.165,2000.0,Fake
2655,Politics,194.0,-0.854,4.43,2.0,0.0,0.274,6695.0,Fake
2656,Politics,392.0,-0.919,3.23,2.0,0.0,0.128,2442.0,Fake
2657,Entertainment,281.0,-0.055,1.19,6.0,1.0,0.156,3499.0,Fake
2658,Economy,476.0,0.518,3.27,6.0,0.0,0.16,393.0,Fake
2659,Entertainment,312.0,0.678,5.1,6.0,0.0,0.415,141.0,Fake
2660,Entertainment,504.0,0.161,9.02,2.0,1.0,0.152,,Real
2661,Entertainment,346.0,-0.886,1.17,5.0,1.0,,707.0,Fake
2662,Technology,702.0,0.451,7.06,0.0,0.0,0.082,747.0,Real
2663,Health,407.0,-0.298,1.83,5.0,1.0,0.299,594.0,Fake
2664,Entertainment,315.0,0.943,5.38,3.0,1.0,0.47,3128.0,Fake
2665,Politics,308.0,-0.695,4.15,5.0,1.0,0.146,279.0,Fake
2666,,318.0,-0.389,1.73,4.0,0.0,0.24,2848.0,Fake
2667,Entertainment,268.0,0.315,8.03,2.0,1.0,0.026,,Real
2668,Entertainment,433.0,0.201,8.46,1.0,1.0,0.068,900.0,Real
2669,Entertainment,,-0.21,2.21,,,0.136,680.0,Fake
2670,Politics,207.0,0.801,5.48,1.0,1.0,0.223,496.0,Fake
2671,Politics,280.0,0.788,5.27,1.0,1.0,0.24,1261.0,Fake
2672,Technology,728.0,-0.161,7.16,0.0,1.0,0.094,883.0,Real
2673,Politics,333.0,0.246,4.17,,1.0,0.095,2004.0,Fake
2674,Health,71.0,0.101,0.0,6.0,0.0,0.319,7346.0,Fake
2675,Health,425.0,0.099,7.07,1.0,1.0,0.042,2106.0,Real
2676,Health,363.0,0.2,2.35,7.0,0.0,0.075,3479.0,Fake
2677,Entertainment,108.0,0.892,4.9,1.0,1.0,0.344,60.0,Fake
2678,Entertainment,726.0,0.339,,1.0,1.0,0.116,1783.0,Real
2679,Health,383.0,0.89,3.17,,,0.099,4068.0,Fake
2680,Sports,489.0,-0.439,7.02,1.0,1.0,0.025,663.0,Real
2681,Economy,532.0,-0.177,8.48,0.0,1.0,0.069,309.0,Real
2682,Sports,,0.465,5.6,0.0,,0.054,751.0,Real
2683,Health,335.0,-0.184,6.53,5.0,0.0,0.424,500.0,Fake
2684,Entertainment,184.0,0.258,2.74,7.0,0.0,0.23,1227.0,Fake
2685,Sports,758.0,0.432,7.62,0.0,1.0,0.062,499.0,Real
2686,Economy,497.0,-0.28,7.1,2.0,1.0,0.066,77.0,Real
2687,Science,417.0,0.653,3.28,3.0,0.0,0.173,4015.0,Fake
2688,,452.0,0.371,3.96,10.0,1.0,0.45,1292.0,Fake
2689,Entertainment,336.0,-0.445,3.03,6.0,0.0,0.157,787.0,Fake
2690,Entertainment,717.0,-0.044,8.34,0.0,0.0,0.101,63.0,Real
2691,Politics,365.0,-0.67,4.33,6.0,1.0,,626.0,Fake
2692,Technology,445.0,0.022,7.07,2.0,1.0,0.071,1619.0,Real
2693,Health,356.0,-0.422,7.24,1.0,1.0,0.005,1915.0,Real
2694,Economy,310.0,-0.936,4.89,4.0,1.0,,699.0,Fake
2695,Sports,214.0,-0.12,0.0,5.0,,0.242,483.0,Fake
2696,Politics,297.0,-0.62,5.02,4.0,0.0,,715.0,Fake
2697,Politics,667.0,0.358,6.86,0.0,1.0,0.102,134.0,Real
2698,,520.0,,5.53,1.0,0.0,0.088,2048.0,Real
2699,Politics,407.0,-0.455,4.49,2.0,1.0,0.156,670.0,Fake
2700,Sports,387.0,-0.801,6.71,,0.0,0.244,1456.0,Fake
2701,Technology,334.0,-0.082,8.17,1.0,1.0,0.066,,Real
2702,Entertainment,210.0,,2.07,7.0,1.0,0.211,820.0,Fake
2703,Politics,398.0,0.332,3.51,8.0,0.0,0.212,708.0,Fake
2704,Health,220.0,0.597,1.42,7.0,,0.214,92.0,Fake
2705,Technology,371.0,0.951,1.14,8.0,0.0,0.238,347.0,Fake
2706,Entertainment,414.0,-0.058,7.24,1.0,1.0,0.158,1324.0,Real
2707,Politics,489.0,0.173,6.82,0.0,1.0,0.082,1570.0,Real
2708,,160.0,-0.225,1.51,4.0,0.0,0.134,54.0,Fake
2709,Entertainment,215.0,0.148,3.07,5.0,1.0,0.23,99.0,Fake
2710,Health,505.0,-0.019,1.49,2.0,1.0,,313.0,Fake
2711,,572.0,0.095,8.26,2.0,1.0,0.139,927.0,Real
2712,,213.0,-0.67,4.83,4.0,1.0,0.229,4037.0,Fake
2713,Entertainment,590.0,,7.55,,1.0,0.203,1134.0,Real
2714,Politics,738.0,-0.025,7.46,0.0,1.0,0.093,580.0,Real
2715,Economy,,-0.803,1.55,4.0,0.0,0.306,382.0,Fake
2716,Economy,449.0,-0.67,7.34,3.0,0.0,0.25,110.0,Fake
2717,Entertainment,581.0,0.102,6.78,3.0,1.0,0.046,1393.0,Real
2718,Technology,964.0,-0.27,7.49,2.0,1.0,0.066,177.0,Real
2719,Economy,335.0,0.904,2.14,2.0,0.0,0.415,,Fake
2720,Health,546.0,0.266,6.84,1.0,1.0,0.028,1050.0,Real
2721,Health,505.0,0.534,3.03,9.0,0.0,0.197,1223.0,Fake
2722,Politics,138.0,-0.217,2.71,1.0,1.0,0.225,284.0,Fake
2723,Health,687.0,-0.066,6.5,1.0,0.0,0.072,1021.0,Real
2724,Entertainment,466.0,0.103,,5.0,1.0,,484.0,Fake
2725,Science,780.0,0.386,,3.0,1.0,0.099,62.0,Real
2726,Technology,509.0,-0.05,7.64,0.0,1.0,0.0,348.0,Real
2727,Economy,796.0,,7.48,1.0,1.0,,108.0,Real
2728,Politics,223.0,0.674,4.06,,1.0,0.287,906.0,Fake
2729,Technology,372.0,-0.872,4.86,2.0,1.0,0.367,,Fake
2730,Politics,361.0,-0.463,6.78,0.0,1.0,0.099,1805.0,Real
2731,Politics,331.0,0.196,2.24,2.0,1.0,0.325,203.0,Fake
2732,Health,,-0.13,7.31,0.0,1.0,0.055,643.0,Real
2733,Politics,304.0,-0.05,0.0,4.0,1.0,0.284,3298.0,Fake
2734,Politics,510.0,-0.236,7.67,1.0,0.0,0.06,536.0,Real
2735,Health,800.0,-0.492,7.33,1.0,1.0,0.145,335.0,Real
2736,Politics,339.0,-0.406,3.66,1.0,1.0,0.112,815.0,Fake
2737,Politics,462.0,-0.244,7.36,1.0,0.0,0.139,271.0,Real
2738,Entertainment,491.0,-0.416,6.73,0.0,1.0,0.056,195.0,Real
2739,Entertainment,706.0,-0.402,7.14,0.0,1.0,0.121,52.0,Real
2740,Technology,375.0,-0.394,3.03,4.0,0.0,0.367,965.0,Fake
2741,Politics,545.0,-0.418,6.7,0.0,,0.017,1480.0,Real
2742,Technology,706.0,-0.404,8.43,1.0,1.0,0.164,394.0,Real
2743,,523.0,,10.0,,1.0,0.071,570.0,Real
2744,Health,613.0,-0.382,4.85,0.0,1.0,0.044,1126.0,Real
2745,Entertainment,544.0,-0.194,9.11,2.0,1.0,0.051,1548.0,Real
2746,Entertainment,,-0.231,2.89,7.0,,0.329,881.0,Fake
2747,Politics,533.0,-0.476,7.67,0.0,1.0,0.023,1637.0,Real
2748,Economy,109.0,-0.399,4.25,4.0,1.0,0.08,1994.0,Fake
2749,Technology,496.0,0.081,7.02,1.0,0.0,0.221,695.0,Real
2750,Technology,302.0,0.429,4.56,8.0,1.0,0.262,785.0,Fake
2751,Health,,-0.128,7.8,3.0,1.0,0.191,2031.0,Real
2752,Politics,468.0,0.424,5.15,0.0,1.0,,132.0,Real
2753,Sports,546.0,-0.467,7.81,1.0,0.0,0.085,576.0,Real
2754,Entertainment,636.0,-0.476,4.99,4.0,1.0,0.169,1628.0,Fake
2755,Politics,298.0,0.187,6.49,4.0,1.0,0.117,2638.0,Fake
2756,Health,382.0,-0.075,1.51,5.0,1.0,0.198,1148.0,Fake
2757,Politics,557.0,0.114,6.02,2.0,0.0,0.012,2636.0,Real
2758,Politics,629.0,-0.38,,0.0,0.0,0.039,108.0,Real
2759,Politics,352.0,-0.245,1.77,,1.0,0.202,885.0,Fake
2760,Technology,743.0,0.416,8.46,0.0,1.0,0.074,46.0,Real
2761,Politics,288.0,0.026,8.16,2.0,1.0,0.126,95.0,Real
2762,Science,654.0,0.221,5.33,1.0,1.0,0.06,1364.0,Real
2763,Health,629.0,-0.401,,1.0,1.0,0.035,961.0,Real
2764,Economy,,-0.365,6.72,,0.0,,24.0,Real
2765,Politics,435.0,0.206,6.48,0.0,1.0,0.161,514.0,Real
2766,Science,247.0,0.027,2.59,4.0,0.0,0.251,149.0,Fake
2767,Economy,221.0,-0.713,2.98,4.0,,0.194,378.0,Fake
2768,Politics,465.0,0.225,9.62,2.0,1.0,0.087,1485.0,Real
2769,Politics,264.0,0.868,1.53,6.0,1.0,0.254,447.0,Fake
2770,Politics,523.0,-0.265,7.51,1.0,1.0,0.093,,Real
2771,Politics,521.0,0.438,7.66,0.0,1.0,0.162,244.0,Real
2772,Sports,729.0,-0.04,7.26,0.0,1.0,0.122,170.0,Real
2773,Politics,676.0,0.32,7.12,0.0,1.0,0.097,32.0,Real
2774,Sports,265.0,-0.582,4.07,3.0,0.0,0.316,3266.0,Fake
2775,Politics,741.0,-0.211,8.07,2.0,1.0,0.0,2190.0,Real
2776,Health,500.0,-0.021,0.28,4.0,1.0,,305.0,Fake
2777,Sports,238.0,-0.941,6.11,2.0,0.0,0.363,2436.0,Fake
2778,Entertainment,701.0,-0.355,6.06,1.0,1.0,0.134,29.0,Real
2779,Technology,265.0,0.841,2.39,5.0,1.0,0.188,1263.0,Fake
2780,Science,664.0,-0.103,5.67,0.0,1.0,0.058,187.0,Real
2781,Politics,528.0,-0.4,9.49,1.0,1.0,0.079,1411.0,Real
2782,Health,50.0,-0.127,4.43,7.0,0.0,0.086,1801.0,Fake
2783,Technology,689.0,-0.28,7.91,0.0,1.0,0.155,683.0,Real
2784,Health,678.0,0.077,8.49,0.0,1.0,0.062,1445.0,Real
2785,Politics,360.0,-0.388,3.4,5.0,1.0,0.325,19.0,Fake
2786,Health,247.0,-0.535,3.9,2.0,0.0,0.202,99.0,Fake
2787,Politics,751.0,0.481,8.31,0.0,1.0,0.112,94.0,Real
2788,Technology,314.0,0.679,3.27,,1.0,0.368,1326.0,Fake
2789,Entertainment,605.0,0.188,5.53,0.0,1.0,0.122,60.0,Real
2790,Sports,125.0,-0.953,2.18,5.0,1.0,0.073,580.0,Fake
2791,Politics,413.0,0.038,4.46,3.0,0.0,0.328,1503.0,Fake
2792,Technology,444.0,0.101,7.77,2.0,1.0,0.11,182.0,Real
2793,Science,296.0,-0.414,6.32,1.0,1.0,,1159.0,Real
2794,,316.0,-0.842,4.37,7.0,1.0,0.263,,Fake
2795,Politics,275.0,-0.821,3.45,5.0,0.0,0.164,220.0,Fake
2796,Health,634.0,-0.345,9.47,,1.0,,622.0,Real
2797,Politics,328.0,-0.005,8.36,1.0,1.0,0.102,375.0,Real
2798,Technology,667.0,0.438,6.99,,1.0,0.104,,Real
2799,Health,413.0,0.827,2.49,4.0,0.0,0.129,1904.0,Fake
2800,Health,652.0,-0.063,7.05,,1.0,0.046,1321.0,Real
2801,Politics,307.0,-0.664,3.18,6.0,0.0,0.133,682.0,Fake
2802,Technology,455.0,-0.323,4.23,7.0,1.0,0.374,708.0,Fake
2803,Health,,0.078,,1.0,1.0,0.0,43.0,Real
2804,Entertainment,,0.377,5.51,3.0,0.0,0.346,73.0,Fake
2805,Politics,485.0,-0.006,8.57,1.0,1.0,0.098,705.0,Real
2806,Economy,,0.405,7.63,2.0,0.0,,536.0,Real
2807,Economy,626.0,0.16,5.3,0.0,1.0,0.041,434.0,Real
2808,Entertainment,383.0,0.108,4.29,5.0,1.0,0.26,2112.0,Fake
2809,Entertainment,317.0,-0.673,5.95,4.0,0.0,0.148,182.0,Fake
2810,Health,423.0,0.564,3.4,2.0,0.0,0.261,6088.0,Fake
2811,Technology,177.0,-0.346,,6.0,0.0,0.168,1264.0,Fake
2812,Politics,149.0,0.102,3.59,3.0,0.0,0.407,1197.0,Fake
2813,Health,529.0,-0.041,7.38,1.0,1.0,0.023,,Real
2814,Entertainment,142.0,0.523,4.9,3.0,1.0,0.277,196.0,Fake
2815,Economy,,-0.064,6.58,0.0,1.0,0.126,34.0,Real
2816,Health,478.0,0.101,,0.0,1.0,0.172,1206.0,Real
2817,Economy,,-0.488,8.62,2.0,1.0,0.055,89.0,Real
2818,Politics,493.0,0.36,6.39,1.0,1.0,0.05,914.0,Real
2819,Technology,384.0,-0.0,0.96,5.0,0.0,0.072,5775.0,Fake
2820,Technology,494.0,-0.068,5.77,,1.0,0.106,1235.0,Real
2821,Entertainment,603.0,0.048,5.72,,1.0,0.077,,Real
2822,Health,596.0,-0.449,5.91,0.0,1.0,0.104,24.0,Real
2823,Technology,190.0,,2.11,3.0,1.0,0.165,915.0,Fake
2824,Health,807.0,,6.65,0.0,1.0,0.079,,Real
2825,,550.0,0.409,7.12,1.0,1.0,0.148,271.0,Real
2826,Technology,270.0,-0.542,1.42,3.0,0.0,,1716.0,Fake
2827,Economy,463.0,-0.343,,0.0,1.0,0.074,1587.0,Real
2828,Health,193.0,-0.534,3.05,2.0,0.0,0.241,1443.0,Fake
2829,Health,598.0,0.495,9.16,1.0,0.0,0.078,1405.0,Real
2830,Technology,163.0,0.83,2.47,4.0,0.0,0.249,2328.0,Fake
2831,Sports,479.0,0.372,6.69,2.0,1.0,0.167,356.0,Real
2832,Entertainment,312.0,0.789,5.29,3.0,0.0,0.284,1946.0,Fake
2833,Politics,540.0,0.232,5.81,0.0,1.0,0.073,499.0,Real
2834,Entertainment,,-0.184,7.0,0.0,1.0,0.058,1354.0,Real
2835,Technology,429.0,-0.19,,3.0,,0.216,11879.0,Fake
2836,,212.0,,0.81,2.0,1.0,0.428,,Fake
2837,Politics,364.0,-0.359,2.81,,1.0,0.329,24.0,Fake
2838,Entertainment,489.0,0.919,2.84,5.0,0.0,0.31,1549.0,Fake
2839,Economy,701.0,0.016,4.6,1.0,1.0,0.104,311.0,Real
2840,Economy,615.0,-0.001,6.01,1.0,0.0,0.082,1468.0,Real
2841,Technology,395.0,-0.084,5.85,5.0,,0.323,1499.0,Fake
2842,Health,764.0,-0.215,,0.0,1.0,0.162,2590.0,Real
2843,Politics,346.0,-0.996,3.54,2.0,0.0,0.16,696.0,Fake
2844,Science,814.0,0.236,7.65,0.0,1.0,0.03,698.0,Real
2845,Politics,343.0,-0.43,7.65,0.0,1.0,0.081,270.0,Real
2846,Politics,584.0,0.342,6.55,1.0,0.0,0.09,1420.0,Real
2847,Politics,753.0,0.351,7.01,0.0,1.0,0.168,813.0,Real
2848,Economy,883.0,-0.211,6.72,0.0,1.0,0.098,1160.0,Real
2849,Health,,0.369,2.53,6.0,0.0,0.16,4491.0,Fake
2850,Entertainment,630.0,0.484,5.91,0.0,1.0,0.067,97.0,Real
2851,Health,371.0,0.491,6.01,1.0,1.0,,199.0,Real
2852,Politics,441.0,,2.07,5.0,0.0,0.418,36.0,Fake
2853,Technology,542.0,0.077,7.2,2.0,1.0,,,Real
2854,Health,381.0,0.635,4.24,4.0,0.0,,859.0,Fake
2855,Technology,440.0,0.086,5.83,6.0,0.0,0.312,801.0,Fake
2856,Sports,339.0,-0.214,6.05,1.0,1.0,0.044,103.0,Real
2857,Economy,351.0,-0.662,5.46,8.0,0.0,0.258,202.0,Fake
2858,Politics,440.0,-0.359,6.15,0.0,1.0,0.062,6.0,Real
2859,Politics,803.0,0.054,8.29,1.0,1.0,0.097,3274.0,Real
2860,Politics,479.0,-0.893,3.32,4.0,1.0,0.187,698.0,Fake
2861,Entertainment,586.0,-0.223,6.16,,1.0,0.116,126.0,Real
2862,Politics,260.0,-0.343,4.38,6.0,1.0,0.304,2662.0,Fake
2863,Sports,763.0,0.079,5.31,0.0,1.0,0.029,635.0,Real
2864,Economy,260.0,0.072,4.23,6.0,0.0,0.278,1626.0,Fake
2865,Politics,507.0,0.196,7.04,2.0,0.0,0.105,318.0,Real
2866,Technology,,0.262,4.35,3.0,1.0,0.437,947.0,Fake
2867,Entertainment,332.0,0.394,3.47,5.0,0.0,0.231,76.0,Fake
2868,Health,727.0,0.28,6.88,1.0,,0.015,826.0,Real
2869,,213.0,0.126,1.09,4.0,1.0,0.049,1060.0,Fake
2870,Entertainment,686.0,-0.054,6.22,1.0,1.0,0.198,1561.0,Real
2871,Health,,-0.291,8.1,0.0,0.0,0.218,265.0,Real
2872,Technology,666.0,0.055,7.41,2.0,1.0,0.086,318.0,Real
2873,Science,479.0,-0.838,2.74,10.0,0.0,,43.0,Fake
2874,Health,360.0,-0.753,2.47,3.0,0.0,0.326,1238.0,Fake
2875,Sports,348.0,-0.714,2.32,4.0,1.0,0.196,32.0,Fake
2876,Health,,-0.657,4.03,2.0,1.0,0.296,2623.0,Fake
2877,Technology,287.0,,2.84,5.0,0.0,0.181,3053.0,Fake
2878,Health,,0.008,8.49,2.0,1.0,0.043,296.0,Real
2879,Sports,329.0,-0.202,3.47,5.0,,0.398,2297.0,Fake
2880,Science,352.0,-0.212,2.47,4.0,0.0,0.259,,Fake
2881,Technology,554.0,-0.357,8.93,2.0,0.0,0.076,62.0,Real
2882,Health,333.0,0.506,4.64,3.0,0.0,0.335,115.0,Fake
2883,Entertainment,770.0,,6.96,1.0,1.0,0.073,834.0,Real
2884,Politics,688.0,-0.078,4.94,1.0,1.0,0.162,373.0,Real
2885,Health,505.0,-0.686,0.57,2.0,1.0,0.0,368.0,Fake
2886,Health,397.0,-0.335,0.42,4.0,1.0,0.349,110.0,Fake
2887,Health,852.0,0.023,4.36,1.0,0.0,0.091,,Real
2888,Economy,402.0,-0.023,7.63,1.0,1.0,,262.0,Real
2889,,430.0,0.098,7.64,2.0,1.0,0.168,,Real
2890,Health,619.0,-0.287,7.62,,1.0,0.097,799.0,Real
2891,Science,284.0,-0.961,3.18,2.0,1.0,0.358,4138.0,Fake
2892,Health,270.0,-0.473,4.42,1.0,0.0,0.117,63.0,Fake
2893,,313.0,0.12,6.26,4.0,0.0,0.083,284.0,Fake
2894,Health,700.0,-0.464,7.14,0.0,1.0,0.058,1259.0,Real
2895,Economy,485.0,-0.312,6.17,0.0,1.0,0.036,1480.0,Real
2896,Sports,445.0,0.455,5.41,0.0,1.0,0.014,1147.0,Real
2897,,133.0,-0.546,5.49,3.0,1.0,0.168,2795.0,Fake
2898,Health,,-0.472,7.7,0.0,1.0,0.051,119.0,Real
2899,Science,507.0,-0.123,4.94,3.0,0.0,0.1,965.0,Fake
2900,Economy,566.0,0.096,1.83,5.0,1.0,0.245,2787.0,Fake
2901,Health,385.0,0.373,6.77,0.0,1.0,0.001,829.0,Real
2902,Health,352.0,-0.38,8.9,0.0,0.0,0.135,,Real
2903,,374.0,0.151,8.15,,,0.014,422.0,Real
2904,Entertainment,495.0,0.019,6.5,1.0,1.0,0.0,169.0,Real
2905,,308.0,,4.89,5.0,1.0,0.237,4071.0,Fake
2906,Science,291.0,-0.995,2.75,6.0,0.0,0.158,495.0,Fake
2907,Entertainment,555.0,-0.046,7.29,2.0,1.0,,3177.0,Real
2908,Politics,426.0,0.519,3.32,3.0,0.0,0.226,2639.0,Fake
2909,Technology,468.0,-0.381,8.25,,1.0,0.069,2650.0,Real
2910,Politics,524.0,-0.045,7.37,2.0,1.0,0.051,580.0,Real
2911,Health,530.0,-0.354,8.27,1.0,1.0,0.072,272.0,Real
2912,Economy,487.0,-0.016,6.98,0.0,1.0,0.11,,Real
2913,Politics,222.0,0.056,2.02,5.0,0.0,0.371,573.0,Fake
2914,Health,291.0,0.432,3.27,7.0,0.0,0.255,,Fake
2915,Health,527.0,0.034,8.53,,1.0,0.065,207.0,Real
2916,Entertainment,642.0,0.906,5.77,2.0,1.0,0.208,1217.0,Fake
2917,Science,583.0,-0.081,5.19,1.0,1.0,0.044,548.0,Real
2918,Politics,470.0,-0.616,2.79,6.0,1.0,0.203,1174.0,Fake
2919,Health,,0.326,4.44,2.0,1.0,0.264,30.0,Fake
2920,Economy,362.0,-0.427,5.22,7.0,0.0,0.059,3100.0,Fake
2921,Science,544.0,,,1.0,1.0,0.021,17.0,Real
2922,Economy,,0.255,7.51,0.0,1.0,0.129,1276.0,Real
2923,Sports,412.0,0.118,7.71,1.0,1.0,0.094,1039.0,Real
2924,Science,251.0,0.682,2.89,2.0,0.0,0.49,383.0,Fake
2925,Health,336.0,-0.815,5.28,6.0,1.0,0.356,289.0,Fake
2926,Entertainment,316.0,0.428,1.33,4.0,1.0,0.254,902.0,Fake
2927,Science,434.0,,,2.0,1.0,,388.0,Real
2928,Technology,566.0,0.459,6.22,2.0,1.0,0.038,946.0,Real
2929,,290.0,-0.037,2.86,1.0,0.0,,342.0,Fake
2930,,463.0,-0.442,7.52,0.0,1.0,0.008,73.0,Real
2931,Politics,746.0,,7.15,0.0,1.0,0.151,1450.0,Real
2932,Entertainment,603.0,,5.29,0.0,0.0,0.027,781.0,Real
2933,Politics,557.0,0.15,6.86,2.0,1.0,0.066,713.0,Real
2934,Politics,942.0,,8.78,0.0,0.0,0.0,542.0,Real
2935,Entertainment,755.0,0.105,7.78,1.0,1.0,0.107,144.0,Real
2936,Entertainment,601.0,0.493,8.2,0.0,,0.11,243.0,Real
2937,Health,420.0,-0.244,3.32,5.0,0.0,0.193,,Fake
2938,Entertainment,321.0,-0.185,0.82,4.0,1.0,0.162,8145.0,Fake
2939,Politics,384.0,-0.778,5.62,5.0,1.0,0.343,,Fake
2940,Politics,151.0,-0.053,1.22,6.0,0.0,0.293,475.0,Fake
2941,Health,365.0,0.14,7.03,1.0,1.0,0.118,614.0,Real
2942,,728.0,-0.034,6.52,2.0,0.0,0.053,1006.0,Real
2943,Economy,317.0,-0.727,3.06,8.0,1.0,,1022.0,Fake
2944,Politics,697.0,,5.99,0.0,1.0,0.077,105.0,Real
2945,Sports,,-0.251,,1.0,1.0,0.084,3822.0,Real
2946,Entertainment,419.0,0.28,4.64,5.0,,0.206,351.0,Fake
2947,Health,346.0,-0.493,7.7,0.0,1.0,0.126,69.0,Real
2948,Politics,757.0,-0.38,7.94,1.0,0.0,0.102,511.0,Real
2949,Politics,607.0,0.27,5.65,2.0,,0.059,2327.0,Real
2950,Science,,0.414,7.39,2.0,1.0,0.0,272.0,Real
2951,Sports,596.0,,7.75,0.0,0.0,0.153,1129.0,Real
2952,Technology,99.0,-0.909,0.0,6.0,0.0,0.378,315.0,Fake
2953,Economy,695.0,0.387,5.98,0.0,1.0,0.064,465.0,Real
2954,Politics,695.0,0.297,7.41,1.0,1.0,0.126,492.0,Real
2955,Health,66.0,-0.136,5.09,4.0,1.0,0.262,,Fake
2956,Economy,331.0,0.999,2.87,7.0,0.0,0.129,1060.0,Fake
2957,Entertainment,611.0,0.226,8.07,1.0,1.0,,137.0,Real
2958,Health,320.0,-0.977,2.75,8.0,0.0,0.331,499.0,Fake
2959,Economy,341.0,,7.31,2.0,0.0,0.001,721.0,Real
2960,Health,89.0,0.166,,2.0,0.0,0.341,526.0,Fake
2961,Science,344.0,0.592,3.6,,1.0,0.274,103.0,Fake
2962,Technology,406.0,-0.758,2.85,3.0,0.0,0.33,883.0,Fake
2963,,604.0,-0.062,4.62,1.0,1.0,0.012,1489.0,Real
2964,Sports,698.0,0.298,7.12,1.0,1.0,0.174,514.0,Real
2965,Politics,445.0,-0.618,2.22,3.0,1.0,0.252,489.0,Fake
2966,Politics,531.0,-0.319,7.25,0.0,1.0,0.008,,Real
2967,Sports,260.0,-0.596,4.44,3.0,,0.373,1610.0,Fake
2968,Entertainment,432.0,-0.254,2.79,4.0,0.0,0.272,2322.0,Fake
2969,Technology,410.0,0.356,5.31,1.0,1.0,0.128,346.0,Real
2970,Politics,642.0,0.298,6.41,1.0,1.0,0.112,,Real
2971,Health,286.0,-0.244,,1.0,1.0,0.051,1038.0,Real
2972,Health,428.0,-0.08,,1.0,1.0,0.103,243.0,Real
2973,Economy,295.0,,4.81,4.0,1.0,0.212,1647.0,Fake
2974,Entertainment,690.0,-0.096,5.95,4.0,1.0,0.152,371.0,Real
2975,Technology,261.0,-0.981,1.61,4.0,0.0,0.35,4269.0,Fake
2976,Entertainment,688.0,,,0.0,1.0,0.091,2249.0,Real
2977,Sports,410.0,-0.209,6.11,0.0,1.0,0.089,,Real
2978,Sports,260.0,,3.0,8.0,0.0,0.127,293.0,Fake
2979,Health,293.0,-0.765,5.66,4.0,0.0,0.283,2139.0,Fake
2980,Politics,748.0,-0.302,,1.0,0.0,0.076,707.0,Real
2981,Economy,299.0,-0.424,2.28,5.0,1.0,0.193,2260.0,Fake
2982,Health,286.0,-0.425,7.29,2.0,1.0,0.04,33.0,Real
2983,Entertainment,941.0,-0.297,7.48,1.0,1.0,0.066,,Real
2984,Health,697.0,0.131,6.82,2.0,0.0,0.113,1297.0,Real
2985,Politics,429.0,0.167,7.56,1.0,,0.042,444.0,Real
2986,Entertainment,268.0,-0.329,6.38,,0.0,0.317,922.0,Fake
2987,Health,519.0,0.268,6.84,0.0,1.0,0.112,276.0,Real
2988,Politics,398.0,0.004,6.69,1.0,1.0,,956.0,Real
2989,Health,303.0,-0.934,2.41,3.0,0.0,0.288,6773.0,Fake
2990,Technology,,0.884,1.92,4.0,1.0,0.179,1039.0,Fake
2991,Sports,307.0,0.877,4.8,1.0,1.0,0.174,178.0,Fake
2992,Politics,625.0,0.227,7.81,3.0,1.0,0.13,408.0,Real
2993,Sports,342.0,0.624,2.42,3.0,0.0,0.155,,Fake
2994,Politics,454.0,0.905,4.65,6.0,0.0,0.364,3206.0,Fake
2995,Science,531.0,0.087,1.43,5.0,1.0,,,Fake
2996,Health,733.0,,6.11,0.0,1.0,0.014,849.0,Real
2997,Economy,529.0,0.374,7.02,0.0,1.0,0.1,1374.0,Real
2998,Entertainment,244.0,0.049,7.28,1.0,1.0,0.15,1477.0,Real
2999,Politics,448.0,-0.964,5.99,7.0,1.0,0.268,2886.0,Fake
3000,Technology,244.0,0.087,,3.0,1.0,0.339,2330.0,Fake
3001,Health,138.0,-0.814,4.3,3.0,1.0,0.215,3145.0,Fake
3002,Health,597.0,0.317,8.44,0.0,1.0,0.123,579.0,Real
3003,Health,360.0,,2.95,6.0,0.0,0.266,1547.0,Fake
3004,Politics,740.0,-0.382,10.0,2.0,1.0,0.08,28.0,Real
3005,Politics,523.0,-0.168,9.14,1.0,0.0,0.117,197.0,Real
3006,Health,128.0,,3.85,8.0,0.0,0.251,592.0,Fake
3007,,591.0,0.036,7.75,0.0,1.0,0.129,499.0,Real
3008,Politics,519.0,0.828,3.99,7.0,0.0,0.341,1238.0,Fake
3009,Technology,240.0,0.522,4.05,5.0,1.0,0.331,,Fake
3010,Economy,490.0,0.771,5.86,4.0,0.0,0.149,792.0,Fake
3011,Politics,517.0,-0.135,3.64,,0.0,0.366,27.0,Fake
3012,Technology,342.0,0.785,,4.0,0.0,0.453,646.0,Fake
3013,Entertainment,293.0,0.986,2.79,4.0,1.0,0.365,861.0,Fake
3014,Health,395.0,0.188,6.62,,1.0,0.144,2439.0,Real
3015,Technology,229.0,0.034,3.66,5.0,0.0,0.233,,Fake
3016,Health,443.0,-0.049,5.32,0.0,1.0,0.078,2088.0,Real
3017,Science,641.0,0.262,6.2,0.0,1.0,0.026,902.0,Real
3018,Politics,445.0,0.347,2.97,4.0,0.0,0.353,1108.0,Fake
3019,Politics,50.0,-0.324,4.06,2.0,0.0,0.193,,Fake
3020,Entertainment,501.0,,6.17,0.0,,0.098,775.0,Real
3021,Politics,587.0,0.02,,,1.0,0.153,2710.0,Real
3022,Technology,,0.323,,0.0,,0.0,994.0,Real
3023,Health,419.0,,2.35,5.0,1.0,0.144,,Fake
3024,Technology,409.0,-0.32,7.78,1.0,1.0,0.0,36.0,Real
3025,Economy,245.0,0.724,1.38,3.0,0.0,0.34,181.0,Fake
3026,Sports,520.0,0.677,1.89,4.0,0.0,0.28,5548.0,Fake
3027,Politics,447.0,-0.956,5.09,5.0,0.0,0.329,171.0,Fake
3028,Politics,646.0,0.307,9.32,0.0,1.0,0.093,42.0,Real
3029,Politics,329.0,0.083,6.14,,1.0,0.221,1635.0,Fake
3030,Economy,503.0,0.596,3.02,8.0,1.0,0.266,778.0,Fake
3031,,513.0,-0.442,7.09,0.0,1.0,0.019,471.0,Real
3032,Sports,,0.447,7.88,1.0,1.0,0.068,503.0,Real
3033,Politics,540.0,0.167,5.81,0.0,1.0,0.048,6.0,Real
3034,Science,412.0,0.819,1.91,2.0,1.0,0.407,,Fake
3035,Entertainment,650.0,0.142,3.86,2.0,1.0,0.079,49.0,Real
3036,Health,557.0,-0.215,8.03,1.0,1.0,0.127,709.0,Real
3037,Technology,661.0,0.377,6.76,2.0,1.0,0.155,1290.0,Real
3038,Sports,501.0,-0.136,,2.0,1.0,0.188,624.0,Real
3039,Entertainment,260.0,0.062,2.2,10.0,0.0,,2732.0,Fake
3040,Health,324.0,-0.132,4.31,7.0,0.0,0.351,,Fake
3041,Economy,511.0,0.197,6.17,0.0,1.0,0.092,,Real
3042,Entertainment,744.0,0.141,9.55,1.0,1.0,0.144,22.0,Real
3043,Economy,181.0,-0.183,2.83,,0.0,0.243,637.0,Fake
3044,Politics,394.0,0.198,6.8,1.0,1.0,0.129,54.0,Real
3045,Entertainment,412.0,,2.72,8.0,1.0,0.454,796.0,Fake
3046,Politics,99.0,0.531,3.16,5.0,0.0,0.274,2290.0,Fake
3047,Health,260.0,0.196,5.27,6.0,0.0,0.114,4279.0,Fake
3048,Economy,584.0,0.486,6.41,0.0,1.0,0.042,,Real
3049,Entertainment,345.0,-0.622,3.01,2.0,1.0,0.337,40.0,Fake
3050,Politics,623.0,-0.327,5.83,1.0,1.0,0.161,177.0,Real
3051,Politics,303.0,-0.017,3.36,9.0,0.0,0.173,2868.0,Fake
3052,Health,637.0,-0.384,,1.0,1.0,0.086,552.0,Real
3053,Health,50.0,0.687,4.71,3.0,0.0,0.159,747.0,Fake
3054,Science,582.0,-0.58,2.94,8.0,1.0,0.064,368.0,Fake
3055,Sports,,-0.008,5.8,0.0,1.0,0.066,108.0,Real
3056,Technology,489.0,-0.294,5.07,1.0,1.0,0.196,234.0,Real
3057,Politics,697.0,0.413,4.65,0.0,1.0,0.103,369.0,Real
3058,Technology,830.0,0.04,4.55,1.0,1.0,0.051,1781.0,Real
3059,Health,488.0,,3.09,2.0,0.0,0.11,286.0,Fake
3060,Health,370.0,-0.204,8.73,1.0,0.0,0.049,1721.0,Real
3061,Health,316.0,,9.36,3.0,1.0,,248.0,Real
3062,,421.0,-0.082,2.34,8.0,0.0,0.332,960.0,Fake
3063,Economy,255.0,0.628,3.2,5.0,1.0,0.326,484.0,Fake
3064,Sports,804.0,0.181,4.66,3.0,1.0,,324.0,Real
3065,Sports,278.0,-0.663,3.0,3.0,0.0,0.36,,Fake
3066,Technology,360.0,0.129,5.67,0.0,1.0,0.0,28.0,Real
3067,Technology,406.0,0.273,2.34,2.0,0.0,0.15,2556.0,Fake
3068,Health,316.0,0.702,4.58,3.0,0.0,0.167,899.0,Fake
3069,Health,357.0,-0.697,3.23,7.0,0.0,,,Fake
3070,Sports,,-0.03,6.16,2.0,0.0,0.083,153.0,Real
3071,Economy,248.0,-0.205,3.06,6.0,0.0,0.069,357.0,Fake
3072,Economy,131.0,0.327,3.92,3.0,1.0,0.317,1008.0,Fake
3073,Entertainment,454.0,0.025,4.29,2.0,0.0,,668.0,Fake
3074,Politics,,-0.346,3.87,9.0,0.0,0.086,2105.0,Fake
3075,Entertainment,468.0,0.956,3.75,3.0,0.0,0.428,1950.0,Fake
3076,Sports,747.0,-0.192,6.59,0.0,1.0,0.06,2054.0,Real
3077,Politics,447.0,-0.677,3.5,3.0,0.0,0.368,2195.0,Fake
3078,Politics,627.0,-0.182,8.51,1.0,1.0,0.116,2373.0,Real
3079,Technology,300.0,-0.112,7.51,1.0,1.0,0.121,1403.0,Real
3080,Technology,100.0,-0.989,2.56,2.0,0.0,0.248,1001.0,Fake
3081,Politics,561.0,0.228,10.0,2.0,1.0,0.094,292.0,Real
3082,Sports,285.0,0.521,4.61,6.0,0.0,0.282,4.0,Fake
3083,Health,230.0,-0.899,3.04,4.0,1.0,0.407,6311.0,Fake
3084,Economy,603.0,-0.46,9.46,0.0,1.0,0.116,536.0,Real
3085,Entertainment,286.0,0.793,2.33,5.0,0.0,0.173,146.0,Fake
3086,Politics,424.0,-0.487,7.04,2.0,1.0,0.048,3172.0,Real
3087,Science,750.0,,,1.0,1.0,0.111,207.0,Real
3088,Health,534.0,0.114,1.28,,0.0,0.446,154.0,Fake
3089,Entertainment,605.0,-0.36,8.5,0.0,1.0,0.081,1211.0,Real
3090,Health,380.0,,4.06,4.0,1.0,0.407,226.0,Fake
3091,Politics,435.0,,7.04,0.0,1.0,0.075,252.0,Real
3092,Health,464.0,0.315,6.52,0.0,1.0,0.0,65.0,Real
3093,Politics,446.0,-0.056,6.85,0.0,1.0,0.065,,Real
3094,Health,,-0.323,4.76,3.0,1.0,0.213,463.0,Fake
3095,Entertainment,535.0,0.264,7.94,1.0,1.0,0.084,253.0,Real
3096,Entertainment,510.0,0.377,6.92,0.0,1.0,0.029,3021.0,Real
3097,Science,,0.658,6.54,7.0,1.0,0.253,1124.0,Fake
3098,Sports,169.0,0.616,0.0,,0.0,0.427,1381.0,Fake
3099,Politics,749.0,-0.152,5.58,0.0,1.0,,482.0,Real
3100,Entertainment,602.0,-0.374,8.17,1.0,1.0,0.004,1644.0,Real
3101,Health,264.0,-0.266,5.62,0.0,1.0,0.055,1259.0,Real
3102,Entertainment,488.0,0.117,5.3,2.0,1.0,0.132,173.0,Real
3103,Entertainment,278.0,0.404,6.87,2.0,1.0,0.108,,Real
3104,Entertainment,685.0,-0.489,7.15,1.0,1.0,0.074,754.0,Real
3105,Politics,461.0,0.03,,1.0,1.0,0.086,427.0,Real
3106,Politics,815.0,,6.58,5.0,1.0,0.142,818.0,Real
3107,Politics,719.0,0.247,,,0.0,0.053,71.0,Real
3108,,612.0,0.04,8.74,0.0,1.0,0.057,880.0,Real
3109,,717.0,-0.365,8.83,0.0,1.0,0.04,58.0,Real
3110,Politics,476.0,,1.95,3.0,1.0,0.288,1411.0,Fake
3111,Health,261.0,0.376,6.72,0.0,1.0,0.087,820.0,Real
3112,Entertainment,522.0,0.207,6.69,2.0,1.0,0.123,1577.0,Real
3113,Entertainment,342.0,-0.316,2.83,1.0,0.0,0.207,57.0,Fake
3114,Politics,473.0,,2.75,7.0,1.0,0.292,,Fake
3115,Health,465.0,-0.43,7.38,2.0,1.0,0.052,146.0,Real
3116,Economy,820.0,0.176,7.89,,1.0,0.04,846.0,Real
3117,Technology,699.0,0.085,5.58,0.0,1.0,0.068,665.0,Real
3118,Technology,388.0,0.05,7.53,0.0,1.0,0.085,809.0,Real
3119,Entertainment,296.0,0.042,2.38,2.0,0.0,0.203,3897.0,Fake
3120,Technology,837.0,,6.51,0.0,1.0,,487.0,Real
3121,Politics,313.0,-0.54,3.51,3.0,1.0,0.2,159.0,Fake
3122,Health,643.0,0.41,6.81,1.0,1.0,0.084,1665.0,Real
3123,Entertainment,195.0,0.729,5.07,5.0,0.0,0.253,3166.0,Fake
3124,Health,306.0,-0.873,5.73,6.0,0.0,0.349,1619.0,Fake
3125,Health,526.0,0.281,5.33,1.0,1.0,0.061,,Real
3126,Politics,459.0,0.28,4.81,0.0,1.0,0.114,1821.0,Real
3127,Health,186.0,0.091,5.86,1.0,0.0,0.279,2642.0,Fake
3128,Technology,364.0,0.644,2.99,3.0,0.0,0.256,113.0,Fake
3129,Politics,253.0,0.364,4.15,5.0,1.0,0.221,421.0,Fake
3130,Entertainment,492.0,0.227,7.1,0.0,1.0,0.042,344.0,Real
3131,Health,232.0,-0.324,7.88,2.0,1.0,0.022,215.0,Real
3132,Politics,292.0,0.511,,4.0,0.0,,1104.0,Fake
3133,Entertainment,833.0,-0.192,,,1.0,0.116,,Real
3134,Entertainment,385.0,0.831,,10.0,0.0,0.143,29.0,Fake
3135,Technology,436.0,0.487,0.95,8.0,1.0,0.314,,Fake
3136,Politics,50.0,0.331,5.19,3.0,1.0,0.282,349.0,Fake
3137,Technology,711.0,0.045,5.98,0.0,1.0,0.07,584.0,Real
3138,Politics,558.0,0.159,8.37,1.0,1.0,0.016,,Real
3139,Politics,378.0,0.456,8.68,0.0,1.0,0.0,318.0,Real
3140,Politics,702.0,-0.279,7.03,0.0,1.0,0.06,872.0,Real
3141,Sports,677.0,0.362,6.64,2.0,1.0,0.0,,Real
3142,Technology,430.0,0.301,4.53,1.0,1.0,0.13,148.0,Real
3143,Politics,479.0,-0.458,3.52,6.0,0.0,0.286,498.0,Fake
3144,Politics,310.0,0.931,0.3,5.0,0.0,0.256,1087.0,Fake
3145,Entertainment,375.0,0.849,4.16,3.0,1.0,0.219,,Fake
3146,Sports,388.0,0.463,2.35,6.0,1.0,,262.0,Fake
3147,Health,540.0,-0.529,3.96,2.0,1.0,0.225,1419.0,Fake
3148,Sports,298.0,0.145,,3.0,1.0,0.27,737.0,Fake
3149,Entertainment,233.0,0.031,2.29,4.0,0.0,0.332,1290.0,Fake
3150,Entertainment,338.0,-0.786,,7.0,0.0,0.185,511.0,Fake
3151,Entertainment,501.0,,9.2,,1.0,0.11,1213.0,Real
3152,Sports,539.0,-0.072,6.33,0.0,1.0,0.051,1585.0,Real
3153,Entertainment,435.0,-0.091,3.22,5.0,1.0,0.415,1111.0,Fake
3154,Politics,278.0,0.756,1.98,3.0,0.0,0.31,1107.0,Fake
3155,Health,689.0,0.07,7.58,0.0,0.0,,,Real
3156,Sports,485.0,0.398,6.27,1.0,1.0,,2031.0,Real
3157,Politics,536.0,0.264,5.17,1.0,0.0,0.067,2838.0,Fake
3158,Politics,,0.281,3.65,4.0,1.0,,952.0,Fake
3159,Economy,465.0,0.284,9.63,1.0,1.0,0.148,,Real
3160,Health,523.0,-0.221,6.72,0.0,1.0,0.022,,Real
3161,Science,817.0,0.019,4.21,0.0,1.0,0.057,106.0,Real
3162,Science,762.0,-0.075,6.8,0.0,1.0,0.111,,Real
3163,Politics,860.0,0.323,9.53,2.0,1.0,0.061,124.0,Real
3164,Health,693.0,-0.259,5.88,,0.0,0.117,674.0,Real
3165,Health,342.0,-0.636,,3.0,0.0,0.09,30.0,Fake
3166,Entertainment,210.0,0.93,2.98,5.0,1.0,0.524,,Fake
3167,Politics,610.0,0.252,5.92,2.0,1.0,0.111,221.0,Real
3168,Health,335.0,0.382,0.0,2.0,1.0,0.389,1505.0,Fake
3169,Technology,492.0,,2.37,9.0,0.0,0.283,1150.0,Fake
3170,Sports,119.0,0.417,2.31,9.0,0.0,0.432,502.0,Fake
3171,Economy,527.0,-0.375,8.58,0.0,1.0,0.096,1377.0,Real
3172,Health,552.0,0.148,7.91,0.0,1.0,0.065,,Real
3173,Politics,808.0,0.383,8.02,1.0,1.0,0.101,364.0,Real
3174,Health,161.0,0.456,4.88,3.0,0.0,0.294,137.0,Fake
3175,Sports,250.0,0.115,,3.0,0.0,,680.0,Fake
3176,Technology,318.0,-0.662,6.24,4.0,1.0,0.078,883.0,Fake
3177,Health,456.0,0.364,7.93,1.0,1.0,0.125,638.0,Real
3178,Economy,584.0,0.026,8.54,0.0,1.0,0.071,183.0,Real
3179,Technology,601.0,0.3,6.47,5.0,0.0,0.201,512.0,Real
3180,Science,613.0,0.175,,0.0,1.0,0.05,,Real
3181,Sports,552.0,0.402,7.83,1.0,0.0,0.103,1907.0,Real
3182,Economy,206.0,-0.14,4.63,5.0,0.0,0.423,1040.0,Fake
3183,Health,422.0,-0.855,3.91,3.0,0.0,0.231,2482.0,Fake
3184,Economy,212.0,-0.205,3.04,3.0,1.0,0.365,515.0,Fake
3185,Entertainment,679.0,-0.319,9.81,0.0,1.0,0.019,1435.0,Real
3186,Economy,360.0,-0.024,7.6,2.0,1.0,0.04,841.0,Real
3187,Sports,427.0,0.632,2.78,,0.0,0.225,312.0,Fake
3188,Health,409.0,0.06,6.52,0.0,1.0,0.182,2073.0,Real
3189,Politics,580.0,,7.65,1.0,1.0,,6.0,Real
3190,Technology,321.0,-0.663,0.03,1.0,0.0,0.316,3885.0,Fake
3191,Technology,,-0.233,7.77,0.0,0.0,,184.0,Real
3192,Sports,453.0,-0.325,9.93,1.0,1.0,0.094,356.0,Real
3193,Health,201.0,0.372,5.02,2.0,1.0,0.156,2131.0,Fake
3194,Politics,742.0,0.308,6.67,,0.0,,216.0,Real
3195,Politics,171.0,-0.658,3.46,9.0,0.0,0.142,3515.0,Fake
3196,Entertainment,521.0,0.316,5.08,1.0,1.0,0.047,140.0,Real
3197,,350.0,-0.096,3.77,5.0,,0.252,363.0,Fake
3198,Politics,623.0,0.473,6.85,0.0,1.0,0.213,394.0,Real
3199,Health,396.0,-0.07,1.08,3.0,0.0,0.275,597.0,Fake
3200,Entertainment,225.0,-0.715,3.66,6.0,0.0,0.445,2634.0,Fake
3201,Science,,-0.594,4.21,8.0,0.0,0.428,645.0,Fake
3202,Entertainment,268.0,,4.65,1.0,1.0,0.345,3897.0,Fake
3203,Entertainment,556.0,-0.472,6.71,1.0,1.0,0.066,534.0,Real
3204,Politics,320.0,-0.828,,6.0,1.0,0.269,659.0,Fake
3205,Entertainment,252.0,0.736,2.94,2.0,0.0,0.162,261.0,Fake
3206,Health,393.0,-0.524,5.44,5.0,0.0,0.115,694.0,Fake
3207,Sports,452.0,-0.604,3.56,6.0,0.0,0.122,577.0,Fake
3208,Technology,268.0,0.924,3.31,5.0,1.0,0.346,2352.0,Fake
3209,Politics,403.0,0.449,2.84,5.0,0.0,0.232,1029.0,Fake
3210,Entertainment,,-0.71,3.47,4.0,0.0,0.364,2044.0,Fake
3211,Economy,390.0,-0.952,4.81,1.0,1.0,0.132,399.0,Fake
3212,Health,439.0,-0.766,2.92,6.0,0.0,0.266,1752.0,Fake
3213,Politics,196.0,0.251,3.81,2.0,1.0,0.383,354.0,Fake
3214,Economy,441.0,-0.944,4.92,7.0,0.0,0.164,915.0,Fake
3215,Politics,583.0,-0.419,9.52,1.0,1.0,,3646.0,Real
3216,Politics,244.0,0.822,,2.0,0.0,0.257,1266.0,Fake
3217,Health,415.0,0.296,5.83,0.0,1.0,0.0,,Real
3218,Politics,392.0,0.923,0.58,4.0,0.0,0.446,79.0,Fake
3219,Politics,507.0,0.079,6.6,1.0,,0.077,154.0,Real
3220,Technology,109.0,-0.459,3.23,1.0,1.0,0.247,437.0,Fake
3221,Technology,396.0,0.774,2.41,,1.0,0.201,647.0,Fake
3222,Technology,50.0,-0.368,3.2,4.0,0.0,0.212,3968.0,Fake
3223,Technology,515.0,-0.992,5.69,5.0,0.0,0.158,1716.0,Fake
3224,Entertainment,309.0,0.013,,8.0,0.0,0.207,3129.0,Fake
3225,Entertainment,682.0,-0.128,,1.0,1.0,0.0,3337.0,Real
3226,Politics,708.0,-0.308,7.21,0.0,1.0,0.073,218.0,Real
3227,Health,306.0,0.396,7.41,0.0,1.0,0.024,395.0,Real
3228,Technology,245.0,-0.01,6.59,4.0,1.0,0.211,204.0,Fake
3229,Politics,300.0,-0.211,,5.0,0.0,0.255,3955.0,Fake
3230,Sports,352.0,0.541,2.19,6.0,0.0,0.241,3157.0,Fake
3231,Entertainment,567.0,0.302,6.56,2.0,1.0,0.034,156.0,Real
3232,Technology,439.0,-0.851,4.95,5.0,0.0,0.432,325.0,Fake
3233,Health,608.0,-0.439,7.84,0.0,0.0,0.0,717.0,Real
3234,Economy,283.0,0.041,0.85,3.0,0.0,0.249,1480.0,Fake
3235,Health,50.0,0.725,2.54,8.0,0.0,0.316,808.0,Fake
3236,Health,555.0,-0.447,2.93,7.0,0.0,0.325,2050.0,Fake
3237,Politics,392.0,0.142,4.72,8.0,0.0,0.252,9535.0,Fake
3238,Health,586.0,-0.232,9.11,0.0,1.0,0.01,1172.0,Real
3239,Health,270.0,0.02,,1.0,1.0,0.36,2854.0,Fake
3240,Economy,,-0.526,2.69,12.0,,0.226,603.0,Fake
3241,Health,645.0,,7.0,0.0,1.0,,361.0,Real
3242,Sports,,0.45,5.58,4.0,0.0,0.274,199.0,Fake
3243,Health,367.0,0.297,,0.0,1.0,0.041,32.0,Real
3244,Health,598.0,-0.456,4.41,4.0,,0.149,1031.0,Fake
3245,Entertainment,342.0,0.141,8.06,,1.0,0.112,,Real
3246,Sports,355.0,-0.869,3.5,9.0,1.0,0.172,1509.0,Fake
3247,Entertainment,444.0,-0.389,7.66,0.0,1.0,0.167,238.0,Real
3248,Politics,,-0.23,,2.0,1.0,0.0,123.0,Real
3249,Sports,525.0,-0.182,6.55,3.0,1.0,,1782.0,Real
3250,Politics,286.0,-0.389,4.68,3.0,0.0,0.403,2475.0,Fake
3251,Politics,780.0,0.153,,1.0,0.0,0.048,,Real
3252,Health,310.0,0.304,3.73,5.0,0.0,0.296,1217.0,Fake
3253,Politics,656.0,-0.096,5.31,0.0,1.0,0.072,412.0,Real
3254,Entertainment,784.0,-0.335,7.42,0.0,1.0,0.073,92.0,Real
3255,Entertainment,711.0,-0.079,4.16,1.0,1.0,0.016,940.0,Real
3256,Entertainment,932.0,-0.126,7.4,0.0,1.0,0.058,31.0,Real
3257,Technology,296.0,-0.564,5.3,5.0,1.0,0.226,2047.0,Fake
3258,Sports,291.0,-0.745,4.08,5.0,0.0,0.364,4926.0,Fake
3259,Entertainment,171.0,,2.88,3.0,0.0,0.344,1465.0,Fake
3260,Entertainment,120.0,0.804,3.42,2.0,0.0,0.396,3140.0,Fake
3261,Health,710.0,0.454,7.75,,1.0,0.047,449.0,Real
3262,Sports,528.0,-0.845,,5.0,1.0,0.353,776.0,Fake
3263,Technology,741.0,,,0.0,0.0,0.089,108.0,Real
3264,Health,345.0,0.816,1.74,5.0,0.0,0.14,2465.0,Fake
3265,Health,330.0,-0.188,5.09,2.0,0.0,,2040.0,Fake
3266,Politics,559.0,-0.454,8.05,0.0,1.0,0.123,1769.0,Real
3267,Entertainment,111.0,0.333,2.17,5.0,1.0,0.388,983.0,Fake
3268,Technology,450.0,-0.331,3.92,6.0,1.0,0.519,,Fake
3269,Technology,322.0,0.104,5.19,5.0,0.0,0.298,1810.0,Fake
3270,Technology,674.0,-0.192,6.28,1.0,1.0,0.127,680.0,Real
3271,Entertainment,273.0,0.335,9.03,1.0,1.0,0.134,323.0,Real
3272,Health,745.0,0.458,9.63,2.0,1.0,0.064,1327.0,Real
3273,Entertainment,341.0,0.857,2.89,,0.0,0.478,386.0,Fake
3274,Entertainment,802.0,-0.072,9.18,,1.0,0.0,82.0,Real
3275,Economy,951.0,-0.303,5.7,1.0,0.0,0.06,914.0,Real
3276,Sports,210.0,0.948,2.26,5.0,0.0,0.352,941.0,Fake
3277,Technology,,0.47,2.88,2.0,0.0,0.313,2116.0,Fake
3278,Entertainment,380.0,-0.698,1.52,4.0,0.0,0.278,1108.0,Fake
3279,Politics,799.0,0.486,6.83,2.0,1.0,0.064,32.0,Real
3280,Technology,335.0,0.376,5.0,,1.0,0.282,47.0,Fake
3281,Sports,566.0,0.36,9.68,0.0,0.0,0.063,716.0,Real
3282,Health,,-0.796,3.42,4.0,0.0,0.275,2048.0,Fake
3283,Politics,459.0,-0.819,6.18,3.0,1.0,0.29,556.0,Fake
3284,Sports,391.0,0.58,4.23,8.0,1.0,0.286,243.0,Fake
3285,,536.0,-0.056,5.95,3.0,0.0,0.153,4565.0,Fake
3286,Technology,615.0,-0.354,6.84,3.0,1.0,,869.0,Real
3287,Politics,579.0,-0.578,3.08,5.0,0.0,0.195,1221.0,Fake
3288,Technology,405.0,0.688,2.59,7.0,1.0,0.351,763.0,Fake
3289,Entertainment,,0.388,5.33,4.0,1.0,,2385.0,Fake
3290,Entertainment,641.0,0.057,8.16,1.0,1.0,0.125,,Real
3291,Technology,253.0,0.449,4.26,2.0,0.0,0.364,,Fake
3292,Sports,234.0,0.197,1.73,10.0,0.0,0.166,179.0,Fake
3293,Technology,511.0,-0.159,8.86,0.0,,0.064,1021.0,Real
3294,Health,515.0,-0.327,5.53,1.0,1.0,0.081,1036.0,Real
3295,Technology,120.0,-0.682,6.4,10.0,0.0,0.24,194.0,Fake
3296,Entertainment,,,3.83,5.0,1.0,,1056.0,Fake
3297,Technology,,-0.107,5.69,5.0,1.0,0.231,75.0,Fake
3298,Politics,461.0,-0.21,8.45,1.0,1.0,0.069,3392.0,Real
3299,Health,364.0,-0.341,1.15,1.0,0.0,0.137,74.0,Fake
3300,Entertainment,658.0,0.336,5.76,1.0,1.0,0.063,76.0,Real
3301,Health,364.0,-0.428,1.87,9.0,0.0,0.195,374.0,Fake
3302,Politics,173.0,-0.311,5.63,2.0,1.0,0.121,2008.0,Fake
3303,Technology,290.0,0.166,2.09,4.0,0.0,0.171,907.0,Fake
3304,Sports,402.0,0.113,2.97,,0.0,0.331,1556.0,Fake
3305,Technology,365.0,0.687,7.16,0.0,0.0,0.111,3477.0,Fake
3306,Politics,811.0,0.399,7.54,1.0,1.0,0.071,331.0,Real
3307,Health,533.0,0.295,8.47,1.0,1.0,,575.0,Real
3308,Technology,599.0,-0.425,6.65,0.0,1.0,0.11,775.0,Real
3309,Technology,424.0,0.475,,2.0,0.0,0.162,1164.0,Real
3310,Technology,521.0,-0.163,6.47,1.0,1.0,0.078,130.0,Real
3311,Entertainment,619.0,0.241,6.43,1.0,0.0,0.017,228.0,Real
3312,,423.0,-0.097,3.77,6.0,1.0,0.238,1278.0,Fake
3313,Entertainment,442.0,0.034,9.68,0.0,1.0,0.168,288.0,Real
3314,Science,694.0,0.388,8.74,0.0,1.0,0.029,3551.0,Real
3315,Entertainment,541.0,-0.746,2.08,1.0,0.0,0.174,362.0,Fake
3316,Health,540.0,0.321,8.55,0.0,1.0,,84.0,Real
3317,Politics,657.0,0.483,6.2,2.0,,0.118,520.0,Real
3318,Entertainment,435.0,-0.151,4.96,2.0,0.0,0.175,6966.0,Fake
3319,Health,364.0,-0.943,3.47,3.0,0.0,0.217,1759.0,Fake
3320,Sports,254.0,-0.426,1.36,7.0,1.0,0.261,1768.0,Fake
3321,Technology,530.0,0.434,5.95,1.0,1.0,0.056,649.0,Real
3322,Health,404.0,-0.953,2.91,4.0,0.0,0.08,510.0,Fake
3323,Economy,135.0,-0.163,2.37,4.0,1.0,0.293,3094.0,Fake
3324,Technology,326.0,,0.36,10.0,1.0,0.035,,Fake
3325,Health,560.0,0.081,5.06,0.0,1.0,0.116,707.0,Real
3326,Politics,280.0,-0.046,3.93,,0.0,0.083,1383.0,Fake
3327,Entertainment,561.0,-0.224,7.05,1.0,0.0,0.061,807.0,Real
3328,Politics,414.0,-0.141,6.78,1.0,1.0,0.155,2823.0,Real
3329,Science,518.0,-0.283,7.02,0.0,1.0,0.058,1226.0,Real
3330,Entertainment,179.0,-0.2,0.25,1.0,0.0,0.253,3870.0,Fake
3331,Health,366.0,-0.971,4.95,5.0,0.0,,817.0,Fake
3332,Economy,325.0,-0.021,4.75,3.0,1.0,0.324,534.0,Fake
3333,,634.0,0.304,9.51,1.0,1.0,0.071,76.0,Real
3334,Politics,456.0,0.271,7.21,0.0,1.0,0.056,963.0,Real
3335,Technology,588.0,-0.134,6.81,1.0,1.0,,,Real
3336,Science,756.0,-0.419,6.37,0.0,1.0,0.083,64.0,Real
3337,Technology,447.0,-0.43,5.23,4.0,0.0,0.324,190.0,Fake
3338,Technology,343.0,0.725,3.2,7.0,0.0,0.232,139.0,Fake
3339,Health,209.0,-0.507,2.15,6.0,0.0,0.325,2982.0,Fake
3340,Entertainment,300.0,-0.192,,0.0,0.0,0.09,758.0,Real
3341,Politics,719.0,-0.246,7.91,1.0,1.0,0.0,152.0,Real
3342,Politics,397.0,-0.352,3.6,4.0,1.0,0.164,703.0,Fake
3343,,460.0,-0.206,5.82,,1.0,0.0,2111.0,Real
3344,Entertainment,97.0,-0.545,1.89,1.0,0.0,0.232,1101.0,Fake
3345,Health,266.0,0.597,4.55,6.0,0.0,0.408,1722.0,Fake
3346,Sports,660.0,,5.77,,1.0,0.136,430.0,Real
3347,,234.0,-0.006,0.14,6.0,0.0,0.417,2800.0,Fake
3348,Technology,200.0,0.208,0.57,4.0,0.0,0.3,676.0,Fake
3349,Sports,437.0,0.359,4.22,5.0,1.0,0.206,,Fake
3350,Health,589.0,-0.321,8.43,1.0,1.0,0.07,249.0,Real
3351,Science,577.0,0.261,8.36,2.0,,0.048,1380.0,Real
3352,Science,414.0,0.178,7.7,0.0,0.0,0.127,634.0,Real
3353,Health,,-0.45,,6.0,1.0,0.172,1311.0,Fake
3354,Entertainment,478.0,-0.07,7.4,0.0,1.0,0.0,66.0,Real
3355,Health,524.0,-0.01,5.43,0.0,0.0,0.143,979.0,Real
3356,Politics,258.0,-0.95,5.27,3.0,0.0,0.204,2903.0,Fake
3357,Entertainment,428.0,0.193,6.67,3.0,1.0,,234.0,Real
3358,Health,587.0,0.202,8.18,0.0,1.0,0.145,454.0,Real
3359,,151.0,-0.133,3.98,3.0,1.0,0.394,,Fake
3360,Health,175.0,-0.175,4.02,3.0,0.0,0.308,,Fake
3361,Entertainment,679.0,-0.2,7.82,0.0,1.0,0.056,369.0,Real
3362,Sports,649.0,0.393,,1.0,1.0,0.126,101.0,Real
3363,Politics,331.0,,3.25,5.0,1.0,0.262,2074.0,Fake
3364,Health,624.0,0.016,6.81,0.0,1.0,,1719.0,Real
3365,,,-0.908,2.99,2.0,0.0,0.137,2788.0,Fake
3366,Politics,374.0,0.417,9.25,1.0,1.0,0.0,256.0,Real
3367,Sports,469.0,-0.362,6.87,0.0,1.0,0.15,1228.0,Real
3368,Science,239.0,,4.71,6.0,0.0,0.283,2184.0,Fake
3369,Technology,315.0,-0.387,,1.0,1.0,0.071,1596.0,Real
3370,,704.0,-0.043,9.29,1.0,0.0,,414.0,Real
3371,Sports,465.0,0.268,1.8,5.0,,0.25,1512.0,Fake
3372,Politics,522.0,-0.082,6.67,0.0,1.0,0.137,,Real
3373,Sports,339.0,0.052,7.21,0.0,1.0,0.108,2695.0,Real
3374,Technology,341.0,0.971,2.79,7.0,0.0,0.14,84.0,Fake
3375,Sports,479.0,-0.106,8.34,0.0,1.0,0.003,1364.0,Real
3376,Technology,822.0,-0.5,3.83,1.0,0.0,0.14,267.0,Real
3377,Politics,321.0,-0.945,1.33,6.0,1.0,0.414,1184.0,Fake
3378,Entertainment,364.0,-0.648,2.17,,0.0,0.306,154.0,Fake
3379,Technology,552.0,,9.24,0.0,1.0,0.09,,Real
3380,Sports,419.0,0.166,,4.0,1.0,0.254,343.0,Fake
3381,,461.0,-0.065,7.79,,1.0,0.127,33.0,Real
3382,Technology,599.0,-0.135,7.73,1.0,1.0,0.068,1357.0,Real
3383,Sports,618.0,0.038,5.9,1.0,1.0,0.156,974.0,Real
3384,Politics,251.0,0.369,8.04,,1.0,0.013,1249.0,Real
3385,,552.0,-0.416,,1.0,,0.154,1359.0,Real
3386,Politics,483.0,-0.413,5.11,0.0,1.0,0.11,338.0,Real
3387,Sports,517.0,0.304,,6.0,0.0,0.337,190.0,Fake
3388,Health,579.0,,6.59,1.0,1.0,0.08,1707.0,Real
3389,Technology,348.0,-0.526,3.17,3.0,0.0,0.309,612.0,Fake
3390,Politics,558.0,0.356,8.91,0.0,1.0,0.007,359.0,Real
3391,Entertainment,498.0,0.351,6.04,0.0,1.0,0.117,180.0,Real
3392,Entertainment,372.0,,2.76,,0.0,0.368,293.0,Fake
3393,Health,647.0,0.096,9.11,2.0,1.0,0.069,316.0,Real
3394,Technology,600.0,0.378,7.52,1.0,1.0,0.112,271.0,Real
3395,Technology,244.0,-0.399,3.25,5.0,0.0,0.284,365.0,Fake
3396,Sports,433.0,0.493,4.61,3.0,1.0,0.013,,Real
3397,Economy,664.0,,7.04,0.0,1.0,0.178,90.0,Real
3398,Politics,643.0,0.269,8.66,0.0,0.0,0.201,1008.0,Real
3399,Politics,59.0,-0.659,3.83,6.0,1.0,0.232,730.0,Fake
3400,Entertainment,,-0.69,4.7,5.0,0.0,0.152,3292.0,Fake
3401,Politics,248.0,0.627,4.21,4.0,0.0,0.289,,Fake
3402,Sports,793.0,-0.018,8.18,,1.0,0.117,1211.0,Real
3403,Technology,415.0,-0.455,3.29,5.0,0.0,0.403,703.0,Fake
3404,Entertainment,472.0,0.138,3.84,7.0,0.0,0.053,645.0,Fake
3405,Entertainment,190.0,0.915,3.5,5.0,0.0,0.339,458.0,Fake
3406,Technology,425.0,-0.42,3.91,3.0,,0.464,466.0,Fake
3407,Politics,861.0,0.286,7.11,1.0,1.0,0.064,85.0,Real
3408,Technology,580.0,-0.094,8.95,1.0,1.0,0.036,2638.0,Real
3409,Sports,462.0,0.865,2.96,2.0,1.0,0.212,4361.0,Fake
3410,Sports,564.0,-0.019,5.84,1.0,1.0,0.064,82.0,Real
3411,Politics,289.0,-0.262,,0.0,1.0,0.142,3137.0,Real
3412,Politics,313.0,0.392,4.42,,1.0,0.25,1829.0,Fake
3413,Economy,236.0,-0.05,3.63,4.0,1.0,0.376,417.0,Fake
3414,Health,532.0,-0.218,7.4,0.0,1.0,0.076,902.0,Real
3415,Technology,369.0,-0.481,0.0,4.0,0.0,0.32,3502.0,Fake
3416,Economy,357.0,-0.044,5.79,2.0,1.0,0.069,848.0,Real
3417,Sports,449.0,0.079,5.18,7.0,1.0,,1966.0,Fake
3418,Politics,164.0,0.999,4.7,4.0,1.0,0.14,1444.0,Fake
3419,Politics,373.0,0.175,7.7,0.0,1.0,0.17,1186.0,Real
3420,,387.0,0.119,4.82,5.0,0.0,0.263,2783.0,Fake
3421,Entertainment,478.0,0.395,6.68,4.0,1.0,0.088,,Real
3422,Sports,697.0,0.454,5.09,0.0,1.0,0.136,71.0,Real
3423,,427.0,0.073,4.28,0.0,1.0,0.027,1636.0,Real
3424,,266.0,-0.744,3.22,2.0,1.0,0.27,1135.0,Fake
3425,,822.0,,8.45,1.0,0.0,,109.0,Real
3426,Technology,448.0,0.414,1.94,6.0,1.0,0.431,766.0,Fake
3427,Economy,501.0,-0.303,7.49,1.0,1.0,0.104,67.0,Real
3428,Health,627.0,-0.362,8.3,2.0,1.0,0.054,5.0,Real
3429,Health,480.0,-0.66,2.49,3.0,1.0,0.254,3345.0,Fake
3430,Politics,459.0,-0.695,5.15,3.0,0.0,0.42,1886.0,Fake
3431,Health,81.0,0.884,5.3,2.0,1.0,0.373,1743.0,Fake
3432,Politics,385.0,0.39,7.97,1.0,1.0,0.062,46.0,Real
3433,Technology,360.0,0.334,,6.0,0.0,0.407,1144.0,Fake
3434,Health,445.0,0.934,6.21,,1.0,0.167,37.0,Fake
3435,Health,612.0,-0.091,10.0,3.0,1.0,0.069,148.0,Real
3436,Entertainment,571.0,-0.005,7.33,1.0,0.0,0.041,1574.0,Real
3437,Sports,541.0,,6.44,0.0,1.0,0.065,164.0,Real
3438,Health,632.0,-0.315,7.54,1.0,1.0,0.144,1510.0,Real
3439,Health,271.0,,,1.0,1.0,0.06,1059.0,Real
3440,Health,316.0,,8.52,1.0,0.0,0.07,232.0,Real
3441,Sports,81.0,-0.076,2.77,,0.0,0.346,483.0,Fake
3442,Entertainment,413.0,-0.968,3.39,3.0,0.0,0.136,2303.0,Fake
3443,Health,381.0,0.398,6.54,6.0,1.0,0.351,,Fake
3444,Technology,660.0,-0.183,5.67,2.0,0.0,0.121,600.0,Real
3445,Politics,189.0,0.305,3.04,5.0,0.0,0.235,1333.0,Fake
3446,Sports,326.0,-0.328,3.88,4.0,0.0,,2106.0,Fake
3447,Politics,202.0,-0.861,3.59,,0.0,0.178,124.0,Fake
3448,Sports,485.0,,4.72,5.0,0.0,0.231,746.0,Fake
3449,Science,416.0,0.941,1.48,2.0,1.0,0.38,677.0,Fake
3450,Health,123.0,0.32,2.67,5.0,0.0,0.385,1465.0,Fake
3451,Sports,461.0,,6.4,,1.0,0.072,146.0,Real
3452,Politics,692.0,0.056,7.67,,1.0,0.057,1015.0,Real
3453,Health,,-0.15,8.26,3.0,,0.058,42.0,Real
3454,Politics,614.0,-0.115,7.39,0.0,1.0,0.156,1126.0,Real
3455,Sports,286.0,0.342,4.98,6.0,1.0,0.179,2928.0,Fake
3456,Sports,519.0,-0.305,6.48,1.0,1.0,0.128,386.0,Real
3457,Sports,288.0,0.075,3.63,,0.0,0.283,397.0,Fake
3458,,252.0,0.848,1.56,0.0,1.0,0.25,240.0,Fake
3459,Technology,501.0,,,0.0,1.0,0.139,251.0,Real
3460,Technology,388.0,-0.904,5.48,3.0,0.0,0.208,362.0,Fake
3461,Entertainment,325.0,0.493,6.59,1.0,1.0,0.079,1068.0,Real
3462,Politics,689.0,0.061,,0.0,1.0,0.06,374.0,Real
3463,Health,,-0.099,0.56,3.0,0.0,0.214,4887.0,Fake
3464,Sports,,0.358,7.5,1.0,1.0,,597.0,Real
3465,Entertainment,314.0,-0.299,2.57,3.0,0.0,0.132,2000.0,Fake
3466,Health,545.0,0.42,6.47,2.0,1.0,0.078,399.0,Real
3467,Politics,529.0,-0.399,6.16,1.0,1.0,0.069,179.0,Real
3468,Technology,359.0,0.81,3.13,3.0,1.0,0.293,453.0,Fake
3469,Politics,451.0,0.291,8.27,0.0,1.0,0.034,205.0,Real
3470,Entertainment,226.0,-0.194,7.8,1.0,1.0,0.143,1473.0,Real
3471,Politics,628.0,0.254,6.61,1.0,1.0,0.041,371.0,Real
3472,Health,194.0,-0.663,4.28,9.0,0.0,,421.0,Fake
3473,Economy,50.0,-0.709,5.41,7.0,1.0,0.231,736.0,Fake
3474,Entertainment,853.0,0.355,4.9,0.0,1.0,0.073,188.0,Real
3475,Politics,362.0,-0.652,2.24,4.0,0.0,,1961.0,Fake
3476,Health,414.0,-0.912,2.0,8.0,1.0,0.256,1186.0,Fake
3477,Science,,-0.234,8.7,0.0,1.0,0.121,741.0,Real
3478,,301.0,-0.984,5.98,7.0,0.0,0.015,480.0,Fake
3479,Health,439.0,-0.469,5.68,3.0,0.0,0.285,888.0,Fake
3480,Sports,323.0,0.787,4.76,2.0,1.0,0.226,663.0,Fake
3481,Politics,387.0,0.315,5.63,0.0,1.0,0.043,101.0,Real
3482,Entertainment,449.0,-0.836,0.6,6.0,1.0,0.367,1693.0,Fake
3483,Economy,595.0,0.673,,9.0,0.0,0.254,1140.0,Fake
3484,Health,274.0,-0.012,3.36,4.0,0.0,0.327,224.0,Fake
3485,Health,563.0,0.12,7.88,2.0,0.0,0.109,491.0,Real
3486,,370.0,0.223,4.55,5.0,,0.365,6.0,Fake
3487,Politics,656.0,0.437,7.08,0.0,1.0,0.043,,Real
3488,Sports,379.0,-0.909,4.93,7.0,0.0,,273.0,Fake
3489,Sports,244.0,0.418,2.12,2.0,0.0,0.325,,Fake
3490,Technology,419.0,0.073,6.88,0.0,1.0,0.034,206.0,Real
3491,Sports,565.0,-0.262,8.48,0.0,1.0,0.114,242.0,Real
3492,Entertainment,505.0,-0.436,8.69,0.0,1.0,0.078,559.0,Real
3493,,376.0,-0.171,3.28,5.0,1.0,0.11,,Fake
3494,Economy,100.0,-0.496,8.78,1.0,0.0,0.076,743.0,Real
3495,Entertainment,668.0,-0.673,4.97,3.0,0.0,0.239,1270.0,Fake
3496,Politics,587.0,-0.015,4.44,,,0.101,1277.0,Real
3497,Entertainment,363.0,-0.963,5.66,4.0,0.0,0.223,31.0,Fake
3498,Health,711.0,-0.384,4.96,2.0,1.0,,166.0,Real
3499,Sports,447.0,0.394,7.8,0.0,1.0,0.095,455.0,Real
3500,Sports,420.0,0.25,2.8,1.0,1.0,0.141,569.0,Fake
3501,Economy,529.0,-0.264,8.22,2.0,1.0,0.022,59.0,Real
3502,Entertainment,395.0,-0.95,,4.0,1.0,0.192,666.0,Fake
3503,Sports,786.0,0.061,9.28,1.0,1.0,0.082,602.0,Real
3504,Sports,410.0,-0.021,7.25,,1.0,0.11,119.0,Real
3505,Health,325.0,-0.556,1.89,7.0,0.0,0.415,36.0,Fake
3506,Technology,344.0,0.95,4.28,4.0,0.0,0.172,535.0,Fake
3507,Technology,270.0,-0.214,3.0,3.0,1.0,0.314,1871.0,Fake
3508,Technology,630.0,0.247,8.17,1.0,1.0,0.068,262.0,Real
3509,Politics,518.0,-0.369,7.1,,1.0,0.0,169.0,Real
3510,Politics,831.0,-0.391,8.19,1.0,1.0,0.057,511.0,Real
3511,Economy,382.0,0.194,7.29,1.0,1.0,0.101,,Real
3512,Politics,528.0,0.0,6.82,1.0,1.0,0.058,,Real
3513,Economy,444.0,-0.065,6.91,1.0,1.0,0.124,1338.0,Real
3514,Technology,139.0,-0.264,4.87,10.0,1.0,0.259,414.0,Fake
3515,,235.0,-0.614,,4.0,0.0,0.158,29.0,Fake
3516,Health,724.0,-0.381,7.61,2.0,1.0,0.145,862.0,Real
3517,Economy,843.0,0.301,6.39,0.0,1.0,0.13,,Real
3518,Economy,419.0,0.865,3.08,,1.0,0.198,1438.0,Fake
3519,Economy,138.0,0.808,0.0,4.0,0.0,0.308,,Fake
3520,Politics,640.0,0.145,5.43,0.0,1.0,0.062,1019.0,Real
3521,Health,358.0,-0.159,5.19,2.0,,0.217,771.0,Fake
3522,Politics,462.0,0.057,9.09,0.0,,0.082,,Real
3523,Economy,503.0,-0.084,8.86,1.0,0.0,0.01,,Real
3524,Health,,-0.219,5.21,,1.0,0.008,2113.0,Real
3525,Sports,414.0,0.268,2.69,10.0,1.0,0.262,1168.0,Fake
3526,Politics,422.0,-0.745,2.02,8.0,0.0,0.232,635.0,Fake
3527,,493.0,-0.991,3.12,3.0,1.0,0.353,964.0,Fake
3528,Science,658.0,-0.016,7.07,,1.0,0.118,292.0,Real
3529,Politics,320.0,-0.158,7.12,0.0,1.0,0.092,879.0,Real
3530,Entertainment,521.0,-0.441,6.88,3.0,,,333.0,Real
3531,Sports,438.0,,,2.0,1.0,0.035,1161.0,Real
3532,Economy,466.0,-0.263,8.09,1.0,1.0,0.134,1621.0,Real
3533,Entertainment,655.0,-0.045,8.5,1.0,0.0,0.09,853.0,Real
3534,Science,758.0,0.076,7.54,0.0,1.0,0.097,2729.0,Real
3535,Sports,442.0,,4.23,3.0,0.0,0.396,778.0,Fake
3536,Health,250.0,-0.381,2.33,8.0,0.0,0.193,473.0,Fake
3537,Technology,380.0,0.068,6.05,0.0,1.0,0.0,1137.0,Real
3538,Health,527.0,-0.274,6.35,0.0,0.0,0.14,296.0,Real
3539,Science,712.0,-0.491,7.17,0.0,,0.134,802.0,Real
3540,Sports,370.0,-0.955,2.23,3.0,1.0,0.294,1070.0,Fake
3541,Technology,323.0,0.501,2.8,4.0,0.0,0.266,5289.0,Fake
3542,Technology,305.0,0.256,1.88,3.0,1.0,0.293,3925.0,Fake
3543,Politics,589.0,0.463,7.53,1.0,1.0,0.032,1494.0,Real
3544,Politics,899.0,-0.46,7.41,0.0,1.0,0.065,1195.0,Real
3545,Politics,630.0,0.107,7.73,2.0,1.0,0.034,2508.0,Real
3546,Health,435.0,-0.352,9.36,1.0,1.0,,298.0,Real
3547,Entertainment,434.0,-0.313,7.33,0.0,1.0,0.051,558.0,Real
3548,Health,956.0,0.223,6.19,2.0,1.0,0.114,451.0,Real
3549,Sports,499.0,-0.104,7.2,2.0,1.0,0.071,101.0,Real
3550,Science,373.0,-0.073,6.59,0.0,1.0,0.078,175.0,Real
3551,Entertainment,427.0,0.01,8.03,0.0,1.0,0.081,317.0,Real
3552,Entertainment,355.0,0.876,5.29,8.0,1.0,0.336,835.0,Fake
3553,,470.0,0.222,6.23,3.0,1.0,0.368,1957.0,Fake
3554,Entertainment,638.0,-0.365,6.06,0.0,1.0,0.006,328.0,Real
3555,Politics,338.0,0.492,,4.0,1.0,0.167,1699.0,Fake
3556,Science,231.0,0.403,,5.0,0.0,0.317,7475.0,Fake
3557,Economy,488.0,-0.055,6.73,0.0,1.0,0.134,18.0,Real
3558,Science,254.0,0.209,3.64,2.0,0.0,0.242,1049.0,Fake
3559,Politics,415.0,0.47,7.08,,1.0,0.183,1139.0,Real
3560,Science,410.0,-0.826,2.49,2.0,0.0,0.289,188.0,Fake
3561,Technology,469.0,0.255,6.6,0.0,1.0,0.157,1218.0,Real
3562,Politics,862.0,-0.487,6.63,1.0,1.0,0.129,922.0,Real
3563,Politics,277.0,-0.049,3.53,1.0,1.0,0.209,222.0,Fake
3564,Entertainment,997.0,0.144,,1.0,0.0,0.032,1451.0,Real
3565,Entertainment,116.0,-0.684,1.89,,0.0,0.511,130.0,Fake
3566,Technology,348.0,-0.165,6.96,2.0,1.0,0.101,88.0,Real
3567,Health,,-0.738,5.92,6.0,0.0,0.292,2999.0,Fake
3568,Politics,,0.804,0.79,0.0,1.0,0.153,7587.0,Fake
3569,Politics,394.0,-0.601,2.65,1.0,0.0,0.365,112.0,Fake
3570,Politics,446.0,0.319,5.8,1.0,1.0,0.158,170.0,Real
3571,Economy,664.0,0.46,7.37,1.0,1.0,0.075,1847.0,Real
3572,Entertainment,855.0,-0.203,,0.0,1.0,0.021,339.0,Real
3573,Politics,,-0.451,3.36,4.0,0.0,0.263,339.0,Fake
3574,Politics,326.0,,,3.0,1.0,0.311,1092.0,Fake
3575,Science,303.0,0.034,0.76,6.0,0.0,0.208,613.0,Fake
3576,Technology,502.0,-0.383,8.91,2.0,,0.034,,Real
3577,Sports,274.0,,6.92,5.0,1.0,0.281,3720.0,Fake
3578,Entertainment,354.0,0.939,6.62,3.0,0.0,0.149,666.0,Fake
3579,Entertainment,366.0,-0.107,8.07,0.0,1.0,0.049,303.0,Real
3580,Sports,258.0,0.334,7.32,0.0,0.0,0.11,599.0,Real
3581,,724.0,0.059,7.32,1.0,1.0,0.182,74.0,Real
3582,Sports,745.0,-0.226,5.67,1.0,1.0,0.0,129.0,Real
3583,Politics,321.0,-0.129,1.53,3.0,0.0,0.297,704.0,Fake
3584,Politics,650.0,0.216,7.53,0.0,1.0,0.016,483.0,Real
3585,Entertainment,483.0,0.739,4.43,7.0,0.0,0.271,692.0,Fake
3586,Entertainment,240.0,-0.182,2.7,4.0,0.0,0.323,1978.0,Fake
3587,Politics,559.0,-0.257,6.23,2.0,1.0,0.026,1007.0,Real
3588,Politics,256.0,,3.62,5.0,1.0,0.12,,Fake
3589,Politics,288.0,,2.39,3.0,0.0,0.38,1083.0,Fake
3590,Technology,502.0,0.471,,0.0,1.0,0.069,350.0,Real
3591,Technology,,-0.075,6.67,0.0,0.0,0.149,,Real
3592,Technology,611.0,-0.437,,,1.0,0.137,267.0,Real
3593,Sports,204.0,0.105,7.75,,1.0,,265.0,Real
3594,Entertainment,,0.976,2.14,,1.0,0.222,256.0,Fake
3595,Sports,481.0,-0.165,5.86,2.0,1.0,0.01,1375.0,Real
3596,Technology,452.0,-0.932,,3.0,1.0,0.406,386.0,Fake
3597,Technology,394.0,0.58,1.58,4.0,1.0,0.159,487.0,Fake
3598,Health,227.0,-0.313,1.34,4.0,0.0,0.366,625.0,Fake
3599,Politics,510.0,0.466,9.83,1.0,1.0,0.002,635.0,Real
3600,Health,372.0,0.221,5.66,3.0,0.0,0.405,436.0,Fake
3601,Entertainment,375.0,-0.002,4.82,5.0,0.0,0.355,2602.0,Fake
3602,Sports,434.0,-0.444,6.33,1.0,1.0,0.01,2754.0,Real
3603,Sports,721.0,0.448,6.03,0.0,1.0,0.031,361.0,Real
3604,Economy,187.0,0.71,1.02,3.0,1.0,0.12,76.0,Fake
3605,,234.0,-0.112,2.49,5.0,1.0,0.2,33.0,Fake
3606,Health,50.0,-0.928,3.72,5.0,0.0,0.169,231.0,Fake
3607,,530.0,-0.023,3.39,5.0,0.0,0.184,4200.0,Fake
3608,Politics,557.0,0.261,6.15,1.0,1.0,0.112,1041.0,Real
3609,Technology,,-0.19,2.5,3.0,0.0,0.248,1460.0,Fake
3610,Science,367.0,-0.516,3.44,4.0,0.0,0.196,395.0,Fake
3611,Economy,,0.317,5.07,0.0,1.0,0.191,908.0,Real
3612,Economy,637.0,,7.14,,,0.003,406.0,Real
3613,Technology,288.0,-0.3,4.98,,0.0,0.165,121.0,Fake
3614,Technology,238.0,-0.679,,1.0,1.0,0.041,,Fake
3615,Health,357.0,-0.23,10.0,1.0,1.0,0.153,372.0,Real
3616,Politics,244.0,0.567,5.91,4.0,1.0,0.108,1043.0,Fake
3617,,656.0,-0.495,,1.0,1.0,0.011,99.0,Real
3618,Politics,349.0,-0.623,1.81,2.0,0.0,,1610.0,Fake
3619,Entertainment,327.0,-0.352,6.12,3.0,1.0,0.35,248.0,Fake
3620,Health,296.0,-0.367,3.97,1.0,1.0,0.036,1043.0,Fake
3621,Technology,300.0,-0.811,,7.0,0.0,0.183,91.0,Fake
3622,Politics,117.0,-0.549,,6.0,0.0,0.208,3168.0,Fake
3623,Politics,427.0,0.033,6.07,0.0,0.0,0.056,2344.0,Real
3624,Entertainment,,0.932,1.07,8.0,1.0,0.14,40.0,Fake
3625,Health,231.0,0.616,2.25,8.0,0.0,0.188,2574.0,Fake
3626,Technology,50.0,-0.645,3.73,3.0,0.0,0.422,652.0,Fake
3627,Politics,270.0,-0.385,3.29,,,0.2,210.0,Fake
3628,Health,390.0,0.347,3.53,6.0,1.0,0.412,6923.0,Fake
3629,Politics,271.0,-0.909,3.58,2.0,1.0,0.247,,Fake
3630,Sports,612.0,-0.03,9.2,,1.0,0.055,590.0,Real
3631,Sports,341.0,0.39,6.11,7.0,0.0,0.262,,Fake
3632,Entertainment,662.0,0.038,8.36,0.0,1.0,0.104,591.0,Real
3633,Entertainment,192.0,-0.135,5.45,,1.0,0.104,802.0,Real
3634,Politics,344.0,-0.263,3.9,4.0,0.0,0.211,1731.0,Fake
3635,Sports,652.0,0.465,6.39,0.0,1.0,0.06,72.0,Real
3636,Technology,644.0,0.066,6.46,0.0,1.0,0.093,58.0,Real
3637,Science,535.0,0.413,8.13,1.0,1.0,,50.0,Real
3638,Health,656.0,0.435,9.81,0.0,1.0,0.13,239.0,Real
3639,Politics,,0.132,2.11,8.0,0.0,0.264,1376.0,Fake
3640,Health,,-0.612,3.8,7.0,1.0,0.361,3937.0,Fake
3641,Technology,202.0,,3.67,3.0,,0.261,1607.0,Fake
3642,Technology,409.0,-0.41,7.63,2.0,,0.098,1205.0,Real
3643,Sports,380.0,0.425,5.81,1.0,0.0,0.078,1854.0,Real
3644,Technology,385.0,0.37,2.68,5.0,1.0,0.405,2441.0,Fake
3645,Technology,557.0,,8.08,,1.0,0.058,833.0,Real
3646,Economy,171.0,-0.243,,4.0,0.0,0.196,900.0,Fake
3647,Technology,507.0,-0.042,7.4,2.0,,0.097,204.0,Real
3648,Entertainment,400.0,,9.08,0.0,1.0,,1388.0,Real
3649,Politics,697.0,,,2.0,1.0,0.037,269.0,Real
3650,Technology,246.0,-0.916,3.25,4.0,1.0,0.355,1647.0,Fake
3651,Technology,238.0,-0.057,,0.0,1.0,0.052,365.0,Real
3652,Politics,615.0,0.419,6.28,,1.0,0.028,645.0,Real
3653,Politics,403.0,0.485,4.27,9.0,0.0,,2997.0,Fake
3654,,573.0,,7.6,1.0,1.0,0.039,505.0,Real
3655,Technology,568.0,0.961,0.0,,1.0,0.224,731.0,Fake
3656,Economy,244.0,,1.32,7.0,0.0,0.194,93.0,Fake
3657,Politics,470.0,-0.849,3.25,6.0,1.0,0.355,1045.0,Fake
3658,Politics,495.0,-0.35,6.68,1.0,1.0,0.127,386.0,Real
3659,Politics,708.0,0.151,6.32,0.0,1.0,0.058,200.0,Real
3660,Politics,552.0,-0.012,5.86,0.0,1.0,0.097,1603.0,Real
3661,Science,202.0,0.531,5.04,6.0,0.0,0.235,1232.0,Fake
3662,Health,435.0,0.225,6.27,0.0,1.0,,383.0,Real
3663,Health,542.0,0.972,4.63,2.0,1.0,0.474,45.0,Fake
3664,Technology,867.0,-0.442,8.19,2.0,1.0,0.099,189.0,Real
3665,Politics,,-0.228,7.76,1.0,1.0,0.137,1290.0,Real
3666,Health,357.0,0.809,0.01,6.0,1.0,0.376,3533.0,Fake
3667,Health,378.0,0.18,7.79,0.0,1.0,0.04,410.0,Real
3668,Sports,,,1.93,4.0,0.0,0.207,44.0,Fake
3669,Economy,214.0,0.431,3.4,3.0,0.0,0.212,4609.0,Fake
3670,Entertainment,446.0,-0.475,4.13,2.0,0.0,0.243,1311.0,Fake
3671,Politics,961.0,-0.049,8.31,0.0,1.0,0.068,1204.0,Real
3672,,270.0,-0.018,4.93,2.0,0.0,0.278,1424.0,Fake
3673,Science,592.0,-0.133,6.73,1.0,1.0,0.1,1410.0,Real
3674,Politics,679.0,0.222,5.51,2.0,1.0,0.031,3998.0,Real
3675,,450.0,-0.183,7.34,1.0,1.0,0.053,1954.0,Real
3676,Entertainment,496.0,,9.45,,1.0,0.088,1144.0,Real
3677,Entertainment,407.0,-0.28,1.79,7.0,1.0,0.29,1699.0,Fake
3678,Technology,257.0,0.739,3.95,4.0,0.0,0.266,723.0,Fake
3679,Entertainment,260.0,-0.587,1.24,2.0,0.0,0.271,4.0,Fake
3680,,443.0,-0.15,1.94,1.0,1.0,0.202,1156.0,Fake
3681,Science,501.0,0.275,7.2,1.0,1.0,0.046,69.0,Real
3682,Science,657.0,0.385,6.29,1.0,1.0,0.019,384.0,Real
3683,Sports,410.0,-0.195,6.88,,1.0,0.07,16.0,Real
3684,Technology,593.0,0.238,8.51,0.0,1.0,0.072,1794.0,Real
3685,Politics,886.0,-0.336,8.68,0.0,1.0,0.163,663.0,Real
3686,Politics,735.0,-0.246,9.35,0.0,1.0,0.102,2930.0,Real
3687,,540.0,-0.287,9.48,0.0,1.0,0.063,787.0,Real
3688,Politics,457.0,-0.474,2.06,0.0,1.0,0.202,556.0,Fake
3689,Technology,849.0,0.346,7.39,1.0,1.0,0.072,4213.0,Real
3690,Science,417.0,-0.118,,0.0,1.0,0.061,201.0,Real
3691,Health,522.0,0.494,4.69,1.0,1.0,0.162,2249.0,Real
3692,,563.0,0.251,7.38,0.0,1.0,0.1,401.0,Real
3693,Entertainment,431.0,0.765,3.75,6.0,1.0,0.187,198.0,Fake
3694,Entertainment,550.0,0.19,9.61,0.0,1.0,0.106,3617.0,Real
3695,Entertainment,597.0,0.089,,1.0,1.0,,30.0,Real
3696,Politics,300.0,-0.161,3.42,5.0,,0.516,2108.0,Fake
3697,Health,171.0,,1.96,3.0,0.0,0.226,1021.0,Fake
3698,Politics,428.0,-0.031,0.15,11.0,1.0,0.397,642.0,Fake
3699,Politics,253.0,0.81,1.33,10.0,0.0,0.307,2292.0,Fake
3700,Technology,524.0,-0.114,6.39,0.0,1.0,0.087,486.0,Real
3701,Politics,483.0,-0.169,6.52,1.0,1.0,0.012,670.0,Real
3702,Entertainment,638.0,-0.156,8.42,,1.0,0.134,158.0,Real
3703,Economy,347.0,0.674,4.9,2.0,0.0,0.134,86.0,Fake
3704,Politics,541.0,-0.422,2.39,1.0,1.0,0.312,317.0,Fake
3705,Entertainment,637.0,-0.348,,0.0,0.0,0.001,1518.0,Real
3706,Entertainment,430.0,0.682,3.89,3.0,0.0,0.126,1868.0,Fake
3707,Entertainment,499.0,0.438,4.23,3.0,0.0,0.065,492.0,Fake
3708,Health,744.0,-0.105,,0.0,1.0,0.085,255.0,Real
3709,Science,,0.058,2.36,2.0,1.0,0.231,,Fake
3710,Economy,138.0,0.835,1.95,4.0,0.0,0.3,3288.0,Fake
3711,Entertainment,362.0,0.658,4.27,7.0,1.0,0.282,260.0,Fake
3712,Science,572.0,0.389,7.71,,1.0,0.023,772.0,Real
3713,Politics,103.0,,1.26,7.0,0.0,0.262,537.0,Fake
3714,Politics,656.0,0.149,8.67,2.0,0.0,0.052,1158.0,Real
3715,Technology,257.0,-0.69,4.23,2.0,0.0,0.272,2211.0,Fake
3716,Politics,542.0,0.146,8.23,1.0,0.0,0.109,2185.0,Real
3717,Entertainment,320.0,-0.937,5.13,2.0,0.0,0.225,,Fake
3718,Technology,382.0,-0.699,2.35,4.0,0.0,,877.0,Fake
3719,Health,520.0,-0.19,4.25,5.0,,0.246,,Fake
3720,Technology,283.0,0.315,5.74,5.0,0.0,0.128,23.0,Fake
3721,Politics,652.0,-0.057,6.99,,1.0,0.122,1227.0,Real
3722,Politics,249.0,0.734,2.25,,,0.237,813.0,Fake
3723,,496.0,0.136,6.74,0.0,1.0,0.067,744.0,Real
3724,Health,428.0,-0.996,4.09,5.0,1.0,0.244,2539.0,Fake
3725,Politics,687.0,0.107,8.72,0.0,1.0,0.027,183.0,Real
3726,Economy,223.0,0.702,5.99,6.0,1.0,0.058,2549.0,Fake
3727,Health,375.0,0.706,4.52,2.0,1.0,0.23,1469.0,Fake
3728,Science,,-0.081,4.08,7.0,0.0,0.385,3690.0,Fake
3729,Politics,742.0,-0.166,8.26,0.0,1.0,,1507.0,Real
3730,Economy,711.0,,7.83,1.0,1.0,,1953.0,Real
3731,Politics,584.0,0.108,6.63,0.0,0.0,0.039,1356.0,Real
3732,Entertainment,203.0,0.992,4.82,11.0,0.0,0.436,1787.0,Fake
3733,Sports,340.0,0.292,2.14,4.0,1.0,0.315,938.0,Fake
3734,Economy,586.0,0.081,8.73,0.0,1.0,0.086,,Real
3735,Technology,800.0,-0.007,8.47,0.0,1.0,0.174,266.0,Real
3736,Health,748.0,-0.194,6.82,0.0,1.0,0.044,124.0,Real
3737,Entertainment,862.0,-0.471,5.82,0.0,1.0,0.0,733.0,Real
3738,,617.0,0.294,7.85,0.0,1.0,0.087,27.0,Real
3739,Entertainment,571.0,0.199,5.62,0.0,1.0,0.043,557.0,Real
3740,Politics,435.0,0.528,4.12,4.0,0.0,0.203,457.0,Fake
3741,Entertainment,201.0,,4.14,9.0,1.0,0.168,,Fake
3742,Technology,325.0,-0.58,2.74,7.0,0.0,0.318,149.0,Fake
3743,,445.0,0.171,3.3,4.0,1.0,0.247,109.0,Fake
3744,Science,285.0,0.041,9.18,1.0,1.0,0.062,414.0,Real
3745,Sports,363.0,-0.588,5.83,5.0,0.0,0.188,6.0,Fake
3746,Science,474.0,0.748,2.96,4.0,,0.151,7163.0,Fake
3747,Technology,355.0,-0.07,2.47,6.0,1.0,0.349,1164.0,Fake
3748,Politics,425.0,0.92,3.84,3.0,1.0,0.207,3709.0,Fake
3749,,234.0,-0.185,7.77,0.0,1.0,0.136,399.0,Real
3750,Health,354.0,0.08,7.56,1.0,1.0,0.04,1219.0,Real
3751,Entertainment,295.0,-0.261,1.2,5.0,1.0,0.299,742.0,Fake
3752,Technology,453.0,-0.754,0.84,6.0,0.0,0.189,1458.0,Fake
3753,Politics,176.0,-0.107,4.86,5.0,1.0,0.205,926.0,Fake
3754,Health,296.0,-0.845,4.03,4.0,0.0,0.0,3994.0,Fake
3755,Politics,163.0,0.843,6.7,5.0,0.0,0.167,1342.0,Fake
3756,Economy,630.0,-0.069,8.61,1.0,0.0,0.136,274.0,Real
3757,Health,340.0,0.89,4.1,6.0,0.0,0.269,574.0,Fake
3758,Entertainment,526.0,0.723,3.83,4.0,0.0,,284.0,Fake
3759,Health,173.0,0.877,2.61,7.0,0.0,0.224,,Fake
3760,Science,534.0,0.161,7.69,0.0,1.0,0.101,887.0,Real
3761,Technology,119.0,-0.134,1.41,4.0,1.0,0.345,839.0,Fake
3762,Sports,436.0,0.839,2.51,3.0,1.0,0.266,3042.0,Fake
3763,Economy,316.0,-0.152,5.77,2.0,0.0,0.199,393.0,Fake
3764,Politics,139.0,0.845,3.44,5.0,0.0,0.379,1596.0,Fake
3765,Economy,703.0,0.256,9.03,0.0,1.0,0.111,703.0,Real
3766,Politics,619.0,0.035,6.21,0.0,1.0,0.0,574.0,Real
3767,,558.0,-0.251,8.59,0.0,1.0,,685.0,Real
3768,Politics,356.0,0.803,5.1,1.0,1.0,0.291,1886.0,Fake
3769,Health,328.0,0.101,2.52,4.0,0.0,0.405,694.0,Fake
3770,Politics,539.0,-0.182,6.73,0.0,1.0,0.0,520.0,Real
3771,Sports,547.0,0.311,,0.0,0.0,0.041,454.0,Real
3772,Health,315.0,-0.815,4.75,3.0,0.0,0.11,1718.0,Fake
3773,Entertainment,507.0,-0.262,,2.0,1.0,,72.0,Real
3774,Health,260.0,0.055,4.01,5.0,0.0,0.303,546.0,Fake
3775,Sports,,-0.713,0.18,8.0,0.0,0.243,,Fake
3776,Technology,487.0,-0.365,6.61,2.0,0.0,0.04,164.0,Real
3777,Politics,50.0,0.538,1.71,,0.0,0.235,5126.0,Fake
3778,Technology,580.0,-0.008,7.8,2.0,1.0,0.028,1110.0,Real
3779,Politics,547.0,0.091,7.34,0.0,0.0,0.057,443.0,Real
3780,Science,296.0,0.844,4.49,6.0,1.0,0.325,134.0,Fake
3781,Technology,266.0,-0.366,2.32,8.0,1.0,,3918.0,Fake
3782,Entertainment,593.0,-0.337,5.25,5.0,1.0,0.342,1182.0,Fake
3783,Science,145.0,-0.305,3.77,6.0,1.0,0.374,301.0,Fake
3784,Politics,498.0,-0.475,6.05,0.0,1.0,0.017,54.0,Real
3785,Sports,443.0,-0.372,5.47,2.0,1.0,0.145,48.0,Real
3786,Science,104.0,,7.55,8.0,1.0,0.292,628.0,Fake
3787,Politics,471.0,0.394,7.24,0.0,1.0,0.0,1232.0,Real
3788,Politics,413.0,0.059,4.57,5.0,1.0,0.345,95.0,Fake
3789,Health,270.0,,5.7,2.0,0.0,0.087,677.0,Fake
3790,Entertainment,271.0,-0.982,2.38,6.0,1.0,0.423,72.0,Fake
3791,Technology,270.0,-0.174,3.06,,0.0,0.174,457.0,Fake
3792,Technology,184.0,-0.774,1.41,4.0,0.0,0.271,319.0,Fake
3793,Economy,384.0,0.515,3.1,5.0,0.0,0.275,1796.0,Fake
3794,Politics,336.0,-0.987,1.2,10.0,0.0,,2968.0,Fake
3795,Politics,262.0,-0.739,7.46,3.0,0.0,0.36,66.0,Fake
3796,Politics,79.0,-0.06,2.19,2.0,0.0,0.183,,Fake
3797,Economy,477.0,0.061,7.0,0.0,,0.053,5418.0,Real
3798,,317.0,0.702,4.61,,1.0,0.242,2597.0,Fake
3799,Sports,648.0,0.138,4.03,1.0,0.0,0.322,2390.0,Fake
3800,Science,379.0,-0.506,5.56,2.0,1.0,0.184,3524.0,Fake
3801,Politics,572.0,-0.308,6.16,2.0,1.0,0.116,766.0,Real
3802,Health,441.0,0.182,3.46,2.0,1.0,0.248,362.0,Fake
3803,Economy,462.0,0.169,8.36,1.0,1.0,0.113,249.0,Real
3804,Technology,309.0,-0.159,0.68,3.0,,0.067,814.0,Fake
3805,Politics,805.0,0.212,6.34,1.0,1.0,0.161,1479.0,Real
3806,Health,425.0,0.354,6.47,3.0,1.0,0.312,573.0,Fake
3807,,483.0,0.076,9.68,0.0,1.0,0.177,491.0,Real
3808,Politics,739.0,0.296,6.73,1.0,,0.046,186.0,Real
3809,Technology,632.0,0.025,7.11,2.0,1.0,0.129,802.0,Real
3810,Economy,145.0,0.96,3.95,7.0,,0.124,322.0,Fake
3811,Health,147.0,-0.139,1.99,1.0,0.0,0.35,1232.0,Fake
3812,Health,679.0,,6.05,0.0,1.0,0.127,840.0,Real
3813,Economy,408.0,0.514,3.62,5.0,0.0,0.0,364.0,Fake
3814,Entertainment,279.0,-0.495,3.07,1.0,0.0,0.349,561.0,Fake
3815,Economy,50.0,-0.912,2.88,1.0,0.0,0.384,2075.0,Fake
3816,Entertainment,558.0,-0.488,8.39,0.0,1.0,0.082,489.0,Real
3817,,297.0,-0.732,3.74,7.0,0.0,0.073,3732.0,Fake
3818,Health,356.0,0.936,1.93,4.0,0.0,0.305,309.0,Fake
3819,,724.0,-0.196,6.76,1.0,1.0,0.091,586.0,Real
3820,,90.0,0.948,3.07,4.0,0.0,0.164,259.0,Fake
3821,Politics,484.0,-0.135,8.47,0.0,1.0,0.075,39.0,Real
3822,Entertainment,690.0,-0.108,6.52,0.0,1.0,0.045,480.0,Real
3823,Sports,575.0,0.345,8.1,1.0,1.0,0.078,29.0,Real
3824,Entertainment,312.0,0.524,4.48,3.0,1.0,0.222,62.0,Fake
3825,Sports,554.0,0.46,5.0,0.0,1.0,0.055,1794.0,Real
3826,Technology,544.0,0.269,5.44,2.0,1.0,0.167,421.0,Real
3827,Entertainment,327.0,-0.943,3.14,2.0,0.0,0.179,720.0,Fake
3828,,533.0,0.216,7.91,0.0,1.0,,177.0,Real
3829,Entertainment,407.0,-0.542,3.37,5.0,0.0,0.204,515.0,Fake
3830,Health,391.0,0.724,3.66,2.0,1.0,0.269,38.0,Fake
3831,Politics,,0.058,10.0,1.0,0.0,0.0,995.0,Real
3832,Entertainment,244.0,-0.995,5.28,,0.0,0.132,1209.0,Fake
3833,Technology,769.0,0.434,5.25,0.0,0.0,0.105,163.0,Real
3834,Economy,616.0,-0.469,7.39,,1.0,0.098,673.0,Real
3835,Health,509.0,-0.446,5.83,2.0,1.0,0.16,153.0,Real
3836,Politics,526.0,0.128,4.03,5.0,0.0,0.181,3486.0,Fake
3837,Sports,167.0,0.638,3.79,,1.0,0.392,1469.0,Fake
3838,Entertainment,230.0,,1.08,6.0,0.0,0.095,776.0,Fake
3839,Politics,193.0,-0.333,5.94,1.0,1.0,0.258,994.0,Fake
3840,Economy,564.0,0.408,8.76,1.0,1.0,0.131,313.0,Real
3841,Health,589.0,0.304,7.38,0.0,1.0,0.058,639.0,Real
3842,Politics,105.0,-0.808,5.07,4.0,0.0,0.289,707.0,Fake
3843,Entertainment,198.0,-0.262,2.43,4.0,0.0,0.268,2141.0,Fake
3844,Politics,333.0,0.985,1.81,3.0,0.0,0.324,163.0,Fake
3845,Health,513.0,-0.061,5.45,0.0,1.0,0.129,1351.0,Real
3846,Science,381.0,0.034,5.77,4.0,0.0,0.077,2656.0,Fake
3847,Entertainment,597.0,0.265,5.78,2.0,1.0,0.075,139.0,Real
3848,Entertainment,449.0,-0.052,5.1,1.0,0.0,0.37,2139.0,Fake
3849,Technology,585.0,,7.52,0.0,1.0,0.049,194.0,Real
3850,Entertainment,56.0,-0.196,5.89,7.0,1.0,0.116,517.0,Fake
3851,Entertainment,338.0,0.187,4.56,6.0,0.0,0.559,729.0,Fake
3852,Health,202.0,-0.838,3.17,5.0,0.0,0.233,,Fake
3853,Science,,-0.268,8.75,2.0,1.0,0.022,1286.0,Real
3854,Science,,-0.307,3.53,2.0,0.0,0.141,128.0,Fake
3855,Science,424.0,0.266,7.75,3.0,1.0,0.17,56.0,Real
3856,Technology,168.0,0.361,3.51,2.0,0.0,0.186,2317.0,Fake
3857,Health,258.0,0.134,1.43,5.0,1.0,0.207,1299.0,Fake
3858,Health,311.0,0.16,7.06,0.0,0.0,0.289,1364.0,Fake
3859,Economy,96.0,0.649,3.45,3.0,0.0,0.131,5.0,Fake
3860,Entertainment,279.0,-0.937,1.98,3.0,1.0,0.219,852.0,Fake
3861,Entertainment,517.0,-0.088,7.7,,1.0,0.056,1063.0,Real
3862,Politics,319.0,-0.59,3.81,9.0,0.0,0.208,285.0,Fake
3863,Entertainment,474.0,0.718,2.75,2.0,1.0,0.164,765.0,Fake
3864,Sports,,,6.59,0.0,,0.037,851.0,Real
3865,Entertainment,141.0,-0.359,5.91,7.0,,0.144,651.0,Fake
3866,,156.0,0.058,1.15,5.0,0.0,0.247,312.0,Fake
3867,Health,410.0,0.293,7.07,0.0,1.0,0.091,420.0,Real
3868,Economy,579.0,0.266,8.28,0.0,1.0,0.106,699.0,Real
3869,Technology,696.0,0.269,5.16,2.0,1.0,0.07,1618.0,Real
3870,Health,728.0,0.208,,0.0,1.0,0.192,1213.0,Real
3871,,,0.232,2.62,1.0,0.0,0.184,,Fake
3872,Politics,493.0,0.251,1.71,3.0,1.0,0.24,1891.0,Fake
3873,Entertainment,580.0,0.484,9.73,1.0,1.0,0.07,,Real
3874,Technology,354.0,0.394,7.36,1.0,1.0,0.17,2035.0,Real
3875,Health,214.0,-0.549,6.74,7.0,1.0,0.17,38.0,Fake
3876,Health,530.0,0.288,4.19,7.0,0.0,0.504,5398.0,Fake
3877,Health,521.0,-0.318,6.21,1.0,1.0,0.043,295.0,Real
3878,Sports,485.0,,7.72,0.0,1.0,0.065,894.0,Real
3879,Sports,289.0,-0.509,1.13,1.0,0.0,0.176,1971.0,Fake
3880,Health,486.0,0.842,2.57,5.0,0.0,0.227,522.0,Fake
3881,Politics,485.0,-0.455,,0.0,1.0,0.125,2679.0,Real
3882,Entertainment,379.0,0.547,3.88,7.0,0.0,0.295,,Fake
3883,Health,350.0,-0.265,3.46,,1.0,0.234,1545.0,Fake
3884,Politics,321.0,0.785,1.87,,0.0,0.287,301.0,Fake
3885,Health,341.0,-0.837,2.76,8.0,1.0,0.244,499.0,Fake
3886,Politics,132.0,-0.82,1.9,5.0,1.0,0.201,1402.0,Fake
3887,Technology,502.0,-0.073,7.85,0.0,,0.06,585.0,Real
3888,Politics,451.0,0.777,2.54,8.0,0.0,0.269,2449.0,Fake
3889,Technology,413.0,-0.299,5.04,,1.0,0.0,,Real
3890,Sports,796.0,-0.248,8.02,1.0,1.0,0.174,,Real
3891,Economy,201.0,,3.68,4.0,1.0,0.3,,Fake
3892,Entertainment,447.0,0.312,8.28,0.0,1.0,,787.0,Real
3893,Technology,454.0,-0.095,2.73,3.0,0.0,0.192,,Fake
3894,Technology,161.0,-0.927,2.05,12.0,0.0,0.378,151.0,Fake
3895,Politics,427.0,-0.806,5.18,5.0,,,,Fake
3896,,591.0,-0.088,5.57,0.0,1.0,0.099,393.0,Real
3897,,347.0,-0.342,8.79,0.0,1.0,0.0,532.0,Real
3898,Science,623.0,0.23,6.57,1.0,1.0,0.145,1366.0,Real
3899,Technology,317.0,-0.589,1.76,5.0,0.0,0.216,274.0,Fake
3900,Sports,435.0,,3.99,9.0,0.0,0.189,1323.0,Fake
3901,Technology,351.0,0.134,,5.0,1.0,0.325,1479.0,Fake
3902,Economy,342.0,-0.63,2.09,4.0,1.0,0.15,202.0,Fake
3903,Economy,323.0,0.286,2.36,10.0,1.0,0.365,410.0,Fake
3904,Politics,468.0,0.194,,3.0,0.0,0.194,24.0,Fake
3905,Entertainment,339.0,0.992,4.84,4.0,1.0,,619.0,Fake
3906,Health,526.0,0.259,7.43,0.0,1.0,,613.0,Real
3907,Entertainment,576.0,-0.376,8.03,1.0,1.0,0.036,407.0,Real
3908,Technology,544.0,0.236,5.82,5.0,1.0,0.173,1540.0,Real
3909,Health,90.0,-0.932,,6.0,0.0,0.304,3779.0,Fake
3910,Science,448.0,-0.362,5.54,0.0,0.0,0.124,453.0,Real
3911,Politics,300.0,-0.574,1.98,3.0,0.0,0.262,575.0,Fake
3912,Politics,353.0,0.12,7.08,2.0,1.0,0.056,690.0,Real
3913,Entertainment,203.0,-0.482,4.94,6.0,0.0,0.299,81.0,Fake
3914,Politics,540.0,-0.173,6.57,0.0,1.0,0.141,62.0,Real
3915,Health,671.0,-0.21,6.24,1.0,1.0,0.096,,Real
3916,Entertainment,126.0,-0.08,1.23,9.0,0.0,0.287,342.0,Fake
3917,Technology,257.0,-0.558,7.86,7.0,1.0,0.119,243.0,Fake
3918,Economy,200.0,0.867,4.17,5.0,1.0,0.202,856.0,Fake
3919,Sports,,-0.021,2.71,5.0,0.0,0.415,574.0,Fake
3920,Entertainment,466.0,-0.338,6.23,,1.0,0.073,13.0,Real
3921,Politics,439.0,0.02,5.24,3.0,,0.182,1441.0,Fake
3922,Health,193.0,,5.2,5.0,1.0,0.154,153.0,Fake
3923,Politics,761.0,0.35,5.95,1.0,1.0,0.089,1528.0,Real
3924,Entertainment,487.0,0.545,0.94,4.0,1.0,0.291,3602.0,Fake
3925,Health,538.0,-0.395,10.0,1.0,1.0,0.047,230.0,Real
3926,Health,328.0,-0.477,5.25,,1.0,0.189,1153.0,Fake
3927,Technology,373.0,,2.36,4.0,0.0,0.224,1357.0,Fake
3928,Technology,253.0,-0.636,4.6,6.0,1.0,0.271,3271.0,Fake
3929,Entertainment,132.0,-0.363,6.26,8.0,0.0,0.266,406.0,Fake
3930,Economy,403.0,-0.359,2.66,6.0,1.0,0.179,397.0,Fake
3931,Entertainment,86.0,-0.398,5.12,4.0,0.0,0.108,1746.0,Fake
3932,Sports,684.0,0.075,6.61,2.0,1.0,0.123,1882.0,Real
3933,,596.0,-0.127,,1.0,1.0,0.019,448.0,Real
3934,Politics,351.0,0.463,6.23,0.0,1.0,0.058,,Real
3935,Health,383.0,0.488,4.06,6.0,1.0,0.374,820.0,Fake
3936,Economy,50.0,,3.96,8.0,0.0,0.236,1192.0,Fake
3937,Science,454.0,0.387,7.77,0.0,1.0,0.084,,Real
3938,Health,614.0,0.449,6.87,0.0,1.0,0.038,1783.0,Real
3939,Technology,688.0,-0.294,5.32,0.0,1.0,,888.0,Real
3940,Entertainment,310.0,0.091,5.77,2.0,1.0,0.154,490.0,Real
3941,,265.0,-0.755,4.68,6.0,0.0,,378.0,Fake
3942,Health,558.0,-0.385,9.27,1.0,1.0,0.094,87.0,Real
3943,Health,,-0.123,3.21,,0.0,0.319,2212.0,Fake
3944,Politics,830.0,-0.495,6.84,2.0,1.0,0.036,,Real
3945,Technology,183.0,0.502,5.46,9.0,1.0,0.358,334.0,Fake
3946,Health,121.0,0.949,3.13,7.0,1.0,0.208,1794.0,Fake
3947,Health,558.0,0.296,,1.0,1.0,0.096,553.0,Real
3948,Politics,673.0,-0.403,6.35,0.0,1.0,0.165,510.0,Real
3949,Entertainment,238.0,-0.403,3.06,4.0,0.0,0.117,,Fake
3950,Health,451.0,-0.127,7.8,1.0,1.0,,384.0,Real
3951,Entertainment,,-0.277,7.77,2.0,0.0,0.032,855.0,Real
3952,Science,592.0,0.216,5.22,0.0,1.0,0.089,285.0,Real
3953,Science,423.0,0.334,8.76,0.0,1.0,0.016,,Real
3954,Entertainment,366.0,,6.55,,1.0,0.052,610.0,Real
3955,Technology,684.0,,6.71,0.0,,0.148,431.0,Real
3956,Entertainment,438.0,0.307,,,1.0,0.122,192.0,Real
3957,Science,414.0,0.018,5.03,2.0,1.0,0.334,61.0,Fake
3958,Technology,570.0,0.322,3.08,6.0,0.0,0.255,456.0,Fake
3959,Health,529.0,-0.384,8.87,0.0,1.0,0.001,60.0,Real
3960,Politics,209.0,-0.36,4.75,5.0,0.0,0.161,749.0,Fake
3961,Health,204.0,0.427,,6.0,1.0,0.274,3037.0,Fake
3962,,666.0,-0.433,,2.0,1.0,,1146.0,Real
3963,Politics,252.0,0.615,2.1,5.0,0.0,0.407,3466.0,Fake
3964,Politics,419.0,-0.098,2.22,,1.0,0.212,561.0,Fake
3965,Health,626.0,,,0.0,1.0,0.118,1584.0,Real
3966,Entertainment,289.0,0.185,3.58,6.0,0.0,0.453,807.0,Fake
3967,Health,405.0,0.077,3.3,5.0,1.0,0.27,3838.0,Fake
3968,Entertainment,458.0,-0.018,4.29,4.0,0.0,0.379,865.0,Fake
3969,,484.0,0.124,8.88,,1.0,0.071,631.0,Real
3970,Sports,375.0,0.78,5.37,,0.0,0.289,,Fake
3971,Politics,527.0,-0.227,7.3,0.0,0.0,0.011,372.0,Real
3972,Sports,327.0,0.071,4.51,7.0,0.0,0.0,336.0,Fake
3973,Politics,151.0,0.697,2.11,8.0,0.0,0.255,221.0,Fake
3974,Economy,531.0,-0.39,5.54,2.0,1.0,,1156.0,Real
3975,Politics,83.0,0.121,7.3,5.0,1.0,0.125,2958.0,Fake
3976,Health,334.0,0.905,2.34,5.0,1.0,0.276,2843.0,Fake
3977,Politics,385.0,-0.564,3.42,5.0,0.0,0.336,991.0,Fake
3978,Politics,304.0,0.376,3.24,,0.0,0.2,2535.0,Fake
3979,Entertainment,209.0,,1.17,3.0,1.0,0.276,2008.0,Fake
3980,,320.0,-0.569,3.24,,0.0,0.244,2063.0,Fake
3981,Health,639.0,0.192,10.0,1.0,1.0,0.095,1668.0,Real
3982,Technology,344.0,-0.71,1.35,3.0,0.0,0.225,,Fake
3983,Technology,604.0,0.244,8.06,0.0,1.0,0.0,558.0,Real
3984,Politics,530.0,-0.499,6.62,0.0,1.0,0.126,113.0,Real
3985,Politics,881.0,0.337,8.66,0.0,1.0,0.073,116.0,Real
3986,,417.0,-0.981,,5.0,0.0,0.265,2926.0,Fake
3987,Technology,573.0,-0.21,8.18,1.0,0.0,0.094,324.0,Real
3988,,526.0,,,0.0,,0.02,,Real
3989,Sports,,-0.032,8.03,0.0,1.0,0.171,508.0,Real
3990,,627.0,-0.154,7.54,,1.0,0.094,2093.0,Real
3991,Economy,435.0,0.352,8.17,0.0,1.0,0.088,1290.0,Real
3992,Entertainment,465.0,0.299,4.53,,0.0,0.204,791.0,Fake
3993,Politics,854.0,-0.446,5.44,1.0,1.0,0.05,1577.0,Real
3994,,364.0,-0.889,,6.0,0.0,0.396,2829.0,Fake
3995,Technology,907.0,0.368,6.29,,1.0,0.046,313.0,Real
3996,Economy,247.0,-0.301,2.48,3.0,0.0,0.309,147.0,Fake
3997,Health,842.0,-0.413,7.91,1.0,1.0,,364.0,Real
3998,Economy,383.0,,1.98,7.0,1.0,0.452,336.0,Fake
3999,Politics,442.0,0.696,,6.0,0.0,0.111,3212.0,Fake
4000,Entertainment,305.0,,9.93,1.0,1.0,0.114,82.0,Real
4001,Politics,472.0,-0.385,,0.0,1.0,0.109,151.0,Real
4002,Health,246.0,0.785,3.16,6.0,1.0,0.331,1085.0,Fake
4003,Politics,294.0,0.125,2.2,,1.0,0.371,1268.0,Fake
4004,Health,438.0,-0.076,6.21,4.0,0.0,0.162,395.0,Fake
4005,Technology,51.0,0.849,3.03,,0.0,0.292,,Fake
4006,Technology,622.0,-0.186,5.38,0.0,1.0,0.089,1268.0,Real
4007,Entertainment,160.0,-0.771,2.13,9.0,0.0,,53.0,Fake
4008,Health,745.0,0.157,8.57,1.0,1.0,0.0,615.0,Real
4009,Science,497.0,0.047,6.19,0.0,1.0,0.095,114.0,Real
4010,Politics,425.0,0.223,6.43,,0.0,0.434,1271.0,Fake
4011,Health,255.0,-0.753,3.11,2.0,1.0,0.28,827.0,Fake
4012,Sports,465.0,-0.854,,2.0,0.0,0.259,10788.0,Fake
4013,Entertainment,206.0,-0.15,5.26,,0.0,0.141,1317.0,Fake
4014,Sports,432.0,-0.2,4.28,5.0,1.0,0.164,2132.0,Fake
4015,Health,,-0.234,1.97,3.0,0.0,0.134,76.0,Fake
4016,Health,400.0,0.995,3.63,4.0,0.0,0.25,693.0,Fake
4017,Politics,517.0,-0.574,3.6,3.0,0.0,0.087,232.0,Fake
4018,Health,585.0,0.355,10.0,1.0,1.0,0.064,1566.0,Real
4019,Technology,432.0,-0.309,4.22,,0.0,0.256,,Fake
4020,Health,510.0,-0.361,6.8,1.0,1.0,0.19,520.0,Real
4021,Entertainment,456.0,-0.368,4.76,0.0,1.0,0.053,153.0,Real
4022,Sports,836.0,-0.254,8.5,0.0,1.0,0.1,286.0,Real
4023,Sports,232.0,0.909,,4.0,1.0,0.262,28.0,Fake
4024,Sports,637.0,0.478,6.28,1.0,1.0,0.101,81.0,Real
4025,,352.0,-0.496,5.51,3.0,1.0,0.104,610.0,Real
4026,Health,298.0,-0.37,3.05,3.0,0.0,0.124,7559.0,Fake
4027,Entertainment,618.0,0.35,4.98,3.0,0.0,0.008,79.0,Real
4028,Sports,382.0,-0.254,5.46,0.0,1.0,0.08,288.0,Real
4029,Economy,645.0,0.054,5.37,1.0,1.0,0.064,342.0,Real
4030,Politics,212.0,0.461,3.98,4.0,1.0,0.207,1655.0,Fake
4031,Sports,,-0.156,8.52,0.0,1.0,0.105,845.0,Real
4032,Politics,499.0,0.231,2.17,4.0,0.0,0.24,925.0,Fake
4033,Politics,404.0,-0.36,4.96,2.0,1.0,0.206,5171.0,Fake
4034,Technology,432.0,0.406,8.02,0.0,0.0,0.108,213.0,Real
4035,Health,720.0,0.383,5.44,2.0,1.0,0.0,480.0,Real
4036,Sports,379.0,0.644,5.55,2.0,0.0,,1045.0,Fake
4037,Technology,768.0,0.378,6.43,1.0,1.0,0.089,216.0,Real
4038,Science,336.0,-0.168,4.55,4.0,0.0,,2044.0,Fake
4039,Health,390.0,0.799,3.48,5.0,1.0,,2254.0,Fake
4040,Technology,388.0,0.145,5.75,1.0,0.0,0.12,2396.0,Real
4041,Technology,378.0,-0.67,2.87,5.0,0.0,0.219,678.0,Fake
4042,Technology,348.0,0.551,1.12,0.0,0.0,0.114,1922.0,Fake
4043,Science,316.0,-0.936,,6.0,0.0,0.191,3070.0,Fake
4044,Economy,567.0,-0.128,10.0,0.0,1.0,0.102,93.0,Real
4045,Entertainment,750.0,0.088,6.78,0.0,1.0,0.09,2825.0,Real
4046,Entertainment,358.0,0.221,3.24,3.0,1.0,0.207,179.0,Fake
4047,Technology,252.0,-0.056,2.56,3.0,0.0,0.383,1174.0,Fake
4048,Entertainment,463.0,-0.03,10.0,1.0,1.0,,1692.0,Real
4049,Science,678.0,-0.231,6.97,,1.0,0.066,975.0,Real
4050,Technology,378.0,0.039,4.72,3.0,0.0,0.161,1264.0,Fake
4051,,359.0,0.284,3.69,4.0,0.0,0.228,2133.0,Fake
4052,Technology,,-0.739,3.11,5.0,0.0,0.199,1367.0,Fake
4053,Entertainment,50.0,-0.187,3.43,1.0,0.0,0.242,1029.0,Fake
4054,Entertainment,640.0,0.045,5.85,0.0,1.0,0.132,730.0,Real
4055,Entertainment,477.0,-0.719,2.75,7.0,0.0,0.424,405.0,Fake
4056,Health,294.0,0.016,4.87,6.0,,0.274,2540.0,Fake
4057,Politics,321.0,0.006,6.4,2.0,1.0,0.0,331.0,Real
4058,Politics,339.0,0.646,4.88,4.0,1.0,0.191,1697.0,Fake
4059,Entertainment,657.0,0.037,6.94,0.0,1.0,0.119,222.0,Real
4060,Politics,269.0,0.583,3.45,6.0,0.0,0.327,1120.0,Fake
4061,Politics,219.0,-0.545,5.33,6.0,0.0,0.255,1216.0,Fake
4062,Entertainment,599.0,0.134,6.92,0.0,1.0,0.089,842.0,Real
4063,Entertainment,652.0,,7.52,1.0,1.0,0.098,200.0,Real
4064,Health,576.0,0.053,6.72,2.0,1.0,0.114,1236.0,Real
4065,Health,355.0,-0.704,3.29,3.0,0.0,0.214,173.0,Fake
4066,Politics,438.0,0.907,0.76,1.0,1.0,0.194,1093.0,Fake
4067,Health,569.0,-0.091,2.43,2.0,0.0,0.334,2785.0,Fake
4068,Politics,415.0,,7.49,1.0,1.0,0.065,484.0,Real
4069,Technology,370.0,0.721,1.91,5.0,1.0,0.152,1149.0,Fake
4070,Entertainment,544.0,-0.309,7.77,1.0,,,778.0,Real
4071,Health,400.0,0.412,5.34,1.0,1.0,0.107,858.0,Real
4072,,238.0,-0.801,1.48,4.0,0.0,0.305,95.0,Fake
4073,Technology,352.0,-0.997,4.87,3.0,1.0,0.164,,Fake
4074,Entertainment,713.0,0.35,8.49,1.0,1.0,0.123,314.0,Real
4075,Health,588.0,0.167,6.22,4.0,1.0,0.078,801.0,Real
4076,Health,449.0,-0.151,8.84,1.0,1.0,0.16,1371.0,Real
4077,Science,397.0,0.259,7.48,2.0,0.0,0.273,19.0,Fake
4078,Entertainment,324.0,0.634,2.92,6.0,1.0,0.308,6403.0,Fake
4079,Politics,549.0,-0.695,1.76,4.0,,0.29,3529.0,Fake
4080,Sports,395.0,0.943,4.82,4.0,0.0,0.361,2839.0,Fake
4081,Health,636.0,-0.403,,2.0,1.0,0.093,864.0,Real
4082,Sports,,-0.22,8.93,3.0,1.0,0.076,3.0,Real
4083,Entertainment,395.0,0.929,3.61,3.0,0.0,0.299,664.0,Fake
4084,Politics,598.0,-0.443,5.96,0.0,1.0,0.051,949.0,Real
4085,,336.0,0.018,5.28,9.0,1.0,0.085,89.0,Fake
4086,Health,198.0,-0.756,,4.0,,0.166,536.0,Fake
4087,Sports,611.0,-0.167,7.65,0.0,1.0,0.054,587.0,Real
4088,Entertainment,50.0,-0.046,1.97,4.0,1.0,0.458,3179.0,Fake
4089,Entertainment,400.0,0.571,,7.0,1.0,0.309,851.0,Fake
4090,Science,503.0,-0.074,7.81,0.0,1.0,0.141,165.0,Real
4091,Sports,244.0,-0.526,3.52,5.0,1.0,0.298,2690.0,Fake
4092,,193.0,0.065,6.42,6.0,,0.404,,Fake
4093,Politics,1001.0,-0.494,7.05,0.0,1.0,0.026,392.0,Real
4094,Politics,570.0,0.028,6.66,0.0,0.0,0.039,,Real
4095,Technology,621.0,0.072,,0.0,1.0,0.062,629.0,Real
4096,Entertainment,160.0,-0.867,5.27,8.0,0.0,0.22,2473.0,Fake
4097,Politics,372.0,-0.837,4.87,2.0,,0.312,815.0,Fake
4098,Politics,,-0.366,7.17,0.0,,0.082,1226.0,Real
4099,Sports,,-0.429,6.52,3.0,1.0,0.205,452.0,Fake
4100,Science,309.0,0.342,2.32,2.0,0.0,0.136,4667.0,Fake
4101,Health,573.0,-0.075,7.19,0.0,0.0,0.068,827.0,Real
4102,Technology,627.0,0.42,8.47,3.0,0.0,0.026,303.0,Real
4103,Entertainment,663.0,-0.154,6.64,2.0,1.0,0.029,231.0,Real
4104,Entertainment,200.0,0.593,,3.0,0.0,0.289,500.0,Fake
4105,Entertainment,487.0,-0.194,7.01,1.0,1.0,0.133,88.0,Real
4106,Health,519.0,-0.461,8.17,1.0,1.0,0.09,661.0,Real
4107,Entertainment,653.0,0.466,6.78,2.0,1.0,0.148,3171.0,Real
4108,Economy,497.0,-0.251,6.09,0.0,1.0,0.111,5551.0,Real
4109,Sports,581.0,0.417,8.42,1.0,1.0,0.082,1029.0,Real
4110,Technology,312.0,0.301,6.13,4.0,1.0,0.293,263.0,Fake
4111,Politics,394.0,-0.42,3.74,,0.0,0.051,1904.0,Fake
4112,Entertainment,634.0,-0.292,,0.0,1.0,0.095,,Real
4113,Health,378.0,-0.547,2.42,2.0,1.0,0.174,459.0,Fake
4114,Politics,473.0,0.054,8.2,1.0,1.0,0.133,623.0,Real
4115,Politics,375.0,0.889,,0.0,,0.355,58.0,Fake
4116,Technology,302.0,-0.016,4.99,8.0,0.0,0.243,3207.0,Fake
4117,Politics,756.0,0.135,7.89,3.0,1.0,0.155,726.0,Real
4118,,245.0,0.988,5.09,4.0,0.0,0.199,956.0,Fake
4119,Politics,50.0,,4.62,2.0,0.0,0.306,5932.0,Fake
4120,Health,412.0,0.065,4.08,6.0,1.0,0.207,2449.0,Fake
4121,Economy,456.0,,,1.0,1.0,0.173,2010.0,Real
4122,Politics,486.0,-0.33,,5.0,0.0,0.063,2179.0,Fake
4123,Health,477.0,0.343,6.83,,1.0,0.145,897.0,Real
4124,Politics,201.0,-0.356,5.67,0.0,0.0,0.053,215.0,Real
4125,Health,597.0,0.061,,1.0,1.0,0.104,302.0,Real
4126,Science,296.0,-0.986,3.89,4.0,0.0,0.29,2334.0,Fake
4127,Technology,712.0,-0.139,8.52,,1.0,0.176,446.0,Real
4128,Technology,493.0,-0.374,6.34,2.0,0.0,0.0,552.0,Real
4129,Economy,331.0,,3.67,4.0,0.0,0.246,2690.0,Fake
4130,Economy,270.0,-0.884,5.08,3.0,1.0,0.095,633.0,Fake
4131,Entertainment,71.0,-0.085,3.26,5.0,0.0,0.371,,Fake
4132,Sports,350.0,-0.093,4.65,4.0,1.0,0.227,349.0,Fake
4133,Health,280.0,-0.415,2.78,2.0,0.0,0.273,492.0,Fake
4134,Entertainment,646.0,0.084,8.0,1.0,1.0,0.056,235.0,Real
4135,Health,468.0,-0.172,5.45,0.0,1.0,0.082,336.0,Real
4136,Health,321.0,-0.509,2.79,6.0,0.0,0.154,798.0,Fake
4137,Entertainment,513.0,-0.287,,,1.0,0.16,306.0,Real
4138,Politics,421.0,0.163,1.62,7.0,1.0,,5116.0,Fake
4139,Entertainment,594.0,-0.219,6.83,1.0,0.0,0.055,,Real
4140,Politics,502.0,-0.106,8.33,1.0,1.0,0.037,1746.0,Real
4141,Health,644.0,-0.068,4.96,0.0,0.0,0.028,378.0,Real
4142,Economy,573.0,-0.313,5.94,3.0,1.0,0.101,20.0,Real
4143,Entertainment,412.0,-0.541,2.91,9.0,0.0,,455.0,Fake
4144,Science,578.0,-0.257,3.66,0.0,1.0,0.129,844.0,Real
4145,Economy,374.0,0.349,7.13,2.0,1.0,,736.0,Real
4146,Health,298.0,0.243,,1.0,1.0,0.092,356.0,Real
4147,Health,385.0,0.902,2.77,5.0,1.0,0.177,770.0,Fake
4148,Technology,130.0,0.323,5.97,,0.0,,1124.0,Real
4149,Health,202.0,-0.824,3.75,3.0,1.0,0.136,572.0,Fake
4150,Technology,151.0,0.109,2.83,3.0,1.0,0.131,657.0,Fake
4151,Entertainment,366.0,0.103,6.93,0.0,0.0,0.019,140.0,Real
4152,Entertainment,,0.058,5.14,0.0,0.0,0.131,375.0,Real
4153,Technology,443.0,0.122,2.96,8.0,0.0,0.317,3326.0,Fake
4154,Politics,474.0,0.744,4.28,4.0,1.0,0.255,6731.0,Fake
4155,Technology,188.0,-0.535,0.69,6.0,1.0,0.253,305.0,Fake
4156,Politics,348.0,-0.643,1.23,1.0,0.0,0.283,,Fake
4157,Sports,266.0,0.389,3.16,8.0,,0.255,653.0,Fake
4158,Health,455.0,-0.312,8.97,1.0,1.0,0.106,99.0,Real
4159,Economy,416.0,0.212,8.22,0.0,1.0,0.097,867.0,Real
4160,Technology,335.0,0.425,2.28,8.0,1.0,0.344,1385.0,Fake
4161,Economy,334.0,-0.96,2.06,2.0,0.0,0.151,825.0,Fake
4162,Entertainment,540.0,-0.164,5.61,0.0,1.0,0.123,1570.0,Real
4163,,550.0,-0.111,8.26,0.0,1.0,,1154.0,Real
4164,Economy,365.0,-0.174,8.52,2.0,1.0,0.094,,Real
4165,Health,494.0,0.274,8.94,1.0,,0.082,2377.0,Real
4166,Politics,263.0,-0.051,3.77,3.0,1.0,0.412,2334.0,Fake
4167,Entertainment,763.0,-0.433,7.88,1.0,1.0,0.024,709.0,Real
4168,Politics,555.0,-0.268,6.47,1.0,1.0,0.0,907.0,Real
4169,,673.0,0.432,,2.0,1.0,0.034,325.0,Real
4170,Technology,641.0,0.11,8.29,,1.0,,178.0,Real
4171,Technology,310.0,0.039,4.08,9.0,0.0,0.105,367.0,Fake
4172,Sports,435.0,-0.805,4.25,4.0,1.0,0.261,2313.0,Fake
4173,Entertainment,687.0,0.455,7.27,1.0,1.0,0.033,846.0,Real
4174,Health,611.0,0.241,10.0,0.0,1.0,0.046,749.0,Real
4175,Entertainment,611.0,0.354,5.3,4.0,1.0,,662.0,Real
4176,Politics,774.0,0.251,5.85,2.0,1.0,0.062,42.0,Real
4177,Economy,247.0,,4.11,4.0,0.0,0.283,2203.0,Fake
4178,Entertainment,102.0,0.88,0.41,5.0,1.0,0.441,1037.0,Fake
4179,Sports,176.0,0.037,3.59,3.0,1.0,0.441,1707.0,Fake
4180,,500.0,0.37,7.18,0.0,1.0,0.038,2254.0,Real
4181,Health,403.0,-0.419,,0.0,1.0,0.0,653.0,Real
4182,Health,391.0,0.738,2.14,5.0,0.0,0.587,1229.0,Fake
4183,Sports,321.0,-0.34,6.08,3.0,,0.324,58.0,Fake
4184,Politics,220.0,0.447,5.62,3.0,0.0,0.243,2331.0,Fake
4185,Health,355.0,-0.882,4.59,6.0,0.0,0.154,1182.0,Fake
4186,Sports,313.0,-0.756,,0.0,1.0,0.403,632.0,Fake
4187,Sports,387.0,0.772,2.63,3.0,1.0,0.3,801.0,Fake
4188,Politics,545.0,-0.256,7.6,,1.0,0.047,310.0,Real
4189,Politics,643.0,0.155,,0.0,1.0,0.138,,Real
4190,Health,744.0,-0.003,5.88,2.0,1.0,0.091,58.0,Real
4191,Politics,575.0,0.188,7.46,1.0,1.0,0.056,250.0,Real
4192,Health,,0.078,6.48,,1.0,0.054,544.0,Real
4193,Technology,619.0,-0.486,6.33,0.0,1.0,0.09,87.0,Real
4194,Politics,641.0,0.488,4.96,3.0,1.0,0.024,1429.0,Real
4195,Economy,232.0,0.715,,4.0,0.0,0.276,662.0,Fake
4196,Entertainment,,-0.265,7.25,1.0,0.0,0.043,716.0,Real
4197,Entertainment,626.0,-0.241,6.53,0.0,0.0,0.109,342.0,Real
4198,Entertainment,605.0,-0.152,8.15,2.0,1.0,0.082,675.0,Real
4199,Health,413.0,-0.392,,3.0,1.0,0.202,2728.0,Fake
4200,Politics,245.0,0.398,2.15,5.0,1.0,0.304,,Fake
4201,Technology,864.0,-0.207,8.73,0.0,0.0,0.045,158.0,Real
4202,Sports,387.0,-0.568,4.99,4.0,0.0,0.304,676.0,Fake
4203,Politics,448.0,0.474,0.89,7.0,0.0,0.218,517.0,Fake
4204,Entertainment,138.0,0.548,2.53,0.0,0.0,0.0,146.0,Fake
4205,Politics,226.0,0.413,3.55,7.0,0.0,0.117,1738.0,Fake
4206,Technology,344.0,0.664,4.43,3.0,1.0,,744.0,Fake
4207,Economy,303.0,-0.345,1.92,4.0,1.0,0.334,419.0,Fake
4208,Politics,661.0,0.108,7.28,0.0,1.0,0.029,844.0,Real
4209,Sports,268.0,0.423,6.97,0.0,1.0,0.141,404.0,Real
4210,Health,627.0,-0.456,3.37,7.0,1.0,0.296,146.0,Fake
4211,Sports,375.0,,2.89,4.0,1.0,0.235,1078.0,Fake
4212,Science,,-0.042,0.8,6.0,0.0,0.136,2490.0,Fake
4213,Entertainment,910.0,0.208,8.57,0.0,1.0,0.112,2005.0,Real
4214,Politics,,0.096,7.83,1.0,1.0,0.072,,Real
4215,Politics,642.0,-0.011,6.55,0.0,1.0,,77.0,Real
4216,Politics,575.0,-0.028,4.6,3.0,1.0,0.242,1053.0,Fake
4217,Technology,360.0,-0.718,2.6,4.0,0.0,0.232,317.0,Fake
4218,Politics,285.0,0.78,4.01,6.0,0.0,0.327,950.0,Fake
4219,Economy,192.0,0.196,1.71,3.0,0.0,0.157,1643.0,Fake
4220,Entertainment,247.0,-0.28,5.44,5.0,0.0,0.223,1361.0,Fake
4221,Technology,444.0,0.369,9.34,1.0,1.0,0.099,,Real
4222,Economy,561.0,-0.689,4.52,6.0,,0.173,1562.0,Fake
4223,Politics,318.0,-0.007,5.0,5.0,0.0,0.085,135.0,Fake
4224,Politics,323.0,-0.898,4.77,4.0,0.0,0.263,2298.0,Fake
4225,Sports,356.0,0.344,6.63,2.0,1.0,0.097,264.0,Real
4226,Entertainment,165.0,-0.037,1.32,7.0,0.0,0.366,543.0,Fake
4227,Technology,575.0,-0.173,8.25,0.0,1.0,0.157,177.0,Real
4228,Health,482.0,-0.329,7.63,0.0,0.0,,102.0,Real
4229,Entertainment,353.0,-0.899,1.89,1.0,0.0,0.302,2724.0,Fake
4230,Health,417.0,0.185,,,1.0,0.095,,Real
4231,,115.0,,1.4,1.0,0.0,0.232,2984.0,Fake
4232,Technology,625.0,0.155,,1.0,1.0,0.067,1141.0,Real
4233,Entertainment,807.0,,5.66,,,0.004,1334.0,Real
4234,Science,238.0,0.445,3.48,7.0,,0.116,,Fake
4235,Sports,575.0,0.368,5.25,,0.0,0.407,1012.0,Fake
4236,Entertainment,395.0,-0.799,,5.0,0.0,0.282,,Fake
4237,Health,942.0,-0.401,8.8,1.0,1.0,0.141,273.0,Real
4238,Science,322.0,0.104,7.18,1.0,1.0,0.166,176.0,Real
4239,Politics,,0.039,8.28,0.0,1.0,0.19,228.0,Real
4240,Sports,428.0,0.655,2.22,,1.0,0.185,1310.0,Fake
4241,Entertainment,50.0,-0.084,2.05,9.0,1.0,0.347,631.0,Fake
4242,Health,309.0,0.977,1.5,9.0,1.0,0.124,1761.0,Fake
4243,Technology,573.0,-0.209,6.71,3.0,1.0,,285.0,Real
4244,Economy,691.0,-0.055,7.19,2.0,1.0,0.205,235.0,Real
4245,Politics,128.0,0.931,3.03,5.0,0.0,0.201,1044.0,Fake
4246,Entertainment,253.0,0.088,4.31,3.0,1.0,0.354,2712.0,Fake
4247,Economy,291.0,-0.177,3.18,6.0,,0.406,437.0,Fake
4248,Entertainment,235.0,-0.665,4.07,6.0,1.0,0.35,590.0,Fake
4249,Economy,479.0,0.125,7.54,1.0,1.0,0.037,314.0,Real
4250,Health,302.0,0.484,5.61,6.0,1.0,0.206,1952.0,Fake
4251,Sports,470.0,-0.426,8.68,0.0,1.0,0.018,107.0,Real
4252,Politics,345.0,0.357,4.22,,0.0,0.167,755.0,Fake
4253,Politics,358.0,0.769,5.32,,0.0,0.337,,Fake
4254,Politics,417.0,-0.635,3.5,4.0,1.0,,3859.0,Fake
4255,Technology,267.0,-0.785,2.0,3.0,0.0,0.112,705.0,Fake
4256,Entertainment,496.0,0.438,7.41,1.0,1.0,0.047,236.0,Real
4257,Technology,177.0,-0.119,5.22,7.0,1.0,0.348,1288.0,Fake
4258,Health,628.0,-0.249,7.57,1.0,1.0,0.004,282.0,Real
4259,Entertainment,350.0,-0.192,5.18,3.0,0.0,0.349,,Fake
4260,Politics,367.0,0.182,1.61,,1.0,0.293,2514.0,Fake
4261,Entertainment,651.0,-0.226,,1.0,1.0,0.116,233.0,Real
4262,Economy,228.0,0.374,3.45,,0.0,0.23,,Fake
4263,Health,519.0,0.243,7.78,1.0,1.0,0.0,732.0,Real
4264,Politics,559.0,-0.005,9.26,1.0,1.0,0.048,151.0,Real
4265,Politics,726.0,0.402,8.97,1.0,1.0,0.112,4397.0,Real
4266,Sports,201.0,,1.13,5.0,0.0,0.201,112.0,Fake
4267,Sports,580.0,0.413,4.62,0.0,0.0,0.176,511.0,Real
4268,,423.0,,6.37,5.0,0.0,0.205,,Fake
4269,Technology,357.0,-0.417,3.04,1.0,0.0,0.471,299.0,Fake
4270,Technology,301.0,0.127,6.9,2.0,1.0,0.093,1192.0,Real
4271,Technology,467.0,0.741,4.07,5.0,0.0,0.114,876.0,Fake
4272,Entertainment,177.0,,5.21,4.0,0.0,0.242,1397.0,Fake
4273,Sports,404.0,0.016,2.43,5.0,0.0,0.342,510.0,Fake
4274,Economy,866.0,,6.93,0.0,,0.0,5346.0,Real
4275,Technology,363.0,0.69,3.34,3.0,0.0,0.17,2647.0,Fake
4276,Economy,398.0,0.095,8.96,2.0,1.0,0.036,237.0,Real
4277,Health,753.0,0.036,6.77,0.0,1.0,0.107,400.0,Real
4278,Health,585.0,0.421,7.51,2.0,1.0,0.193,330.0,Real
4279,Politics,767.0,-0.075,7.93,1.0,0.0,0.009,508.0,Real
4280,,143.0,-0.321,6.7,6.0,1.0,0.449,111.0,Fake
4281,Technology,363.0,-0.112,9.33,0.0,1.0,0.091,946.0,Real
4282,Technology,628.0,-0.207,5.93,2.0,1.0,0.034,186.0,Real
4283,Technology,,0.978,3.64,5.0,0.0,0.339,2222.0,Fake
4284,,623.0,-0.147,5.9,2.0,1.0,0.084,1129.0,Real
4285,Politics,411.0,-0.48,5.76,0.0,1.0,0.106,79.0,Real
4286,Politics,,0.767,4.14,4.0,,0.246,260.0,Fake
4287,Politics,59.0,0.237,1.75,5.0,1.0,,509.0,Fake
4288,Health,357.0,-0.198,10.0,0.0,1.0,0.063,1016.0,Real
4289,Entertainment,412.0,-0.347,2.14,4.0,1.0,,895.0,Fake
4290,Sports,431.0,0.058,,0.0,1.0,0.129,1525.0,Real
4291,Sports,669.0,0.086,6.44,1.0,1.0,0.073,775.0,Real
4292,Health,193.0,0.824,4.92,6.0,1.0,0.264,19.0,Fake
4293,Health,637.0,-0.087,8.71,1.0,1.0,0.092,197.0,Real
4294,Health,427.0,0.064,8.91,2.0,0.0,0.082,498.0,Real
4295,Politics,1054.0,-0.439,7.59,1.0,1.0,0.153,116.0,Real
4296,Politics,343.0,-0.422,2.6,5.0,0.0,0.407,2186.0,Fake
4297,Sports,472.0,-0.867,6.48,4.0,1.0,0.287,2770.0,Fake
4298,Health,488.0,-0.264,,1.0,1.0,0.136,308.0,Real
4299,Entertainment,816.0,-0.356,6.83,1.0,1.0,0.115,712.0,Real
4300,Technology,520.0,0.115,2.46,5.0,0.0,0.224,3471.0,Fake
4301,Health,120.0,0.44,3.86,6.0,1.0,0.223,1291.0,Fake
4302,Politics,547.0,-0.11,9.87,2.0,1.0,0.083,,Real
4303,Health,165.0,-0.698,3.82,4.0,1.0,0.344,121.0,Fake
4304,Health,504.0,0.459,7.67,0.0,1.0,0.109,1743.0,Real
4305,Entertainment,545.0,-0.257,7.8,1.0,1.0,0.02,401.0,Real
4306,Sports,443.0,-0.999,1.97,7.0,0.0,0.301,192.0,Fake
4307,Health,,-0.103,7.12,0.0,,0.057,3820.0,Real
4308,Technology,358.0,0.52,6.79,,0.0,0.327,2427.0,Fake
4309,Economy,501.0,0.189,5.04,1.0,1.0,0.31,2571.0,Fake
4310,Politics,868.0,-0.45,7.69,0.0,1.0,0.025,472.0,Real
4311,Entertainment,262.0,0.327,4.52,2.0,1.0,0.218,68.0,Fake
4312,Science,151.0,-0.45,2.93,1.0,1.0,0.333,733.0,Fake
4313,Technology,477.0,0.133,5.06,5.0,1.0,0.123,5179.0,Fake
4314,Entertainment,412.0,0.102,6.41,3.0,0.0,0.173,408.0,Fake
4315,Sports,324.0,-0.674,0.6,0.0,0.0,0.367,907.0,Fake
4316,Politics,467.0,-0.437,4.15,2.0,1.0,0.078,,Real
4317,Health,743.0,-0.043,6.38,0.0,1.0,0.059,452.0,Real
4318,Politics,497.0,-0.242,7.09,8.0,0.0,0.256,564.0,Fake
4319,Sports,298.0,0.684,2.88,5.0,0.0,0.195,,Fake
4320,Science,310.0,0.19,3.24,3.0,1.0,0.234,2158.0,Fake
4321,Politics,279.0,-0.258,4.73,2.0,0.0,0.204,1584.0,Fake
4322,Politics,604.0,0.061,5.43,1.0,1.0,0.01,58.0,Real
4323,Politics,500.0,0.531,4.81,7.0,1.0,0.131,5815.0,Fake
4324,Economy,627.0,0.27,7.17,0.0,1.0,0.065,,Real
4325,Economy,142.0,0.411,4.6,4.0,0.0,0.187,4581.0,Fake
4326,Sports,219.0,-0.289,,4.0,0.0,0.161,190.0,Fake
4327,Health,,,7.06,1.0,1.0,0.06,61.0,Real
4328,Health,323.0,-0.683,2.09,5.0,0.0,0.421,2557.0,Fake
4329,Sports,217.0,-0.013,1.15,4.0,0.0,0.279,1236.0,Fake
4330,Technology,470.0,0.424,1.67,3.0,,0.356,718.0,Fake
4331,Technology,,-0.154,6.39,1.0,1.0,0.082,976.0,Real
4332,Politics,876.0,0.386,8.96,0.0,1.0,0.012,1163.0,Real
4333,Entertainment,412.0,0.16,6.81,0.0,,0.107,1960.0,Real
4334,Economy,,0.271,3.77,8.0,0.0,0.303,224.0,Fake
4335,Health,696.0,0.454,8.34,0.0,1.0,0.098,774.0,Real
4336,Health,414.0,0.345,,3.0,0.0,0.237,166.0,Fake
4337,Technology,125.0,-0.143,1.53,3.0,0.0,0.367,964.0,Fake
4338,Technology,660.0,0.239,7.02,1.0,,0.021,,Real
4339,Entertainment,465.0,0.248,9.16,1.0,0.0,0.087,469.0,Real
4340,Health,432.0,0.791,2.33,2.0,1.0,0.328,1144.0,Fake
4341,Politics,739.0,-0.256,7.79,0.0,1.0,0.054,2492.0,Real
4342,Economy,220.0,,5.15,2.0,0.0,0.232,352.0,Fake
4343,Entertainment,173.0,-0.133,2.33,4.0,1.0,0.191,,Fake
4344,Politics,582.0,0.286,6.26,1.0,1.0,0.055,1277.0,Real
4345,Entertainment,235.0,0.086,,4.0,0.0,0.044,1239.0,Fake
4346,Health,273.0,0.924,2.31,4.0,0.0,0.545,720.0,Fake
4347,Entertainment,886.0,0.337,5.58,2.0,1.0,0.112,717.0,Real
4348,Economy,,0.441,7.67,0.0,1.0,0.135,1172.0,Real
4349,Politics,498.0,-0.895,2.83,5.0,0.0,0.379,1005.0,Fake
4350,Health,853.0,-0.026,7.31,0.0,1.0,0.098,1267.0,Real
4351,Politics,230.0,0.049,3.27,4.0,0.0,0.293,23.0,Fake
4352,Politics,312.0,-0.361,3.53,4.0,0.0,,2931.0,Fake
4353,Economy,,0.508,,4.0,0.0,0.105,7396.0,Fake
4354,Health,570.0,0.002,7.57,1.0,1.0,0.093,,Real
4355,Health,573.0,-0.492,7.03,1.0,1.0,0.051,346.0,Real
4356,Health,807.0,-0.346,5.47,0.0,1.0,0.086,,Real
4357,Politics,427.0,0.172,3.28,7.0,0.0,0.098,4458.0,Fake
4358,Politics,200.0,0.782,5.63,3.0,1.0,0.246,461.0,Fake
4359,Sports,580.0,0.233,4.74,3.0,1.0,0.076,1727.0,Real
4360,Entertainment,249.0,-0.391,1.4,3.0,1.0,0.3,4411.0,Fake
4361,Economy,733.0,0.045,8.07,1.0,1.0,0.109,,Real
4362,Health,664.0,-0.235,8.02,0.0,1.0,0.069,622.0,Real
4363,Politics,204.0,0.31,3.93,4.0,0.0,0.27,780.0,Fake
4364,Sports,788.0,-0.259,7.88,0.0,1.0,0.043,445.0,Real
4365,Health,820.0,-0.404,6.9,1.0,1.0,0.052,309.0,Real
4366,Technology,331.0,,2.64,3.0,1.0,0.297,1731.0,Fake
4367,Politics,269.0,0.401,0.72,8.0,0.0,,101.0,Fake
4368,Politics,832.0,-0.418,4.73,1.0,1.0,0.083,525.0,Real
4369,Politics,314.0,0.286,2.32,1.0,0.0,0.451,4698.0,Fake
4370,Entertainment,499.0,0.144,5.91,0.0,1.0,0.077,1081.0,Real
4371,Health,378.0,0.077,7.94,0.0,1.0,0.021,152.0,Real
4372,Sports,720.0,0.151,7.43,1.0,1.0,0.187,735.0,Real
4373,Health,585.0,-0.298,6.82,1.0,,0.066,7.0,Real
4374,Technology,270.0,-0.094,4.6,3.0,0.0,0.393,874.0,Fake
4375,Politics,209.0,-0.748,0.53,8.0,1.0,0.245,412.0,Fake
4376,Entertainment,394.0,0.02,3.11,,1.0,0.162,402.0,Fake
4377,,399.0,0.11,8.07,2.0,1.0,0.0,286.0,Real
4378,Technology,624.0,0.342,,1.0,0.0,0.065,346.0,Real
4379,Entertainment,653.0,0.414,8.44,1.0,0.0,0.115,1276.0,Real
4380,Health,,-0.564,6.89,8.0,,0.364,399.0,Fake
4381,Technology,669.0,0.332,,0.0,0.0,0.136,490.0,Real
4382,,449.0,-0.863,4.27,3.0,1.0,0.127,,Fake
4383,Politics,478.0,0.326,7.24,1.0,,0.148,,Real
4384,Economy,645.0,,6.54,0.0,1.0,0.133,985.0,Real
4385,Sports,840.0,-0.383,7.47,1.0,0.0,0.078,555.0,Real
4386,Politics,458.0,-0.084,6.23,2.0,1.0,0.099,41.0,Real
4387,Technology,,-0.033,8.8,1.0,1.0,0.086,2996.0,Real
4388,Technology,169.0,0.989,0.0,3.0,0.0,0.316,1036.0,Fake
4389,Health,416.0,0.63,2.17,7.0,0.0,0.376,175.0,Fake
4390,Technology,504.0,0.568,1.54,4.0,0.0,0.326,1737.0,Fake
4391,Politics,226.0,0.883,0.0,3.0,0.0,0.255,1469.0,Fake
4392,Economy,,-0.476,3.56,5.0,0.0,0.395,2997.0,Fake
4393,Sports,407.0,-0.333,1.36,3.0,0.0,0.387,699.0,Fake
4394,Health,262.0,-0.29,0.27,10.0,0.0,0.424,2376.0,Fake
4395,,678.0,0.117,8.11,1.0,1.0,0.005,97.0,Real
4396,Entertainment,596.0,-0.221,6.42,,1.0,,2434.0,Real
4397,Entertainment,720.0,0.324,9.27,0.0,1.0,0.062,,Real
4398,Politics,463.0,0.998,2.72,1.0,0.0,0.284,119.0,Fake
4399,Politics,740.0,0.322,7.03,1.0,1.0,0.067,3447.0,Real
4400,Science,477.0,0.607,4.66,1.0,1.0,0.184,1776.0,Fake
4401,Politics,541.0,-0.071,7.61,1.0,1.0,0.053,674.0,Real
4402,Sports,694.0,0.457,7.72,0.0,1.0,0.098,254.0,Real
4403,Entertainment,808.0,-0.246,,0.0,0.0,0.068,95.0,Real
4404,Entertainment,449.0,0.358,5.54,5.0,0.0,,,Fake
4405,Technology,322.0,0.99,2.9,3.0,0.0,0.279,1919.0,Fake
4406,Entertainment,789.0,-0.194,6.19,0.0,0.0,0.03,2477.0,Real
4407,Health,516.0,0.29,,0.0,1.0,0.072,552.0,Real
4408,Health,354.0,0.911,4.74,5.0,0.0,0.136,2020.0,Fake
4409,Health,279.0,-0.247,2.17,4.0,1.0,0.311,1460.0,Fake
4410,Politics,433.0,0.345,4.66,7.0,0.0,,1478.0,Fake
4411,Entertainment,838.0,-0.223,,,1.0,0.101,165.0,Real
4412,Economy,673.0,-0.166,7.18,1.0,0.0,0.095,115.0,Real
4413,Sports,371.0,-0.334,,1.0,1.0,0.069,66.0,Real
4414,Sports,291.0,-0.632,4.97,8.0,0.0,0.127,,Fake
4415,Technology,250.0,-0.328,4.74,4.0,1.0,0.25,3056.0,Fake
4416,Economy,470.0,0.157,8.49,0.0,1.0,0.138,145.0,Real
4417,Sports,614.0,-0.201,4.68,1.0,1.0,0.056,29.0,Real
4418,Politics,662.0,0.345,7.03,2.0,1.0,0.021,642.0,Real
4419,Health,186.0,0.314,3.88,5.0,1.0,0.184,4463.0,Fake
4420,Politics,503.0,-0.047,8.5,0.0,1.0,0.041,879.0,Real
4421,Technology,660.0,-0.093,6.79,2.0,0.0,0.089,51.0,Real
4422,Health,,-0.336,4.16,5.0,0.0,0.42,,Fake
4423,Sports,529.0,-0.512,2.63,8.0,1.0,0.139,1271.0,Fake
4424,Health,838.0,-0.465,4.6,1.0,1.0,,,Real
4425,Health,672.0,-0.118,5.29,1.0,1.0,0.056,354.0,Real
4426,Entertainment,,0.238,5.2,1.0,1.0,0.003,298.0,Real
4427,Sports,483.0,-0.205,5.56,0.0,0.0,0.107,2345.0,Real
4428,Politics,295.0,-0.1,2.24,4.0,1.0,0.145,1941.0,Fake
4429,Politics,612.0,-0.191,7.23,0.0,1.0,0.0,580.0,Real
4430,Entertainment,190.0,-0.508,2.44,5.0,0.0,0.088,637.0,Fake
4431,Technology,771.0,0.341,7.25,0.0,1.0,0.099,3800.0,Real
4432,Entertainment,798.0,0.289,6.78,0.0,1.0,0.067,63.0,Real
4433,Entertainment,665.0,0.474,7.58,0.0,1.0,0.0,49.0,Real
4434,,227.0,0.932,1.56,5.0,1.0,0.392,175.0,Fake
4435,Politics,252.0,,3.44,1.0,0.0,0.254,1857.0,Fake
4436,Science,432.0,0.698,3.6,3.0,1.0,0.253,702.0,Fake
4437,Sports,,-0.397,6.54,1.0,1.0,0.022,285.0,Real
4438,Health,397.0,-0.596,,1.0,1.0,0.0,7.0,Fake
4439,Entertainment,762.0,-0.465,5.19,0.0,1.0,0.007,1474.0,Real
4440,Technology,314.0,-0.377,0.24,6.0,0.0,0.213,1568.0,Fake
4441,Science,543.0,-0.247,,0.0,1.0,0.126,1320.0,Real
4442,Politics,633.0,-0.317,8.98,2.0,1.0,0.0,,Real
4443,Politics,621.0,-0.143,7.68,2.0,1.0,0.037,409.0,Real
4444,Entertainment,297.0,0.849,2.11,3.0,0.0,0.074,3175.0,Fake
4445,Technology,257.0,-0.681,2.57,3.0,0.0,0.245,191.0,Fake
4446,Technology,585.0,-0.335,8.72,1.0,1.0,0.13,177.0,Real
4447,Health,407.0,-0.78,2.97,5.0,0.0,,544.0,Fake
4448,Economy,797.0,0.388,,0.0,1.0,0.133,734.0,Real
4449,Entertainment,423.0,0.397,,,1.0,0.122,506.0,Real
4450,,293.0,-0.983,1.84,4.0,0.0,0.174,7071.0,Fake
4451,,530.0,-0.041,7.28,0.0,1.0,0.065,836.0,Real
4452,Entertainment,89.0,-0.739,6.15,2.0,1.0,0.243,63.0,Fake
4453,Politics,380.0,0.025,,1.0,1.0,0.065,454.0,Real
4454,Politics,578.0,-0.476,4.33,0.0,0.0,0.06,2578.0,Real
4455,Health,251.0,-0.859,3.09,5.0,1.0,0.438,3487.0,Fake
4456,Health,406.0,-0.567,5.59,3.0,1.0,0.118,,Fake
4457,Health,502.0,0.103,8.49,0.0,1.0,0.092,243.0,Real
4458,Politics,226.0,-0.737,4.41,6.0,0.0,0.306,409.0,Fake
4459,Politics,725.0,0.071,,1.0,1.0,0.128,228.0,Real
4460,Technology,542.0,0.258,6.54,2.0,1.0,0.189,1529.0,Real
4461,Technology,404.0,0.173,,3.0,0.0,0.232,421.0,Fake
4462,Politics,571.0,0.237,7.9,2.0,1.0,0.0,185.0,Real
4463,Technology,535.0,-0.148,6.82,0.0,1.0,0.063,,Real
4464,Health,548.0,-0.284,7.33,0.0,1.0,0.153,321.0,Real
4465,Health,241.0,0.009,4.69,,0.0,0.187,,Fake
4466,Sports,678.0,,6.27,1.0,1.0,0.144,,Real
4467,Technology,205.0,-0.601,2.92,4.0,0.0,0.247,1031.0,Fake
4468,Politics,615.0,-0.052,7.22,1.0,1.0,0.049,41.0,Real
4469,Health,655.0,0.418,7.15,2.0,1.0,0.123,57.0,Real
4470,Health,480.0,0.48,6.7,1.0,1.0,0.0,430.0,Real
4471,Entertainment,519.0,0.469,9.71,1.0,1.0,0.111,927.0,Real
4472,Politics,228.0,0.637,3.29,7.0,1.0,0.277,1003.0,Fake
4473,Health,311.0,0.581,2.87,7.0,0.0,0.355,,Fake
4474,Entertainment,733.0,0.263,6.01,1.0,1.0,0.136,578.0,Real
4475,Health,265.0,-0.601,4.0,9.0,0.0,0.284,63.0,Fake
4476,Politics,607.0,,6.87,1.0,1.0,0.172,450.0,Real
4477,Entertainment,92.0,0.847,2.69,3.0,0.0,,129.0,Fake
4478,Politics,471.0,-0.303,,1.0,1.0,0.052,326.0,Real
4479,Politics,446.0,,7.6,0.0,1.0,0.086,68.0,Real
4480,Technology,174.0,-0.716,3.14,0.0,0.0,0.263,1150.0,Fake
4481,Health,440.0,-0.112,5.73,0.0,,0.0,,Real
4482,Entertainment,363.0,0.92,3.74,4.0,1.0,0.303,1215.0,Fake
4483,Entertainment,565.0,-0.489,6.8,0.0,1.0,0.137,126.0,Real
4484,Technology,497.0,-0.201,3.08,2.0,0.0,0.462,1216.0,Fake
4485,,533.0,-0.743,2.95,6.0,0.0,0.328,1787.0,Fake
4486,Sports,679.0,0.202,7.21,3.0,1.0,0.121,170.0,Real
4487,Sports,488.0,-0.966,3.62,5.0,1.0,0.257,2286.0,Fake
4488,Politics,166.0,-0.009,,8.0,0.0,0.233,91.0,Fake
4489,Entertainment,650.0,-0.008,8.13,4.0,1.0,0.117,412.0,Real
4490,Science,181.0,0.772,1.65,5.0,0.0,0.342,1280.0,Fake
4491,,,0.873,3.52,8.0,0.0,0.346,1336.0,Fake
4492,Sports,737.0,-0.472,7.66,1.0,1.0,0.041,702.0,Real
4493,Health,178.0,-0.723,2.67,4.0,1.0,0.203,438.0,Fake
4494,Health,563.0,-0.25,9.5,0.0,0.0,0.112,509.0,Real
4495,Health,167.0,0.263,2.36,3.0,1.0,0.196,1903.0,Fake
4496,Health,663.0,0.465,8.25,0.0,1.0,0.069,893.0,Real
4497,Sports,379.0,-0.332,5.05,4.0,0.0,0.166,1261.0,Fake
4498,Health,556.0,0.482,,0.0,1.0,0.024,,Real
4499,Entertainment,605.0,-0.161,4.46,0.0,1.0,,1104.0,Real
4500,Health,,0.079,,2.0,0.0,0.264,487.0,Fake
4501,Politics,411.0,-0.034,6.91,1.0,1.0,0.01,895.0,Real
4502,Technology,351.0,0.852,3.52,5.0,0.0,0.307,1607.0,Fake
4503,Health,275.0,-0.084,4.17,1.0,,0.294,284.0,Fake
4504,Economy,635.0,0.268,7.78,1.0,1.0,0.062,633.0,Real
4505,Politics,564.0,0.684,1.44,5.0,1.0,0.244,1138.0,Fake
4506,Technology,83.0,-0.598,5.25,,0.0,0.153,95.0,Fake
4507,Sports,372.0,-0.705,,8.0,0.0,0.278,484.0,Fake
4508,Economy,328.0,0.038,3.28,6.0,1.0,0.245,1732.0,Fake
4509,,877.0,-0.408,5.91,1.0,1.0,0.097,,Real
4510,Entertainment,637.0,-0.209,9.38,0.0,1.0,0.079,301.0,Real
4511,Health,523.0,0.276,5.5,1.0,1.0,0.095,153.0,Real
4512,Health,,-0.932,3.61,6.0,0.0,0.21,167.0,Fake
4513,Politics,221.0,0.718,5.92,3.0,0.0,0.253,1702.0,Fake
4514,Entertainment,359.0,-0.845,3.71,3.0,0.0,,3450.0,Fake
4515,Technology,240.0,0.432,3.36,4.0,1.0,,628.0,Fake
4516,Health,344.0,-0.305,5.4,,1.0,0.075,115.0,Real
4517,Sports,571.0,0.05,9.08,1.0,1.0,0.1,19.0,Real
4518,Technology,,0.407,5.97,1.0,1.0,0.112,808.0,Real
4519,Politics,292.0,-0.542,4.81,6.0,1.0,0.25,1893.0,Fake
4520,Sports,196.0,,3.57,0.0,,0.102,,Fake
4521,Politics,701.0,-0.425,5.63,0.0,0.0,0.032,507.0,Real
4522,Economy,240.0,-0.978,4.31,4.0,0.0,0.189,212.0,Fake
4523,Technology,329.0,0.606,2.09,5.0,0.0,0.18,1534.0,Fake
4524,Health,316.0,-0.026,,7.0,1.0,0.516,356.0,Fake
4525,Entertainment,435.0,0.896,3.21,4.0,1.0,,1444.0,Fake
4526,Economy,163.0,-0.12,,2.0,1.0,0.128,154.0,Real
4527,Entertainment,488.0,0.473,9.18,1.0,1.0,0.057,1497.0,Real
4528,Technology,316.0,0.353,5.5,6.0,0.0,,,Fake
4529,Health,371.0,0.749,0.35,2.0,0.0,,452.0,Fake
4530,,269.0,,3.19,7.0,0.0,0.181,341.0,Fake
4531,Sports,357.0,-0.223,6.87,,1.0,0.076,48.0,Real
4532,Politics,927.0,-0.318,8.32,0.0,0.0,0.114,145.0,Real
4533,Economy,334.0,-0.626,1.42,2.0,0.0,,1771.0,Fake
4534,Politics,,0.112,7.42,4.0,1.0,0.055,202.0,Real
4535,,477.0,-0.857,2.89,3.0,,0.117,271.0,Fake
4536,Health,533.0,0.122,8.21,6.0,1.0,,1455.0,Real
4537,Health,299.0,-0.377,7.65,2.0,1.0,0.055,338.0,Real
4538,Entertainment,289.0,-0.233,4.98,7.0,0.0,0.195,456.0,Fake
4539,Health,670.0,,7.6,1.0,,,1315.0,Real
4540,Politics,539.0,0.363,7.08,0.0,0.0,0.134,341.0,Real
4541,Technology,546.0,-0.312,7.63,1.0,1.0,0.017,1573.0,Real
4542,Sports,565.0,-0.269,4.27,4.0,1.0,,1104.0,Fake
4543,Entertainment,474.0,0.886,2.83,8.0,1.0,0.275,698.0,Fake
4544,Technology,644.0,,8.15,0.0,1.0,0.124,727.0,Real
4545,Health,445.0,,8.98,2.0,1.0,0.075,1058.0,Real
4546,,510.0,0.465,8.1,,0.0,0.075,53.0,Real
4547,Health,610.0,0.466,4.9,0.0,1.0,0.155,664.0,Real
4548,Politics,287.0,-0.853,4.22,3.0,0.0,0.273,604.0,Fake
4549,Entertainment,245.0,-0.132,3.34,7.0,0.0,0.165,332.0,Fake
4550,Economy,339.0,0.576,2.77,8.0,1.0,0.411,441.0,Fake
4551,Politics,697.0,-0.288,,0.0,1.0,0.101,49.0,Real
4552,Technology,380.0,-0.707,2.81,2.0,0.0,0.175,118.0,Fake
4553,Economy,361.0,0.036,3.77,5.0,1.0,0.257,465.0,Fake
4554,Politics,,-0.279,,0.0,0.0,,956.0,Real
4555,Sports,839.0,-0.061,5.63,1.0,1.0,0.029,1020.0,Real
4556,Sports,620.0,-0.049,5.39,1.0,1.0,0.113,1493.0,Real
4557,Health,276.0,-0.276,4.79,3.0,0.0,0.379,295.0,Fake
4558,Entertainment,282.0,-0.512,3.13,3.0,0.0,0.197,1.0,Fake
4559,,389.0,0.284,3.35,7.0,0.0,0.209,503.0,Fake
4560,Technology,,-0.474,7.31,1.0,1.0,0.089,225.0,Real
4561,Health,126.0,-0.313,3.69,8.0,1.0,0.136,8601.0,Fake
4562,Entertainment,316.0,-0.988,3.05,3.0,0.0,0.354,533.0,Fake
4563,Economy,458.0,,5.06,0.0,1.0,0.081,447.0,Real
4564,Technology,,-0.142,7.78,2.0,1.0,0.021,607.0,Real
4565,Entertainment,415.0,0.729,4.68,5.0,0.0,0.263,,Fake
4566,Technology,353.0,0.151,5.94,1.0,1.0,0.097,343.0,Real
4567,Economy,507.0,,2.53,2.0,1.0,,46.0,Fake
4568,Economy,421.0,-0.315,3.44,7.0,1.0,0.085,568.0,Fake
4569,Politics,439.0,0.268,,1.0,1.0,0.048,1857.0,Real
4570,Health,,-0.16,2.44,1.0,1.0,,1678.0,Fake
4571,Entertainment,536.0,-0.377,,0.0,1.0,0.054,419.0,Real
4572,Sports,697.0,0.34,6.26,0.0,1.0,0.066,323.0,Real
4573,Science,587.0,0.146,4.4,8.0,1.0,0.341,1904.0,Fake
4574,Technology,548.0,0.296,3.72,4.0,0.0,0.355,1301.0,Fake
4575,Economy,693.0,0.343,6.51,0.0,1.0,0.12,734.0,Real
4576,Politics,527.0,0.174,6.93,,,0.147,2377.0,Real
4577,Politics,495.0,-0.085,7.51,1.0,,0.0,2402.0,Real
4578,Health,366.0,-0.16,8.99,1.0,1.0,0.071,82.0,Real
4579,Entertainment,492.0,0.849,0.92,8.0,0.0,0.309,651.0,Fake
4580,Health,617.0,-0.295,6.2,,1.0,0.099,662.0,Real
4581,,518.0,-0.192,7.15,1.0,1.0,0.0,238.0,Real
4582,Politics,619.0,-0.14,6.86,1.0,1.0,0.017,616.0,Real
4583,Health,248.0,-0.479,7.82,1.0,0.0,0.104,652.0,Real
4584,Politics,427.0,0.069,7.85,1.0,1.0,0.072,3387.0,Real
4585,Economy,540.0,-0.417,7.07,1.0,1.0,0.177,,Real
4586,Politics,459.0,-0.946,6.17,4.0,0.0,0.374,1809.0,Fake
4587,Technology,345.0,0.173,3.99,4.0,0.0,0.334,45.0,Fake
4588,Technology,429.0,0.261,8.98,2.0,1.0,0.116,149.0,Real
4589,,226.0,,5.01,6.0,0.0,0.271,,Fake
4590,Politics,527.0,0.476,7.41,1.0,1.0,0.067,,Real
4591,,589.0,-0.121,8.32,1.0,0.0,0.162,2163.0,Real
4592,Politics,771.0,0.465,8.93,1.0,0.0,0.014,1581.0,Real
4593,Health,,0.322,3.59,6.0,0.0,0.162,436.0,Fake
4594,Entertainment,182.0,-0.661,6.87,4.0,0.0,0.285,1809.0,Fake
4595,Technology,408.0,-0.447,5.33,1.0,0.0,0.279,124.0,Fake
4596,Health,280.0,0.121,1.45,6.0,1.0,0.259,125.0,Fake
4597,Entertainment,720.0,,6.91,0.0,0.0,0.1,110.0,Real
4598,Technology,225.0,0.088,6.62,7.0,0.0,0.158,1152.0,Fake
4599,Entertainment,475.0,-0.382,7.48,1.0,1.0,0.06,439.0,Real
4600,Health,625.0,-0.469,6.98,1.0,1.0,0.097,609.0,Real
4601,Entertainment,756.0,0.286,8.58,1.0,1.0,,621.0,Real
4602,Technology,307.0,0.127,2.42,3.0,0.0,0.306,900.0,Fake
4603,Entertainment,648.0,-0.035,8.5,0.0,1.0,0.055,292.0,Real
4604,Entertainment,298.0,0.036,,6.0,0.0,0.41,2627.0,Fake
4605,Politics,597.0,0.771,2.69,8.0,0.0,0.253,592.0,Fake
4606,Sports,608.0,0.101,7.18,0.0,1.0,0.08,339.0,Real
4607,Technology,151.0,-0.272,6.42,4.0,1.0,0.317,244.0,Fake
4608,Health,127.0,0.015,2.55,3.0,0.0,0.168,,Fake
4609,Economy,286.0,0.129,3.44,2.0,0.0,,5375.0,Fake
4610,Entertainment,473.0,0.031,3.55,5.0,1.0,0.251,326.0,Fake
4611,Entertainment,264.0,-0.603,3.11,3.0,1.0,0.299,1468.0,Fake
4612,Politics,489.0,0.554,4.04,5.0,0.0,0.231,1524.0,Fake
4613,Health,464.0,-0.8,3.57,2.0,1.0,0.391,1675.0,Fake
4614,Entertainment,534.0,0.48,6.59,0.0,1.0,0.098,1487.0,Real
4615,Entertainment,584.0,-0.3,2.85,0.0,1.0,0.116,1001.0,Real
4616,Science,629.0,-0.203,8.9,1.0,1.0,0.03,433.0,Real
4617,Politics,314.0,-0.363,2.64,6.0,0.0,0.193,496.0,Fake
4618,Sports,301.0,,3.05,1.0,0.0,0.209,762.0,Fake
4619,Science,811.0,-0.268,7.37,0.0,1.0,0.104,236.0,Real
4620,Technology,740.0,0.08,7.8,1.0,1.0,,2089.0,Real
4621,,735.0,0.025,7.07,3.0,1.0,0.085,158.0,Real
4622,Politics,791.0,-0.31,4.22,0.0,0.0,0.018,1437.0,Real
4623,Technology,730.0,0.052,8.49,2.0,1.0,0.025,1039.0,Real
4624,Politics,608.0,-0.424,4.75,5.0,1.0,0.104,100.0,Fake
4625,Health,347.0,0.056,5.12,1.0,0.0,0.233,948.0,Fake
4626,Entertainment,210.0,-0.671,4.97,6.0,0.0,0.317,3591.0,Fake
4627,,529.0,0.311,6.18,1.0,1.0,0.164,290.0,Real
4628,Technology,169.0,-0.714,,4.0,0.0,0.175,422.0,Fake
4629,Politics,840.0,-0.463,4.21,1.0,1.0,0.0,689.0,Real
4630,,519.0,0.442,5.85,1.0,1.0,0.117,106.0,Real
4631,Politics,467.0,0.529,2.39,3.0,1.0,0.164,,Fake
4632,Economy,214.0,0.855,2.98,7.0,1.0,0.329,2446.0,Fake
4633,,516.0,-0.3,5.28,3.0,0.0,0.147,1361.0,Fake
4634,Health,512.0,-0.489,8.55,1.0,1.0,0.0,373.0,Real
4635,Economy,343.0,-0.099,1.07,1.0,1.0,0.338,2375.0,Fake
4636,Science,369.0,-0.875,4.57,8.0,0.0,0.348,2550.0,Fake
4637,Sports,268.0,-0.991,4.1,4.0,1.0,0.296,1562.0,Fake
4638,Sports,241.0,-0.959,2.95,2.0,0.0,0.229,3.0,Fake
4639,Politics,333.0,,2.02,5.0,0.0,0.312,745.0,Fake
4640,Science,289.0,,,4.0,0.0,0.169,329.0,Fake
4641,Science,239.0,-0.756,2.83,1.0,1.0,,2540.0,Fake
4642,Entertainment,444.0,0.769,3.0,5.0,1.0,0.295,3.0,Fake
4643,Politics,444.0,0.392,7.11,1.0,1.0,0.084,85.0,Real
4644,Technology,,0.079,6.41,2.0,1.0,0.156,159.0,Real
4645,Health,109.0,-0.957,2.82,,0.0,0.169,5584.0,Fake
4646,Economy,531.0,-0.315,10.0,0.0,0.0,0.159,973.0,Real
4647,,859.0,-0.34,6.14,,,0.0,303.0,Real
4648,Economy,475.0,0.427,7.36,0.0,1.0,0.045,2837.0,Real
4649,Entertainment,444.0,0.475,5.31,1.0,1.0,0.077,571.0,Real
4650,Health,717.0,0.082,6.57,,1.0,0.082,973.0,Real
4651,Technology,534.0,-0.386,7.05,3.0,1.0,0.119,,Real
4652,Sports,542.0,-0.177,6.32,1.0,1.0,0.011,386.0,Real
4653,Politics,618.0,-0.14,8.09,0.0,1.0,0.131,1554.0,Real
4654,Politics,667.0,-0.044,6.21,0.0,,0.101,21.0,Real
4655,Technology,221.0,0.915,3.11,7.0,0.0,0.27,,Fake
4656,Technology,319.0,-0.887,7.58,5.0,1.0,0.219,782.0,Fake
4657,Politics,303.0,0.697,,4.0,0.0,0.137,1447.0,Fake
4658,Politics,,0.988,2.78,4.0,0.0,0.24,2434.0,Fake
4659,Economy,437.0,0.191,7.27,1.0,1.0,0.045,,Real
4660,Sports,550.0,0.121,7.71,1.0,1.0,0.137,556.0,Real
4661,Health,547.0,0.211,6.0,0.0,1.0,0.025,30.0,Real
4662,Politics,248.0,-0.979,3.34,7.0,0.0,0.203,4796.0,Fake
4663,Health,788.0,-0.284,8.07,0.0,1.0,0.088,443.0,Real
4664,Economy,50.0,-0.325,3.41,2.0,0.0,0.364,1483.0,Fake
4665,Entertainment,259.0,0.604,1.71,4.0,0.0,0.344,2918.0,Fake
4666,Technology,644.0,0.48,8.06,0.0,1.0,0.105,480.0,Real
4667,Technology,489.0,0.349,7.68,1.0,1.0,0.033,863.0,Real
4668,Politics,391.0,-0.935,1.85,2.0,1.0,0.151,3615.0,Fake
4669,Politics,782.0,0.183,,3.0,0.0,0.088,415.0,Real
4670,Health,349.0,,5.76,5.0,1.0,0.164,2220.0,Fake
4671,Entertainment,706.0,-0.033,7.45,1.0,0.0,0.089,409.0,Real
4672,Health,432.0,-0.245,5.0,2.0,1.0,0.104,78.0,Real
4673,Politics,278.0,-0.07,1.54,2.0,0.0,,1586.0,Fake
4674,Entertainment,669.0,-0.031,7.88,0.0,1.0,0.076,259.0,Real
4675,Economy,516.0,0.214,8.85,3.0,1.0,0.137,957.0,Real
4676,Health,727.0,-0.286,8.0,,1.0,0.043,1764.0,Real
4677,Health,379.0,-0.623,2.17,4.0,0.0,0.471,2596.0,Fake
4678,Entertainment,435.0,0.107,7.29,1.0,0.0,0.069,238.0,Real
4679,Economy,315.0,-0.132,4.04,5.0,0.0,0.198,798.0,Fake
4680,Science,676.0,-0.317,7.31,0.0,1.0,0.009,36.0,Real
4681,Health,179.0,-0.624,2.23,7.0,1.0,0.303,1107.0,Fake
4682,Science,461.0,0.368,6.86,1.0,1.0,0.02,,Real
4683,Entertainment,430.0,0.507,3.95,8.0,1.0,0.166,1054.0,Fake
4684,Health,698.0,-0.162,7.23,1.0,1.0,0.089,293.0,Real
4685,Sports,,0.966,2.06,5.0,0.0,0.13,319.0,Fake
4686,Health,674.0,0.146,6.54,1.0,1.0,0.074,,Real
4687,Politics,237.0,0.232,2.94,7.0,0.0,0.251,4081.0,Fake
4688,Health,154.0,-0.498,3.82,4.0,0.0,0.334,906.0,Fake
4689,Economy,322.0,0.035,4.07,5.0,,0.425,265.0,Fake
4690,,526.0,-0.154,10.0,2.0,1.0,0.054,212.0,Real
4691,Health,238.0,-0.13,2.77,1.0,,0.22,319.0,Fake
4692,Health,270.0,-0.408,4.14,4.0,1.0,0.16,2926.0,Fake
4693,Entertainment,616.0,0.098,,0.0,1.0,0.108,19.0,Real
4694,Health,549.0,-0.373,5.55,0.0,1.0,0.0,1260.0,Real
4695,Technology,198.0,0.482,0.64,2.0,0.0,0.429,5767.0,Fake
4696,Entertainment,292.0,0.19,,1.0,1.0,0.121,92.0,Real
4697,Sports,201.0,0.916,2.94,8.0,1.0,0.396,291.0,Fake
4698,Politics,815.0,-0.347,8.59,2.0,1.0,0.077,366.0,Real
4699,Health,340.0,0.312,6.48,1.0,1.0,0.117,192.0,Real
4700,Sports,202.0,-0.783,4.06,10.0,0.0,0.313,4966.0,Fake
4701,Science,341.0,-0.22,4.1,4.0,,0.136,598.0,Fake
4702,Politics,700.0,0.196,7.62,0.0,0.0,0.004,1672.0,Real
4703,Politics,183.0,-0.944,4.17,3.0,0.0,,207.0,Fake
4704,Politics,268.0,0.823,4.57,3.0,0.0,0.34,3086.0,Fake
4705,Economy,464.0,0.129,7.76,0.0,1.0,0.16,2209.0,Real
4706,Technology,367.0,0.373,7.19,2.0,1.0,0.074,393.0,Real
4707,Technology,676.0,0.032,7.52,,1.0,0.049,867.0,Real
4708,Science,405.0,0.225,,0.0,1.0,0.068,441.0,Real
4709,Technology,,-0.322,2.72,3.0,,0.422,1057.0,Fake
4710,Sports,502.0,0.306,7.58,1.0,,0.0,1393.0,Real
4711,Entertainment,325.0,0.034,3.36,5.0,0.0,0.18,1874.0,Fake
4712,Technology,268.0,0.684,1.73,2.0,1.0,0.205,787.0,Fake
4713,Economy,100.0,0.599,4.9,5.0,0.0,0.137,48.0,Fake
4714,Entertainment,312.0,0.215,2.56,8.0,1.0,0.26,,Fake
4715,Entertainment,248.0,-0.461,2.22,7.0,0.0,0.19,888.0,Fake
4716,Technology,639.0,0.03,,,1.0,0.14,216.0,Real
4717,Entertainment,249.0,-0.256,3.14,5.0,0.0,0.336,505.0,Fake
4718,Politics,655.0,-0.103,6.32,1.0,1.0,0.098,2525.0,Real
4719,Politics,432.0,-0.307,2.44,5.0,1.0,0.0,,Fake
4720,Entertainment,501.0,0.083,4.26,2.0,1.0,0.098,237.0,Real
4721,Health,652.0,-0.483,8.38,1.0,1.0,0.087,1466.0,Real
4722,Politics,458.0,0.445,5.74,2.0,1.0,0.046,372.0,Real
4723,Politics,197.0,-0.376,3.29,5.0,0.0,0.378,3431.0,Fake
4724,Health,354.0,-0.323,7.45,1.0,1.0,0.127,445.0,Real
4725,Technology,364.0,,1.03,3.0,0.0,0.15,133.0,Fake
4726,Technology,239.0,-0.713,2.22,4.0,0.0,0.408,517.0,Fake
4727,Politics,,0.787,4.3,2.0,0.0,,273.0,Fake
4728,Technology,827.0,-0.481,6.54,4.0,1.0,0.105,43.0,Real
4729,Politics,621.0,0.212,9.82,2.0,0.0,0.073,64.0,Real
4730,Economy,268.0,0.54,0.0,2.0,0.0,0.248,815.0,Fake
4731,Health,,-0.731,4.97,5.0,0.0,0.164,20.0,Fake
4732,Health,361.0,0.077,,4.0,0.0,,2900.0,Fake
4733,,549.0,-0.089,9.01,,1.0,0.147,383.0,Real
4734,Sports,311.0,0.98,2.52,5.0,0.0,0.118,,Fake
4735,Health,210.0,-0.235,4.51,1.0,0.0,,2363.0,Fake
4736,Politics,706.0,-0.375,7.63,1.0,1.0,0.065,295.0,Real
4737,Health,400.0,0.175,5.64,5.0,0.0,0.167,1191.0,Fake
4738,Health,306.0,-0.081,6.48,0.0,1.0,0.047,1264.0,Fake
4739,Health,355.0,-0.411,8.16,0.0,1.0,0.155,152.0,Real
4740,Politics,671.0,0.284,7.84,2.0,1.0,0.104,72.0,Real
4741,,444.0,0.216,5.26,,0.0,0.164,1395.0,Fake
4742,Health,413.0,0.378,9.44,1.0,1.0,0.026,842.0,Real
4743,Economy,657.0,0.079,6.73,1.0,1.0,0.087,317.0,Real
4744,Economy,373.0,-0.638,4.07,6.0,0.0,0.097,7615.0,Fake
4745,,653.0,-0.237,6.08,1.0,1.0,0.079,205.0,Real
4746,Politics,548.0,-0.295,7.38,1.0,0.0,0.092,343.0,Real
4747,Health,700.0,,6.0,2.0,1.0,0.112,69.0,Real
4748,Health,,0.145,5.64,3.0,1.0,0.14,934.0,Real
4749,Sports,303.0,0.264,1.86,7.0,1.0,0.284,481.0,Fake
4750,Entertainment,137.0,0.572,3.29,7.0,0.0,0.478,1943.0,Fake
4751,Health,,-0.61,2.38,3.0,0.0,0.137,333.0,Fake
4752,Sports,328.0,0.3,2.46,4.0,0.0,0.263,1870.0,Fake
4753,Entertainment,289.0,-0.144,3.57,6.0,1.0,0.166,177.0,Fake
4754,Politics,286.0,0.31,4.19,2.0,1.0,0.249,3577.0,Fake
4755,Sports,323.0,,5.02,4.0,0.0,0.29,2043.0,Fake
4756,Technology,305.0,0.999,1.51,5.0,1.0,0.394,,Fake
4757,Health,292.0,-0.696,,5.0,1.0,,177.0,Fake
4758,Entertainment,693.0,-0.177,,1.0,0.0,0.073,364.0,Real
4759,Entertainment,606.0,0.319,8.35,0.0,1.0,0.109,817.0,Real
4760,Entertainment,695.0,-0.136,7.45,1.0,1.0,0.042,438.0,Real
4761,Science,451.0,0.018,7.93,,0.0,0.039,552.0,Real
4762,Technology,769.0,-0.006,6.71,0.0,1.0,0.129,812.0,Real
4763,Technology,50.0,-0.855,3.3,2.0,0.0,0.385,46.0,Fake
4764,Technology,126.0,0.261,3.55,8.0,0.0,0.362,627.0,Fake
4765,Economy,515.0,0.117,9.02,0.0,1.0,,805.0,Real
4766,Politics,606.0,-0.135,6.86,1.0,1.0,0.1,447.0,Real
4767,Technology,635.0,-0.044,8.04,0.0,1.0,0.048,1226.0,Real
4768,Technology,896.0,0.162,8.27,,1.0,0.168,312.0,Real
4769,Politics,458.0,0.371,3.36,6.0,1.0,0.419,70.0,Fake
4770,Entertainment,586.0,-0.441,6.85,1.0,1.0,0.116,1557.0,Real
4771,Economy,451.0,-0.275,3.96,5.0,,0.17,,Fake
4772,Economy,314.0,-0.955,1.19,4.0,0.0,,,Fake
4773,Health,,0.612,1.75,2.0,1.0,0.193,1823.0,Fake
4774,Economy,380.0,-0.043,4.34,4.0,,,3224.0,Fake
4775,Entertainment,635.0,-0.049,7.28,1.0,1.0,0.156,370.0,Real
4776,Politics,561.0,-0.276,7.39,2.0,1.0,0.102,557.0,Real
4777,Sports,719.0,-0.319,4.82,0.0,1.0,0.069,,Real
4778,Technology,189.0,-0.955,7.0,5.0,1.0,0.235,,Fake
4779,Sports,153.0,-0.409,4.31,,0.0,0.233,655.0,Fake
4780,Technology,405.0,0.481,5.43,0.0,1.0,0.0,139.0,Real
4781,Health,340.0,0.728,1.02,4.0,1.0,0.482,2320.0,Fake
4782,Technology,,0.365,2.51,5.0,,0.143,1520.0,Fake
4783,Health,553.0,0.269,8.41,1.0,1.0,0.062,341.0,Real
4784,,166.0,0.497,,8.0,0.0,0.283,1771.0,Fake
4785,Economy,638.0,-0.183,7.67,1.0,1.0,0.047,508.0,Real
4786,Health,630.0,-0.3,5.41,0.0,1.0,0.067,,Real
4787,Science,621.0,0.01,7.87,1.0,1.0,0.0,15.0,Real
4788,Economy,498.0,-0.497,6.32,0.0,1.0,0.05,593.0,Real
4789,Entertainment,419.0,,8.14,1.0,1.0,0.147,658.0,Real
4790,Economy,,0.24,6.15,1.0,1.0,0.109,,Real
4791,Technology,185.0,0.107,3.65,5.0,1.0,0.242,238.0,Fake
4792,Sports,448.0,0.13,6.06,2.0,0.0,0.074,393.0,Real
4793,Health,344.0,0.343,5.06,4.0,1.0,,1795.0,Fake
4794,Sports,411.0,0.086,1.41,3.0,0.0,0.263,,Fake
4795,Entertainment,782.0,0.072,8.64,1.0,1.0,0.148,341.0,Real
4796,Science,424.0,0.322,2.76,9.0,0.0,0.403,886.0,Fake
4797,Economy,212.0,0.906,2.2,4.0,1.0,0.344,2966.0,Fake
4798,Health,110.0,-0.118,3.43,5.0,0.0,0.26,900.0,Fake
4799,Health,181.0,0.314,3.47,4.0,1.0,,72.0,Fake
4800,Politics,482.0,-0.952,4.92,,1.0,0.188,673.0,Fake
4801,Politics,522.0,0.103,3.38,6.0,0.0,0.363,270.0,Fake
4802,Entertainment,235.0,-0.141,7.77,1.0,1.0,0.093,,Real
4803,Health,,-0.378,9.09,,0.0,0.138,134.0,Real
4804,Entertainment,236.0,-0.169,3.3,6.0,1.0,0.206,5414.0,Fake
4805,Politics,,0.912,2.12,3.0,1.0,0.118,468.0,Fake
4806,Politics,298.0,0.168,2.39,6.0,,0.104,582.0,Fake
4807,Technology,499.0,-0.024,,1.0,0.0,0.173,556.0,Fake
4808,Politics,445.0,0.154,2.63,2.0,0.0,0.205,2144.0,Fake
4809,Technology,696.0,,6.32,1.0,1.0,0.072,702.0,Real
4810,Technology,70.0,0.182,,5.0,0.0,0.196,900.0,Fake
4811,Politics,666.0,-0.448,,0.0,1.0,0.07,783.0,Real
4812,Politics,350.0,,,9.0,1.0,0.119,439.0,Fake
4813,Entertainment,,-0.207,7.3,1.0,1.0,0.103,186.0,Real
4814,Health,268.0,0.179,0.34,11.0,0.0,0.17,554.0,Fake
4815,Politics,327.0,0.813,2.75,5.0,0.0,0.345,3043.0,Fake
4816,Sports,353.0,0.023,5.73,1.0,1.0,0.125,191.0,Real
4817,Technology,388.0,0.626,5.57,4.0,1.0,0.187,725.0,Fake
4818,Health,711.0,0.018,8.29,1.0,,0.084,380.0,Real
4819,Entertainment,576.0,-0.236,,1.0,0.0,0.062,18.0,Real
4820,Technology,307.0,0.843,0.68,5.0,1.0,,190.0,Fake
4821,Entertainment,772.0,-0.284,7.33,0.0,1.0,0.077,,Real
4822,Entertainment,475.0,0.424,6.68,1.0,1.0,0.048,232.0,Real
4823,Sports,769.0,-0.248,5.37,1.0,1.0,0.0,232.0,Real
4824,Health,618.0,-0.113,8.93,1.0,1.0,0.108,812.0,Real
4825,Politics,509.0,-0.136,7.69,2.0,1.0,0.082,141.0,Real
4826,Science,366.0,0.338,3.23,3.0,,0.295,1245.0,Fake
4827,Entertainment,542.0,-0.224,8.73,0.0,1.0,0.043,47.0,Real
4828,Sports,527.0,,6.32,,1.0,,1204.0,Real
4829,Technology,587.0,0.318,7.03,1.0,1.0,0.073,9.0,Real
4830,Entertainment,,-0.875,1.23,1.0,0.0,0.166,301.0,Fake
4831,Health,136.0,0.234,3.38,4.0,0.0,0.255,896.0,Fake
4832,Sports,613.0,0.181,3.23,4.0,0.0,0.253,2732.0,Fake
4833,Politics,163.0,-0.11,2.17,5.0,1.0,0.318,640.0,Fake
4834,Economy,443.0,-0.479,,1.0,1.0,0.077,70.0,Real
4835,Technology,,-0.139,1.37,3.0,0.0,0.362,,Fake
4836,Politics,633.0,0.2,6.36,2.0,1.0,0.172,686.0,Real
4837,Entertainment,590.0,0.013,8.06,0.0,,0.123,472.0,Real
4838,Health,269.0,-0.474,3.77,10.0,0.0,,68.0,Fake
4839,Politics,490.0,-0.444,8.84,,1.0,0.164,,Real
4840,Technology,,0.081,8.02,0.0,1.0,0.011,2712.0,Real
4841,Technology,366.0,0.415,3.04,6.0,1.0,0.168,33.0,Fake
4842,Health,343.0,-0.088,8.33,0.0,1.0,0.142,1147.0,Real
4843,,206.0,-0.002,3.09,3.0,0.0,0.145,693.0,Fake
4844,Politics,138.0,0.773,1.27,9.0,1.0,0.122,,Fake
4845,Politics,803.0,,4.85,1.0,,,1639.0,Real
4846,Politics,765.0,0.273,8.42,0.0,1.0,,1762.0,Real
4847,Politics,643.0,,7.69,,1.0,0.129,,Real
4848,Entertainment,467.0,-0.148,7.13,2.0,1.0,0.105,131.0,Real
4849,Sports,453.0,-0.198,7.73,4.0,1.0,0.101,1257.0,Fake
4850,Health,163.0,0.145,4.5,3.0,0.0,0.155,655.0,Fake
4851,Politics,258.0,0.769,3.31,1.0,1.0,0.219,1014.0,Fake
4852,Technology,469.0,0.303,8.08,2.0,1.0,0.037,939.0,Real
4853,Politics,312.0,0.091,0.83,5.0,0.0,0.235,1563.0,Fake
4854,Politics,547.0,-0.136,,3.0,1.0,0.078,580.0,Fake
4855,,449.0,-0.378,4.05,4.0,0.0,0.244,1610.0,Fake
4856,,284.0,0.524,4.04,,0.0,0.167,1211.0,Fake
4857,Entertainment,104.0,0.015,6.49,,0.0,0.458,402.0,Fake
4858,Sports,106.0,,2.67,5.0,0.0,0.195,14.0,Fake
4859,Technology,582.0,-0.327,5.54,0.0,0.0,0.079,671.0,Real
4860,Technology,318.0,0.727,4.6,3.0,1.0,0.318,2558.0,Fake
4861,Economy,726.0,,5.17,2.0,1.0,0.062,0.0,Real
4862,Technology,626.0,,7.34,0.0,0.0,0.058,1698.0,Real
4863,Health,221.0,-0.333,2.55,4.0,0.0,0.309,1799.0,Fake
4864,Economy,557.0,0.144,7.12,1.0,1.0,0.015,7.0,Real
4865,Health,141.0,0.826,4.35,5.0,1.0,0.279,490.0,Fake
4866,Economy,838.0,-0.216,8.38,,1.0,0.021,646.0,Real
4867,Politics,601.0,-0.389,7.87,0.0,1.0,0.061,1904.0,Real
4868,Health,514.0,-0.271,9.9,0.0,0.0,0.088,196.0,Real
4869,Politics,835.0,0.126,8.37,0.0,1.0,0.077,363.0,Real
4870,Politics,679.0,0.057,8.53,1.0,1.0,0.113,1463.0,Real
4871,Health,774.0,-0.46,8.13,0.0,1.0,0.025,916.0,Real
4872,Entertainment,245.0,-0.374,2.52,2.0,1.0,0.386,1815.0,Fake
4873,Sports,373.0,0.374,5.78,0.0,1.0,0.041,511.0,Real
4874,Health,346.0,-0.502,4.11,4.0,0.0,0.381,809.0,Fake
4875,Politics,692.0,-0.49,,2.0,1.0,0.073,1857.0,Real
4876,Sports,576.0,0.265,8.01,0.0,0.0,0.028,199.0,Real
4877,Sports,843.0,-0.069,6.89,,1.0,0.089,388.0,Real
4878,Health,227.0,0.166,2.63,3.0,1.0,,,Fake
4879,Entertainment,225.0,-0.956,3.33,5.0,0.0,0.17,1705.0,Fake
4880,Technology,320.0,0.374,2.71,2.0,,0.075,481.0,Fake
4881,Health,574.0,-0.167,7.03,1.0,1.0,0.13,543.0,Real
4882,Technology,347.0,0.585,5.98,4.0,1.0,,635.0,Fake
4883,Health,404.0,-0.178,4.57,1.0,0.0,0.242,1026.0,Fake
4884,Health,549.0,,6.31,,1.0,0.143,242.0,Real
4885,Technology,326.0,0.333,10.0,1.0,1.0,0.221,1723.0,Real
4886,Technology,,-0.592,2.63,2.0,1.0,0.182,122.0,Fake
4887,Technology,437.0,0.808,2.39,3.0,0.0,0.155,239.0,Fake
4888,Health,579.0,0.121,6.58,,1.0,0.084,556.0,Real
4889,Politics,494.0,0.323,6.62,,1.0,0.059,106.0,Real
4890,,697.0,,6.41,1.0,1.0,0.121,309.0,Real
4891,Entertainment,395.0,,0.97,2.0,1.0,0.139,1289.0,Fake
4892,Health,419.0,-0.954,,4.0,1.0,,631.0,Fake
4893,Entertainment,438.0,-0.244,7.3,0.0,1.0,0.091,1330.0,Real
4894,Health,,0.065,7.66,1.0,0.0,0.027,189.0,Real
4895,Economy,393.0,-0.475,9.07,1.0,1.0,0.099,1210.0,Real
4896,Health,,-0.276,1.33,3.0,0.0,0.278,3574.0,Fake
4897,Politics,215.0,-0.098,7.99,1.0,1.0,0.006,1562.0,Real
4898,Science,338.0,-0.198,2.79,2.0,0.0,,4442.0,Fake
4899,Health,463.0,0.049,2.25,2.0,1.0,0.106,313.0,Fake
4900,Technology,437.0,-0.179,7.57,1.0,1.0,0.027,72.0,Real
4901,Politics,217.0,-0.596,3.78,3.0,1.0,0.392,1582.0,Fake
4902,Entertainment,473.0,0.658,2.34,,1.0,0.2,47.0,Fake
4903,Politics,392.0,0.69,4.64,3.0,0.0,0.127,851.0,Fake
4904,Politics,200.0,,5.11,2.0,1.0,0.366,683.0,Fake
4905,Science,675.0,0.34,4.8,0.0,1.0,0.078,326.0,Real
4906,Health,413.0,-0.912,4.73,5.0,0.0,0.362,593.0,Fake
4907,Health,291.0,0.986,3.38,10.0,1.0,0.325,6119.0,Fake
4908,Technology,405.0,0.165,7.57,1.0,1.0,0.073,254.0,Real
4909,Health,256.0,-0.382,2.88,2.0,0.0,0.496,2335.0,Fake
4910,Sports,165.0,0.394,2.56,8.0,0.0,0.083,1892.0,Fake
4911,Politics,625.0,-0.13,9.18,0.0,1.0,0.061,26.0,Real
4912,Politics,698.0,-0.306,8.05,1.0,1.0,0.066,1286.0,Real
4913,Technology,268.0,0.521,2.91,4.0,1.0,0.361,1091.0,Fake
4914,Health,598.0,,9.67,1.0,1.0,0.101,2296.0,Real
4915,Technology,192.0,-0.212,,4.0,0.0,0.43,1178.0,Fake
4916,Sports,335.0,,4.49,7.0,1.0,0.282,502.0,Fake
4917,Health,404.0,0.138,4.79,2.0,1.0,0.234,24.0,Fake
4918,Entertainment,731.0,-0.217,8.17,,1.0,0.078,1442.0,Real
4919,Technology,501.0,0.036,7.86,1.0,,0.072,1244.0,Real
4920,Science,682.0,0.046,8.14,3.0,,0.027,419.0,Real
4921,Entertainment,582.0,-0.478,7.09,2.0,1.0,0.088,278.0,Real
4922,Technology,474.0,,6.05,5.0,1.0,0.157,7076.0,Fake
4923,Politics,471.0,0.299,9.87,2.0,1.0,0.18,1175.0,Real
4924,Politics,293.0,-0.173,5.37,3.0,1.0,0.237,816.0,Fake
4925,Politics,164.0,,2.69,3.0,0.0,,1641.0,Fake
4926,Health,277.0,0.359,5.44,6.0,0.0,0.303,1192.0,Fake
4927,Entertainment,673.0,-0.16,6.62,0.0,1.0,0.07,1745.0,Real
4928,Entertainment,123.0,0.339,0.0,5.0,1.0,0.15,454.0,Fake
4929,Technology,760.0,0.364,,0.0,1.0,0.076,,Real
4930,Science,267.0,0.508,5.46,3.0,0.0,0.417,,Fake
4931,Economy,,0.088,3.96,4.0,1.0,0.232,1196.0,Fake
4932,Health,815.0,-0.129,8.98,,1.0,0.135,137.0,Real
4933,Politics,529.0,-0.031,8.43,2.0,1.0,0.183,2933.0,Real
4934,Health,265.0,0.112,3.46,6.0,1.0,0.242,137.0,Fake
4935,Technology,378.0,0.703,5.46,4.0,1.0,0.317,3787.0,Fake
4936,Economy,,0.922,4.59,,1.0,0.225,446.0,Fake
4937,Health,320.0,0.394,4.74,5.0,0.0,0.278,749.0,Fake
4938,Economy,536.0,-0.474,6.73,0.0,1.0,0.078,73.0,Real
4939,Health,708.0,-0.478,9.2,0.0,0.0,0.061,515.0,Real
4940,Technology,157.0,0.658,3.45,8.0,,0.265,420.0,Fake
4941,,411.0,0.948,5.31,7.0,0.0,0.045,7083.0,Fake
4942,Economy,479.0,-0.199,7.91,,,0.135,170.0,Real
4943,Health,587.0,-0.255,7.14,1.0,1.0,0.083,223.0,Real
4944,Sports,507.0,0.013,6.87,1.0,0.0,0.065,368.0,Real
4945,Politics,326.0,0.005,4.15,1.0,0.0,0.143,26.0,Fake
4946,Technology,442.0,0.898,3.96,0.0,0.0,0.106,170.0,Fake
4947,Entertainment,764.0,-0.455,5.74,0.0,1.0,0.004,,Real
4948,Economy,156.0,0.927,4.47,4.0,1.0,0.261,2716.0,Fake
4949,Health,,0.011,5.46,0.0,,0.13,589.0,Real
4950,Sports,435.0,-0.576,,7.0,0.0,0.304,583.0,Fake
4951,Health,299.0,0.651,,3.0,1.0,0.291,1565.0,Fake
4952,Economy,592.0,0.342,7.43,0.0,1.0,0.139,2040.0,Real
4953,Politics,627.0,-0.49,6.08,1.0,1.0,0.037,2053.0,Real
4954,Entertainment,580.0,-0.423,5.02,0.0,0.0,0.056,53.0,Real
4955,Politics,672.0,-0.436,,,1.0,0.082,95.0,Real
4956,Politics,394.0,-0.095,7.36,1.0,0.0,0.07,3206.0,Real
4957,Health,478.0,-0.763,3.51,5.0,0.0,0.38,2473.0,Fake
4958,Entertainment,654.0,0.361,3.69,7.0,1.0,0.148,2015.0,Fake
4959,Economy,826.0,0.423,7.84,1.0,1.0,0.044,314.0,Real
4960,Sports,848.0,-0.132,5.24,0.0,1.0,0.082,476.0,Real
4961,Health,504.0,-0.272,6.95,1.0,0.0,0.075,473.0,Real
4962,Sports,463.0,0.223,5.35,0.0,,0.087,956.0,Real
4963,Politics,388.0,,6.21,2.0,,0.047,,Real
4964,Entertainment,685.0,0.044,5.85,0.0,1.0,0.136,213.0,Real
4965,Sports,545.0,0.384,7.74,0.0,1.0,0.0,1563.0,Real
4966,,467.0,-0.098,2.38,5.0,0.0,0.387,294.0,Fake
4967,Politics,313.0,-0.805,3.16,2.0,0.0,0.349,1343.0,Fake
4968,Technology,615.0,-0.031,6.74,0.0,1.0,0.062,,Real
4969,Technology,290.0,-0.302,3.91,3.0,,0.274,1611.0,Fake
4970,Technology,549.0,0.318,8.26,1.0,1.0,0.099,184.0,Real
4971,Technology,380.0,-0.044,4.96,5.0,0.0,0.317,,Fake
4972,Entertainment,132.0,0.2,,0.0,1.0,0.07,1029.0,Real
4973,Technology,622.0,0.288,7.56,0.0,1.0,0.111,2463.0,Real
4974,Technology,269.0,0.235,3.94,6.0,0.0,0.1,1512.0,Fake
4975,Technology,466.0,0.292,3.0,5.0,0.0,0.119,2571.0,Fake
4976,Health,,0.396,8.34,3.0,1.0,0.101,1034.0,Real
4977,Technology,535.0,-0.133,1.56,3.0,0.0,0.057,192.0,Fake
4978,Entertainment,286.0,0.077,7.21,1.0,0.0,0.008,4306.0,Real
4979,Politics,636.0,-0.426,8.6,1.0,1.0,0.0,,Real
4980,Politics,726.0,-0.38,8.51,0.0,1.0,0.107,,Real
4981,Science,253.0,-0.309,3.48,7.0,1.0,0.46,61.0,Fake
4982,Sports,501.0,0.249,2.8,5.0,1.0,0.094,201.0,Fake
4983,Sports,291.0,-0.331,,3.0,0.0,0.388,1070.0,Fake
4984,Politics,401.0,0.836,5.04,2.0,0.0,0.142,638.0,Fake
4985,Entertainment,329.0,-0.069,3.94,6.0,0.0,0.176,1115.0,Fake
4986,Economy,,0.26,7.79,1.0,1.0,0.103,1302.0,Real
4987,Technology,830.0,0.293,8.42,0.0,1.0,0.133,872.0,Real
4988,Economy,734.0,-0.344,8.15,0.0,1.0,0.124,660.0,Real
4989,Politics,353.0,0.644,6.39,3.0,0.0,0.302,462.0,Fake
4990,Technology,739.0,0.41,6.73,,1.0,0.117,114.0,Real
4991,Politics,254.0,0.641,4.09,6.0,0.0,0.117,2403.0,Fake
4992,Technology,490.0,0.422,6.02,2.0,1.0,0.039,3064.0,Real
4993,Entertainment,666.0,,,0.0,1.0,0.157,1170.0,Real
4994,Economy,582.0,-0.143,7.15,1.0,1.0,0.058,685.0,Real
4995,Politics,586.0,-0.155,8.93,0.0,1.0,,333.0,Real
4996,Technology,675.0,0.305,10.0,1.0,1.0,0.164,111.0,Real
4997,Sports,333.0,0.126,4.04,9.0,0.0,0.305,3781.0,Fake
4998,,662.0,0.828,0.0,8.0,0.0,,1255.0,Fake
4999,Science,234.0,0.651,4.97,9.0,1.0,0.252,313.0,Fake
5000,Politics,652.0,-0.265,8.04,0.0,,0.008,3965.0,Real
